Ec,Xi,Eta,k,Fval,Gval
-1,0,0.0,1.0,0.0,1.0
-1,0,0.02,1.0,0.11532,0.97134
-1,0,0.04,1.0,0.22329,0.9417
-1,0,0.06,1.0,0.32412,0.91121
-1,0,0.08,1.0,0.41803,0.88001
-1,0,0.1,1.0,0.50527,0.84823
-1,0,0.12,1.0,0.58607,0.816
-1,0,0.14,1.0,0.66067,0.78344
-1,0,0.16,1.0,0.72933,0.75067
-1,0,0.18,1.0,0.7923,0.71782
-1,0,0.2,1.0,0.84983,0.685
-1,0,0.22,1.0,0.90219,0.65233
-1,0,0.24,1.0,0.94964,0.61992
-1,0,0.26,1.0,0.99243,0.58786
-1,0,0.28,1.0,1.03081,0.55627
-1,0,0.3,1.0,1.06505,0.52523
-1,0,0.32,1.0,1.0954,0.49484
-1,0,0.34,1.0,1.12209,0.46517
-1,0,0.36,1.0,1.14538,0.4363
-1,0,0.38,1.0,1.16549,0.4083
-1,0,0.4,1.0,1.18267,0.38122
-1,0,0.42,1.0,1.19712,0.35512
-1,0,0.44,1.0,1.20907,0.33005
-1,0,0.46,1.0,1.21873,0.30603
-1,0,0.48,1.0,1.22628,0.28309
-1,0,0.5,1.0,1.23193,0.26126
-1,0,0.52,1.0,1.23584,0.24054
-1,0,0.54,1.0,1.2382,0.22093
-1,0,0.56,1.0,1.23916,0.20244
-1,0,0.58,1.0,1.23887,0.18506
-1,0,0.6,1.0,1.23748,0.16876
-1,0,0.62,1.0,1.23512,0.15353
-1,0,0.64,1.0,1.23192,0.13933
-1,0,0.66,1.0,1.22798,0.12614
-1,0,0.68,1.0,1.22341,0.11393
-1,0,0.7,1.0,1.21832,0.10265
-1,0,0.72,1.0,1.21279,0.09226
-1,0,0.74,1.0,1.20689,0.08273
-1,0,0.76,1.0,1.20072,0.074
-1,0,0.78,1.0,1.19432,0.06603
-1,0,0.8,1.0,1.18777,0.05878
-1,0,0.82,1.0,1.18111,0.0522
-1,0,0.84,1.0,1.17439,0.04624
-1,0,0.86,1.0,1.16766,0.04087
-1,0,0.88,1.0,1.16095,0.03604
-1,0,0.9,1.0,1.15429,0.0317
-1,0,0.92,1.0,1.14772,0.02781
-1,0,0.94,1.0,1.14125,0.02435
-1,0,0.96,1.0,1.1349,0.02127
-1,0,0.98,1.0,1.1287,0.01853
-1,0,1.0,1.0,1.12265,0.01611
-1,0,1.02,1.0,1.11677,0.01397
-1,0,1.04,1.0,1.11107,0.01208
-1,0,1.06,1.0,1.10554,0.01043
-1,0,1.08,1.0,1.10021,0.00898
-1,0,1.1,1.0,1.09507,0.00772
-1,0,1.12,1.0,1.09012,0.00662
-1,0,1.14,1.0,1.08536,0.00566
-1,0,1.16,1.0,1.08079,0.00483
-1,0,1.18,1.0,1.07641,0.00411
-1,0,1.2,1.0,1.07222,0.00349
-1,0,1.22,1.0,1.06822,0.00296
-1,0,1.24,1.0,1.06439,0.00251
-1,0,1.26,1.0,1.06074,0.00211
-1,0,1.28,1.0,1.05726,0.00178
-1,0,1.3,1.0,1.05395,0.0015
-1,0,1.32,1.0,1.0508,0.00126
-1,0,1.34,1.0,1.04781,0.00105
-1,0,1.36,1.0,1.04497,0.00088
-1,0,1.38,1.0,1.04227,0.00073
-1,0,1.4,1.0,1.03971,0.00061
-1,0,1.42,1.0,1.03729,0.0005
-1,0,1.44,1.0,1.035,0.00042
-1,0,1.46,1.0,1.03283,0.00035
-1,0,1.48,1.0,1.03078,0.00029
-1,0,1.5,1.0,1.02884,0.00024
-1,0,1.52,1.0,1.02701,0.00019
-1,0,1.54,1.0,1.02528,0.00016
-1,0,1.56,1.0,1.02365,0.00013
-1,0,1.58,1.0,1.02211,0.00011
-1,0,1.6,1.0,1.02066,9e-05
-1,0,1.62,1.0,1.0193,7e-05
-1,0,1.64,1.0,1.01802,6e-05
-1,0,1.66,1.0,1.01681,5e-05
-1,0,1.68,1.0,1.01568,4e-05
-1,0,1.7,1.0,1.01461,3e-05
-1,0,1.72,1.0,1.01361,3e-05
-1,0,1.74,1.0,1.01267,2e-05
-1,0,1.76,1.0,1.01179,2e-05
-1,0,1.78,1.0,1.01097,1e-05
-1,0,1.8,1.0,1.0102,1e-05
-1,0,1.82,1.0,1.00947,1e-05
-1,0,1.84,1.0,1.00879,1e-05
-1,0,1.86,1.0,1.00816,1e-05
-1,0,1.88,1.0,1.00757,0.0
-1,0,1.9,1.0,1.00702,0.0
-1,0,1.92,1.0,1.0065,0.0
-1,0,1.94,1.0,1.00602,0.0
-1,0,1.96,1.0,1.00556,0.0
-1,0,1.98,1.0,1.00514,0.0
-1,0,2.0,1.0,1.00475,0.0
-1,0,2.02,1.0,1.00439,0.0
-1,0,2.04,1.0,1.00405,0.0
-1,0,2.06,1.0,1.00373,0.0
-1,0,2.08,1.0,1.00344,0.0
-1,0,2.1,1.0,1.00317,0.0
-1,0,2.12,1.0,1.00291,0.0
-1,0,2.14,1.0,1.00268,0.0
-1,0,2.16,1.0,1.00246,0.0
-1,0,2.18,1.0,1.00225,0.0
-1,0,2.2,1.0,1.00207,0.0
-1,0,2.22,1.0,1.00189,0.0
-1,0,2.24,1.0,1.00173,0.0
-1,0,2.26,1.0,1.00158,0.0
-1,0,2.28,1.0,1.00144,0.0
-1,0,2.3,1.0,1.00131,0.0
-1,0,2.32,1.0,1.00119,0.0
-1,0,2.34,1.0,1.00109,0.0
-1,0,2.36,1.0,1.00099,0.0
-1,0,2.38,1.0,1.00089,0.0
-1,0,2.4,1.0,1.00081,0.0
-1,0,2.42,1.0,1.00073,0.0
-1,0,2.44,1.0,1.00066,0.0
-1,0,2.46,1.0,1.00059,0.0
-1,0,2.48,1.0,1.00053,0.0
-1,0,2.5,1.0,1.00047,0.0
-1,0,2.52,1.0,1.00042,0.0
-1,0,2.54,1.0,1.00037,0.0
-1,0,2.56,1.0,1.00032,0.0
-1,0,2.58,1.0,1.00028,0.0
-1,0,2.6,1.0,1.00024,0.0
-1,0,2.62,1.0,1.00021,0.0
-1,0,2.64,1.0,1.00017,0.0
-1,0,2.66,1.0,1.00015,0.0
-1,0,2.68,1.0,1.00012,0.0
-1,0,2.7,1.0,1.00009,0.0
-1,0,2.72,1.0,1.00007,0.0
-1,0,2.74,1.0,1.00005,0.0
-1,0,2.76,1.0,1.00004,0.0
-1,0,2.78,1.0,1.00002,0.0
-1,0,2.8,1.0,1.00001,0.0
-1,0,2.82,1.0,0.99999,0.0
-1,0,2.84,1.0,0.99998,0.0
-1,0,2.86,1.0,0.99997,0.0
-1,0,2.88,1.0,0.99996,0.0
-1,0,2.9,1.0,0.99995,0.0
-1,0,2.92,1.0,0.99995,0.0
-1,0,2.94,1.0,0.99994,0.0
-1,0,2.96,1.0,0.99994,0.0
-1,0,2.98,1.0,0.99993,0.0
-1,0,3.0,1.0,0.99993,0.0
-1,0,3.02,1.0,0.99993,0.0
-1,0,3.04,1.0,0.99993,0.0
-1,0,3.06,1.0,0.99993,0.0
-1,0,3.08,1.0,0.99992,0.0
-1,0,3.1,1.0,0.99992,0.0
-1,0,3.12,1.0,0.99992,0.0
-1,0,3.14,1.0,0.99992,0.0
-1,0,3.16,1.0,0.99992,0.0
-1,0,3.18,1.0,0.99992,0.0
-1,0,3.2,1.0,0.99992,0.0
-1,0,3.22,1.0,0.99992,0.0
-1,0,3.24,1.0,0.99993,0.0
-1,0,3.26,1.0,0.99993,0.0
-1,0,3.28,1.0,0.99993,0.0
-1,0,3.3,1.0,0.99993,0.0
-1,0,3.32,1.0,0.99993,0.0
-1,0,3.34,1.0,0.99994,0.0
-1,0,3.36,1.0,0.99994,0.0
-1,0,3.38,1.0,0.99994,0.0
-1,0,3.4,1.0,0.99994,0.0
-1,0,3.42,1.0,0.99995,0.0
-1,0,3.44,1.0,0.99995,0.0
-1,0,3.46,1.0,0.99995,0.0
-1,0,3.48,1.0,0.99996,0.0
-1,0,3.5,1.0,0.99996,0.0
-1,0,3.52,1.0,0.99996,0.0
-1,0,3.54,1.0,0.99997,0.0
-1,0,3.56,1.0,0.99997,0.0
-1,0,3.58,1.0,0.99997,0.0
-1,0,3.6,1.0,0.99997,0.0
-1,0,3.62,1.0,0.99998,0.0
-1,0,3.64,1.0,0.99998,0.0
-1,0,3.66,1.0,0.99998,0.0
-1,0,3.68,1.0,0.99999,0.0
-1,0,3.7,1.0,0.99999,0.0
-1,0,3.72,1.0,0.99999,0.0
-1,0,3.74,1.0,1.0,0.0
-1,0,3.76,1.0,1.0,0.0
-1,0,3.78,1.0,1.0,0.0
-1,0,3.8,1.0,1.00001,0.0
-1,0,3.82,1.0,1.00001,0.0
-1,0,3.84,1.0,1.00001,0.0
-1,0,3.86,1.0,1.00002,0.0
-1,0,3.88,1.0,1.00002,0.0
-1,0,3.9,1.0,1.00003,0.0
-1,0,3.92,1.0,1.00003,0.0
-1,0,3.94,1.0,1.00003,0.0
-1,0,3.96,1.0,1.00003,0.0
-1,0,3.98,1.0,1.00004,0.0
-1,0,4.0,1.0,1.00004,0.0
-1,0,4.02,1.0,1.00005,0.0
-1,0,4.04,1.0,1.00005,0.0
-1,0,4.06,1.0,1.00005,0.0
-1,0,4.08,1.0,1.00006,0.0
-1,0,4.1,1.0,1.00006,0.0
-1,0,4.12,1.0,1.00007,0.0
-1,0,4.14,1.0,1.00007,0.0
-1,0,4.16,1.0,1.00007,0.0
-1,0,4.18,1.0,1.00008,0.0
-1,0,4.2,1.0,1.00008,0.0
-1,0,4.22,1.0,1.00009,0.0
-1,0,4.24,1.0,1.00009,0.0
-1,0,4.26,1.0,1.00009,0.0
-1,0,4.28,1.0,1.00009,0.0
-1,0,4.3,1.0,1.00009,0.0
-1,0,4.32,1.0,1.00009,0.0
-1,0,4.34,1.0,1.00009,0.0
-1,0,4.36,1.0,1.00009,0.0
-1,0,4.38001,1.0,1.00009,0.0
-1,0,4.40001,1.0,1.00009,0.0
-1,0,4.42001,1.0,1.00009,0.0
-1,0,4.44001,1.0,1.00009,0.0
-1,0,4.46001,1.0,1.00008,0.0
-1,0,4.48001,1.0,1.00008,0.0
-1,0,4.50001,1.0,1.00008,0.0
-1,0,4.52001,1.0,1.00008,0.0
-1,0,4.54001,1.0,1.00007,0.0
-1,0,4.56001,1.0,1.00007,0.0
-1,0,4.58001,1.0,1.00007,0.0
-1,0,4.60001,1.0,1.00007,0.0
-1,0,4.62001,1.0,1.00006,0.0
-1,0,4.64001,1.0,1.00006,0.0
-1,0,4.66001,1.0,1.00006,0.0
-1,0,4.68001,1.0,1.00005,0.0
-1,0,4.70001,1.0,1.00005,0.0
-1,0,4.72001,1.0,1.00005,0.0
-1,0,4.74001,1.0,1.00004,0.0
-1,0,4.76001,1.0,1.00004,0.0
-1,0,4.78001,1.0,1.00004,0.0
-1,0,4.80001,1.0,1.00003,0.0
-1,0,4.82002,1.0,1.00003,0.0
-1,0,4.84002,1.0,1.00003,0.0
-1,0,4.86002,1.0,1.00002,0.0
-1,0,4.88002,1.0,1.00002,0.0
-1,0,4.90002,1.0,1.00002,0.0
-1,0,4.92002,1.0,1.00001,0.0
-1,0,4.94002,1.0,1.00001,0.0
-1,0,4.96002,1.0,1.00001,0.0
-1,0,4.98002,1.0,1.0,0.0
-1,0,5.00002,1.0,1.0,0.0
-1,3,0.0,2.0,0.0,1.0
-1,3,0.02,2.0,0.12402,0.99591
-1,3,0.04,2.0,0.2405,0.98611
-1,3,0.06,2.0,0.34953,0.97127
-1,3,0.08,2.0,0.45123,0.95206
-1,3,0.1,2.0,0.54573,0.9291
-1,3,0.12,2.0,0.63322,0.90294
-1,3,0.14,2.0,0.7139,0.87412
-1,3,0.16,2.0,0.788,0.84313
-1,3,0.18,2.0,0.85577,0.81042
-1,3,0.2,2.0,0.91745,0.7764
-1,3,0.22,2.0,0.97333,0.74145
-1,3,0.24,2.0,1.02368,0.70592
-1,3,0.26,2.0,1.06879,0.67011
-1,3,0.28,2.0,1.10895,0.63429
-1,3,0.3,2.0,1.14444,0.59872
-1,3,0.32,2.0,1.17556,0.56361
-1,3,0.34,2.0,1.2026,0.52916
-1,3,0.36,2.0,1.22582,0.49552
-1,3,0.38,2.0,1.24552,0.46283
-1,3,0.4,2.0,1.26195,0.43121
-1,3,0.42,2.0,1.27538,0.40076
-1,3,0.44,2.0,1.28605,0.37154
-1,3,0.46,2.0,1.29422,0.34363
-1,3,0.48,2.0,1.3001,0.31705
-1,3,0.5,2.0,1.30392,0.29183
-1,3,0.52,2.0,1.30588,0.26799
-1,3,0.54,2.0,1.30619,0.24552
-1,3,0.56,2.0,1.30501,0.22442
-1,3,0.58,2.0,1.30254,0.20466
-1,3,0.6,2.0,1.29892,0.18621
-1,3,0.62,2.0,1.29431,0.16904
-1,3,0.64,2.0,1.28884,0.15311
-1,3,0.66,2.0,1.28264,0.13838
-1,3,0.68,2.0,1.27584,0.12478
-1,3,0.7,2.0,1.26852,0.11227
-1,3,0.72,2.0,1.26081,0.10079
-1,3,0.74,2.0,1.25277,0.09029
-1,3,0.76,2.0,1.2445,0.08071
-1,3,0.78,2.0,1.23605,0.07199
-1,3,0.8,2.0,1.22751,0.06407
-1,3,0.82,2.0,1.21891,0.05691
-1,3,0.84,2.0,1.21032,0.05044
-1,3,0.86,2.0,1.20178,0.04461
-1,3,0.88,2.0,1.19331,0.03937
-1,3,0.9,2.0,1.18497,0.03468
-1,3,0.92,2.0,1.17677,0.03049
-1,3,0.94,2.0,1.16874,0.02675
-1,3,0.96,2.0,1.1609,0.02342
-1,3,0.98,2.0,1.15326,0.02047
-1,3,1.0,2.0,1.14584,0.01785
-1,3,1.02,2.0,1.13865,0.01554
-1,3,1.04,2.0,1.1317,0.01351
-1,3,1.06,2.0,1.12498,0.01172
-1,3,1.08,2.0,1.11851,0.01015
-1,3,1.1,2.0,1.11228,0.00877
-1,3,1.12,2.0,1.10629,0.00757
-1,3,1.14,2.0,1.10056,0.00652
-1,3,1.16,2.0,1.09506,0.00561
-1,3,1.18,2.0,1.0898,0.00482
-1,3,1.2,2.0,1.08477,0.00413
-1,3,1.22,2.0,1.07997,0.00354
-1,3,1.24,2.0,1.0754,0.00302
-1,3,1.26,2.0,1.07104,0.00258
-1,3,1.28,2.0,1.06689,0.0022
-1,3,1.3,2.0,1.06295,0.00187
-1,3,1.32,2.0,1.0592,0.00159
-1,3,1.34,2.0,1.05565,0.00135
-1,3,1.36,2.0,1.05228,0.00115
-1,3,1.38,2.0,1.04908,0.00097
-1,3,1.4,2.0,1.04605,0.00082
-1,3,1.42,2.0,1.04319,0.0007
-1,3,1.44,2.0,1.04048,0.00059
-1,3,1.46,2.0,1.03793,0.0005
-1,3,1.48,2.0,1.03551,0.00042
-1,3,1.5,2.0,1.03323,0.00036
-1,3,1.52,2.0,1.03108,0.0003
-1,3,1.54,2.0,1.02906,0.00025
-1,3,1.56,2.0,1.02715,0.00021
-1,3,1.58,2.0,1.02535,0.00018
-1,3,1.6,2.0,1.02366,0.00015
-1,3,1.62,2.0,1.02207,0.00013
-1,3,1.64,2.0,1.02058,0.00011
-1,3,1.66,2.0,1.01918,9e-05
-1,3,1.68,2.0,1.01786,8e-05
-1,3,1.7,2.0,1.01663,6e-05
-1,3,1.72,2.0,1.01547,5e-05
-1,3,1.74,2.0,1.01439,4e-05
-1,3,1.76,2.0,1.01337,4e-05
-1,3,1.78,2.0,1.01242,3e-05
-1,3,1.8,2.0,1.01153,3e-05
-1,3,1.82,2.0,1.0107,2e-05
-1,3,1.84,2.0,1.00992,2e-05
-1,3,1.86,2.0,1.00919,2e-05
-1,3,1.88,2.0,1.00851,1e-05
-1,3,1.9,2.0,1.00788,1e-05
-1,3,1.92,2.0,1.00729,1e-05
-1,3,1.94,2.0,1.00674,1e-05
-1,3,1.96,2.0,1.00623,1e-05
-1,3,1.98,2.0,1.00575,1e-05
-1,3,2.0,2.0,1.00531,0.0
-1,3,2.02,2.0,1.00489,0.0
-1,3,2.04,2.0,1.00451,0.0
-1,3,2.06,2.0,1.00415,0.0
-1,3,2.08,2.0,1.00382,0.0
-1,3,2.1,2.0,1.00351,0.0
-1,3,2.12,2.0,1.00322,0.0
-1,3,2.14,2.0,1.00296,0.0
-1,3,2.16,2.0,1.00271,0.0
-1,3,2.18,2.0,1.00248,0.0
-1,3,2.2,2.0,1.00227,0.0
-1,3,2.22,2.0,1.00208,0.0
-1,3,2.24,2.0,1.0019,0.0
-1,3,2.26,2.0,1.00173,0.0
-1,3,2.28,2.0,1.00158,0.0
-1,3,2.3,2.0,1.00143,0.0
-1,3,2.32,2.0,1.0013,0.0
-1,3,2.34,2.0,1.00118,0.0
-1,3,2.36,2.0,1.00107,0.0
-1,3,2.38,2.0,1.00097,0.0
-1,3,2.4,2.0,1.00087,0.0
-1,3,2.42,2.0,1.00078,0.0
-1,3,2.44,2.0,1.0007,0.0
-1,3,2.46,2.0,1.00063,0.0
-1,3,2.48,2.0,1.00056,0.0
-1,3,2.5,2.0,1.00049,0.0
-1,3,2.52,2.0,1.00043,0.0
-1,3,2.54,2.0,1.00038,0.0
-1,3,2.56,2.0,1.00033,0.0
-1,3,2.58,2.0,1.00028,0.0
-1,3,2.6,2.0,1.00024,0.0
-1,3,2.62,2.0,1.0002,0.0
-1,3,2.64,2.0,1.00017,0.0
-1,3,2.66,2.0,1.00014,0.0
-1,3,2.68,2.0,1.00011,0.0
-1,3,2.7,2.0,1.00009,0.0
-1,3,2.72,2.0,1.00006,0.0
-1,3,2.74,2.0,1.00004,0.0
-1,3,2.76,2.0,1.00002,0.0
-1,3,2.78,2.0,1.00001,0.0
-1,3,2.8,2.0,0.99999,0.0
-1,3,2.82,2.0,0.99998,0.0
-1,3,2.84,2.0,0.99996,0.0
-1,3,2.86,2.0,0.99995,0.0
-1,3,2.88,2.0,0.99994,0.0
-1,3,2.9,2.0,0.99993,0.0
-1,3,2.92,2.0,0.99993,0.0
-1,3,2.94,2.0,0.99992,0.0
-1,3,2.96,2.0,0.99991,0.0
-1,3,2.98,2.0,0.99991,0.0
-1,3,3.0,2.0,0.9999,0.0
-1,3,3.02,2.0,0.9999,0.0
-1,3,3.04,2.0,0.99989,0.0
-1,3,3.06,2.0,0.99989,0.0
-1,3,3.08,2.0,0.99989,0.0
-1,3,3.1,2.0,0.99989,0.0
-1,3,3.12,2.0,0.99989,0.0
-1,3,3.14,2.0,0.99989,0.0
-1,3,3.16,2.0,0.99989,0.0
-1,3,3.18,2.0,0.99989,0.0
-1,3,3.2,2.0,0.99989,0.0
-1,3,3.22,2.0,0.99989,0.0
-1,3,3.24,2.0,0.99989,0.0
-1,3,3.26,2.0,0.99989,0.0
-1,3,3.28,2.0,0.9999,0.0
-1,3,3.3,2.0,0.9999,0.0
-1,3,3.32,2.0,0.9999,0.0
-1,3,3.34,2.0,0.9999,0.0
-1,3,3.36,2.0,0.9999,0.0
-1,3,3.38,2.0,0.99991,0.0
-1,3,3.4,2.0,0.99991,0.0
-1,3,3.42,2.0,0.99991,0.0
-1,3,3.44,2.0,0.99991,0.0
-1,3,3.46,2.0,0.99992,0.0
-1,3,3.48,2.0,0.99992,0.0
-1,3,3.5,2.0,0.99992,0.0
-1,3,3.52,2.0,0.99993,0.0
-1,3,3.54,2.0,0.99993,0.0
-1,3,3.56,2.0,0.99993,0.0
-1,3,3.58,2.0,0.99993,0.0
-1,3,3.6,2.0,0.99994,0.0
-1,3,3.62,2.0,0.99994,0.0
-1,3,3.64,2.0,0.99994,0.0
-1,3,3.66,2.0,0.99995,0.0
-1,3,3.68,2.0,0.99995,0.0
-1,3,3.7,2.0,0.99995,0.0
-1,3,3.72,2.0,0.99995,0.0
-1,3,3.74,2.0,0.99996,0.0
-1,3,3.76,2.0,0.99996,0.0
-1,3,3.78,2.0,0.99996,0.0
-1,3,3.8,2.0,0.99997,0.0
-1,3,3.82,2.0,0.99997,0.0
-1,3,3.84,2.0,0.99997,0.0
-1,3,3.86,2.0,0.99997,0.0
-1,3,3.88,2.0,0.99998,0.0
-1,3,3.9,2.0,0.99998,0.0
-1,3,3.92,2.0,0.99998,0.0
-1,3,3.94,2.0,0.99999,0.0
-1,3,3.96,2.0,0.99999,0.0
-1,3,3.98,2.0,0.99999,0.0
-1,3,4.0,2.0,1.0,0.0
-1,3,4.02,2.0,1.0,0.0
-1,3,4.04,2.0,1.0,0.0
-1,3,4.06,2.0,1.00001,0.0
-1,3,4.08,2.0,1.00001,0.0
-1,3,4.1,2.0,1.00001,0.0
-1,3,4.12,2.0,1.00002,0.0
-1,3,4.14,2.0,1.00002,0.0
-1,3,4.16,2.0,1.00002,0.0
-1,3,4.18,2.0,1.00003,0.0
-1,3,4.2,2.0,1.00003,0.0
-1,3,4.22,2.0,1.00003,0.0
-1,3,4.24,2.0,1.00004,0.0
-1,3,4.26,2.0,1.00004,0.0
-1,3,4.28,2.0,1.00004,0.0
-1,3,4.3,2.0,1.00005,0.0
-1,3,4.32,2.0,1.00005,0.0
-1,3,4.34,2.0,1.00005,0.0
-1,3,4.36,2.0,1.00006,0.0
-1,3,4.38001,2.0,1.00006,0.0
-1,3,4.40001,2.0,1.00006,0.0
-1,3,4.42001,2.0,1.00006,0.0
-1,3,4.44001,2.0,1.00006,0.0
-1,3,4.46001,2.0,1.00006,0.0
-1,3,4.48001,2.0,1.00006,0.0
-1,3,4.50001,2.0,1.00005,0.0
-1,3,4.52001,2.0,1.00005,0.0
-1,3,4.54001,2.0,1.00005,0.0
-1,3,4.56001,2.0,1.00005,0.0
-1,3,4.58001,2.0,1.00005,0.0
-1,3,4.60001,2.0,1.00005,0.0
-1,3,4.62001,2.0,1.00004,0.0
-1,3,4.64001,2.0,1.00004,0.0
-1,3,4.66001,2.0,1.00004,0.0
-1,3,4.68001,2.0,1.00004,0.0
-1,3,4.70001,2.0,1.00004,0.0
-1,3,4.72001,2.0,1.00003,0.0
-1,3,4.74001,2.0,1.00003,0.0
-1,3,4.76001,2.0,1.00003,0.0
-1,3,4.78001,2.0,1.00003,0.0
-1,3,4.80001,2.0,1.00003,0.0
-1,3,4.82002,2.0,1.00002,0.0
-1,3,4.84002,2.0,1.00002,0.0
-1,3,4.86002,2.0,1.00002,0.0
-1,3,4.88002,2.0,1.00002,0.0
-1,3,4.90002,2.0,1.00001,0.0
-1,3,4.92002,2.0,1.00001,0.0
-1,3,4.94002,2.0,1.00001,0.0
-1,3,4.96002,2.0,1.00001,0.0
-1,3,4.98002,2.0,1.0,0.0
-1,3,5.00002,2.0,1.0,0.0
5,0,0.0,3.0,0.0,1.0
5,0,0.02,3.0,0.13538,1.02977
5,0,0.04,3.0,0.26299,1.04721
5,0,0.06,3.0,0.38271,1.05374
5,0,0.08,3.0,0.49451,1.05072
5,0,0.1,3.0,0.59841,1.03943
5,0,0.12,3.0,0.69452,1.02107
5,0,0.14,3.0,0.78299,0.99676
5,0,0.16,3.0,0.86402,0.96753
5,0,0.18,3.0,0.93784,0.93431
5,0,0.2,3.0,1.00472,0.89797
5,0,0.22,3.0,1.06495,0.85927
5,0,0.24,3.0,1.11886,0.8189
5,0,0.26,3.0,1.16676,0.77747
5,0,0.28,3.0,1.20899,0.73551
5,0,0.3,3.0,1.24589,0.69348
5,0,0.32,3.0,1.27781,0.65177
5,0,0.34,3.0,1.30509,0.61072
5,0,0.36,3.0,1.32806,0.5706
5,0,0.38,3.0,1.34705,0.53165
5,0,0.4,3.0,1.36238,0.49405
5,0,0.42,3.0,1.37437,0.45794
5,0,0.44,3.0,1.3833,0.42342
5,0,0.46,3.0,1.38946,0.39057
5,0,0.48,3.0,1.39313,0.35943
5,0,0.5,3.0,1.39455,0.33004
5,0,0.52,3.0,1.39398,0.30238
5,0,0.54,3.0,1.39162,0.27645
5,0,0.56,3.0,1.38771,0.25221
5,0,0.58,3.0,1.38243,0.22963
5,0,0.6,3.0,1.37597,0.20864
5,0,0.62,3.0,1.3685,0.1892
5,0,0.64,3.0,1.36017,0.17124
5,0,0.66,3.0,1.35112,0.15469
5,0,0.68,3.0,1.34148,0.13947
5,0,0.7,3.0,1.33138,0.12552
5,0,0.72,3.0,1.32091,0.11276
5,0,0.74,3.0,1.31018,0.10111
5,0,0.76,3.0,1.29927,0.0905
5,0,0.78,3.0,1.28825,0.08087
5,0,0.8,3.0,1.2772,0.07213
5,0,0.82,3.0,1.26617,0.06423
5,0,0.84,3.0,1.25523,0.0571
5,0,0.86,3.0,1.2444,0.05068
5,0,0.88,3.0,1.23374,0.0449
5,0,0.9,3.0,1.22327,0.03972
5,0,0.92,3.0,1.21303,0.03509
5,0,0.94,3.0,1.20303,0.03094
5,0,0.96,3.0,1.19331,0.02724
5,0,0.98,3.0,1.18386,0.02395
5,0,1.0,3.0,1.17471,0.02103
5,0,1.02,3.0,1.16586,0.01844
5,0,1.04,3.0,1.15732,0.01614
5,0,1.06,3.0,1.1491,0.01411
5,0,1.08,3.0,1.14119,0.01232
5,0,1.1,3.0,1.13359,0.01074
5,0,1.12,3.0,1.1263,0.00936
5,0,1.14,3.0,1.11933,0.00814
5,0,1.16,3.0,1.11266,0.00707
5,0,1.18,3.0,1.10628,0.00613
5,0,1.2,3.0,1.1002,0.00532
5,0,1.22,3.0,1.09441,0.0046
5,0,1.24,3.0,1.08889,0.00398
5,0,1.26,3.0,1.08364,0.00344
5,0,1.28,3.0,1.07866,0.00297
5,0,1.3,3.0,1.07392,0.00256
5,0,1.32,3.0,1.06943,0.00221
5,0,1.34,3.0,1.06518,0.0019
5,0,1.36,3.0,1.06115,0.00163
5,0,1.38,3.0,1.05733,0.0014
5,0,1.4,3.0,1.05373,0.00121
5,0,1.42,3.0,1.05032,0.00103
5,0,1.44,3.0,1.0471,0.00089
5,0,1.46,3.0,1.04407,0.00076
5,0,1.48,3.0,1.04121,0.00065
5,0,1.5,3.0,1.03852,0.00056
5,0,1.52,3.0,1.03598,0.00048
5,0,1.54,3.0,1.03359,0.00041
5,0,1.56,3.0,1.03135,0.00035
5,0,1.58,3.0,1.02924,0.0003
5,0,1.6,3.0,1.02726,0.00025
5,0,1.62,3.0,1.0254,0.00022
5,0,1.64,3.0,1.02366,0.00018
5,0,1.66,3.0,1.02202,0.00016
5,0,1.68,3.0,1.02049,0.00013
5,0,1.7,3.0,1.01906,0.00011
5,0,1.72,3.0,1.01771,0.0001
5,0,1.74,3.0,1.01646,8e-05
5,0,1.76,3.0,1.01529,7e-05
5,0,1.78,3.0,1.01419,6e-05
5,0,1.8,3.0,1.01316,5e-05
5,0,1.82,3.0,1.01221,4e-05
5,0,1.84,3.0,1.01132,4e-05
5,0,1.86,3.0,1.01049,3e-05
5,0,1.88,3.0,1.00972,3e-05
5,0,1.9,3.0,1.009,2e-05
5,0,1.92,3.0,1.00833,2e-05
5,0,1.94,3.0,1.0077,2e-05
5,0,1.96,3.0,1.00712,1e-05
5,0,1.98,3.0,1.00659,1e-05
5,0,2.0,3.0,1.00609,1e-05
5,0,2.02,3.0,1.00562,1e-05
5,0,2.04,3.0,1.0052,1e-05
5,0,2.06,3.0,1.0048,1e-05
5,0,2.08,3.0,1.00443,0.0
5,0,2.1,3.0,1.00409,0.0
5,0,2.12,3.0,1.00377,0.0
5,0,2.14,3.0,1.00348,0.0
5,0,2.16,3.0,1.00321,0.0
5,0,2.18,3.0,1.00296,0.0
5,0,2.2,3.0,1.00273,0.0
5,0,2.22,3.0,1.00252,0.0
5,0,2.24,3.0,1.00232,0.0
5,0,2.26,3.0,1.00214,0.0
5,0,2.28,3.0,1.00198,0.0
5,0,2.3,3.0,1.00182,0.0
5,0,2.32,3.0,1.00168,0.0
5,0,2.34,3.0,1.00155,0.0
5,0,2.36,3.0,1.00144,0.0
5,0,2.38,3.0,1.00133,0.0
5,0,2.4,3.0,1.00123,0.0
5,0,2.42,3.0,1.00114,0.0
5,0,2.44,3.0,1.00105,0.0
5,0,2.46,3.0,1.00098,0.0
5,0,2.48,3.0,1.00091,0.0
5,0,2.5,3.0,1.00084,0.0
5,0,2.52,3.0,1.00078,0.0
5,0,2.54,3.0,1.00073,0.0
5,0,2.56,3.0,1.00068,0.0
5,0,2.58,3.0,1.00064,0.0
5,0,2.6,3.0,1.0006,0.0
5,0,2.62,3.0,1.00057,0.0
5,0,2.64,3.0,1.00053,0.0
5,0,2.66,3.0,1.00051,0.0
5,0,2.68,3.0,1.00048,0.0
5,0,2.7,3.0,1.00046,0.0
5,0,2.72,3.0,1.00044,0.0
5,0,2.74,3.0,1.00042,0.0
5,0,2.76,3.0,1.0004,0.0
5,0,2.78,3.0,1.00038,0.0
5,0,2.8,3.0,1.00037,0.0
5,0,2.82,3.0,1.00035,0.0
5,0,2.84,3.0,1.00034,0.0
5,0,2.86,3.0,1.00033,0.0
5,0,2.88,3.0,1.00032,0.0
5,0,2.9,3.0,1.00031,0.0
5,0,2.92,3.0,1.0003,0.0
5,0,2.94,3.0,1.00029,0.0
5,0,2.96,3.0,1.00028,0.0
5,0,2.98,3.0,1.00027,0.0
5,0,3.0,3.0,1.00026,0.0
5,0,3.02,3.0,1.00026,0.0
5,0,3.04,3.0,1.00025,0.0
5,0,3.06,3.0,1.00025,0.0
5,0,3.08,3.0,1.00024,0.0
5,0,3.1,3.0,1.00024,0.0
5,0,3.12,3.0,1.00024,0.0
5,0,3.14,3.0,1.00023,0.0
5,0,3.16,3.0,1.00023,0.0
5,0,3.18,3.0,1.00023,0.0
5,0,3.2,3.0,1.00022,0.0
5,0,3.22,3.0,1.00022,0.0
5,0,3.24,3.0,1.00022,0.0
5,0,3.26,3.0,1.00021,0.0
5,0,3.28,3.0,1.00021,0.0
5,0,3.3,3.0,1.00021,0.0
5,0,3.32,3.0,1.00021,0.0
5,0,3.34,3.0,1.0002,0.0
5,0,3.36,3.0,1.0002,0.0
5,0,3.38,3.0,1.0002,0.0
5,0,3.4,3.0,1.0002,0.0
5,0,3.42,3.0,1.0002,0.0
5,0,3.44,3.0,1.0002,0.0
5,0,3.46,3.0,1.0002,0.0
5,0,3.48,3.0,1.0002,0.0
5,0,3.5,3.0,1.00019,0.0
5,0,3.52,3.0,1.00019,0.0
5,0,3.54,3.0,1.00019,0.0
5,0,3.56,3.0,1.00019,0.0
5,0,3.58,3.0,1.00019,0.0
5,0,3.6,3.0,1.00019,0.0
5,0,3.62,3.0,1.00019,0.0
5,0,3.64,3.0,1.00018,0.0
5,0,3.66,3.0,1.00018,0.0
5,0,3.68,3.0,1.00018,0.0
5,0,3.7,3.0,1.00018,0.0
5,0,3.72,3.0,1.00018,0.0
5,0,3.74,3.0,1.00017,0.0
5,0,3.76,3.0,1.00017,0.0
5,0,3.78,3.0,1.00017,0.0
5,0,3.8,3.0,1.00017,0.0
5,0,3.82,3.0,1.00017,0.0
5,0,3.84,3.0,1.00016,0.0
5,0,3.86,3.0,1.00016,0.0
5,0,3.88,3.0,1.00016,0.0
5,0,3.9,3.0,1.00016,0.0
5,0,3.92,3.0,1.00016,0.0
5,0,3.94,3.0,1.00016,0.0
5,0,3.96,3.0,1.00015,0.0
5,0,3.98,3.0,1.00015,0.0
5,0,4.0,3.0,1.00015,0.0
5,0,4.02,3.0,1.00014,0.0
5,0,4.04,3.0,1.00014,0.0
5,0,4.06,3.0,1.00014,0.0
5,0,4.08,3.0,1.00013,0.0
5,0,4.1,3.0,1.00013,0.0
5,0,4.12,3.0,1.00013,0.0
5,0,4.14,3.0,1.00013,0.0
5,0,4.16,3.0,1.00012,0.0
5,0,4.18,3.0,1.00012,0.0
5,0,4.2,3.0,1.00012,0.0
5,0,4.22,3.0,1.00011,0.0
5,0,4.24,3.0,1.00011,0.0
5,0,4.26,3.0,1.0001,0.0
5,0,4.28,3.0,1.0001,0.0
5,0,4.3,3.0,1.0001,0.0
5,0,4.32,3.0,1.00009,0.0
5,0,4.34,3.0,1.00009,0.0
5,0,4.36,3.0,1.00009,0.0
5,0,4.38001,3.0,1.00008,0.0
5,0,4.40001,3.0,1.00008,0.0
5,0,4.42001,3.0,1.00008,0.0
5,0,4.44001,3.0,1.00007,0.0
5,0,4.46001,3.0,1.00007,0.0
5,0,4.48001,3.0,1.00007,0.0
5,0,4.50001,3.0,1.00007,0.0
5,0,4.52001,3.0,1.00006,0.0
5,0,4.54001,3.0,1.00006,0.0
5,0,4.56001,3.0,1.00006,0.0
5,0,4.58001,3.0,1.00006,0.0
5,0,4.60001,3.0,1.00005,0.0
5,0,4.62001,3.0,1.00005,0.0
5,0,4.64001,3.0,1.00005,0.0
5,0,4.66001,3.0,1.00004,0.0
5,0,4.68001,3.0,1.00004,0.0
5,0,4.70001,3.0,1.00004,0.0
5,0,4.72001,3.0,1.00004,0.0
5,0,4.74001,3.0,1.00003,0.0
5,0,4.76001,3.0,1.00003,0.0
5,0,4.78001,3.0,1.00003,0.0
5,0,4.80001,3.0,1.00003,0.0
5,0,4.82002,3.0,1.00002,0.0
5,0,4.84002,3.0,1.00002,0.0
5,0,4.86002,3.0,1.00002,0.0
5,0,4.88002,3.0,1.00002,0.0
5,0,4.90002,3.0,1.00001,0.0
5,0,4.92002,3.0,1.00001,0.0
5,0,4.94002,3.0,1.00001,0.0
5,0,4.96002,3.0,1.00001,0.0
5,0,4.98002,3.0,1.0,0.0
5,0,5.00002,3.0,1.0,0.0
5,3,0.0,4.0,-0.09589,1.0
5,3,0.02,4.0,0.11439,0.97138
5,3,0.04,4.0,0.22142,0.94197
5,3,0.06,4.0,0.32131,0.91173
5,3,0.08,4.0,0.41429,0.88079
5,3,0.1,4.0,0.50058,0.84928
5,3,0.12,4.0,0.58043,0.81731
5,3,0.14,4.0,0.65407,0.78501
5,3,0.16,4.0,0.72177,0.75249
5,3,0.18,4.0,0.78376,0.71988
5,3,0.2,4.0,0.84032,0.68728
5,3,0.22,4.0,0.89169,0.65481
5,3,0.24,4.0,0.93813,0.62257
5,3,0.26,4.0,0.97992,0.59066
5,3,0.28,4.0,1.0173,0.55917
5,3,0.3,4.0,1.05052,0.52821
5,3,0.32,4.0,1.07986,0.49786
5,3,0.34,4.0,1.10555,0.4682
5,3,0.36,4.0,1.12784,0.43931
5,3,0.38,4.0,1.14696,0.41125
5,3,0.4,4.0,1.16317,0.38408
5,3,0.42,4.0,1.17667,0.35787
5,3,0.44,4.0,1.18769,0.33266
5,3,0.46,4.0,1.19644,0.30848
5,3,0.48,4.0,1.20312,0.28537
5,3,0.5,4.0,1.20793,0.26335
5,3,0.52,4.0,1.21105,0.24244
5,3,0.54,4.0,1.21265,0.22263
5,3,0.56,4.0,1.2129,0.20394
5,3,0.58,4.0,1.21196,0.18635
5,3,0.6,4.0,1.20997,0.16986
5,3,0.62,4.0,1.20706,0.15444
5,3,0.64,4.0,1.20336,0.14006
5,3,0.66,4.0,1.19898,0.12671
5,3,0.68,4.0,1.19404,0.11434
5,3,0.7,4.0,1.18864,0.10292
5,3,0.72,4.0,1.18285,0.09241
5,3,0.74,4.0,1.17677,0.08276
5,3,0.76,4.0,1.17046,0.07394
5,3,0.78,4.0,1.164,0.06589
5,3,0.8,4.0,1.15743,0.05857
5,3,0.82,4.0,1.15082,0.05193
5,3,0.84,4.0,1.14421,0.04593
5,3,0.86,4.0,1.13764,0.04052
5,3,0.88,4.0,1.13113,0.03566
5,3,0.9,4.0,1.12474,0.03131
5,3,0.92,4.0,1.11847,0.02742
5,3,0.94,4.0,1.11235,0.02396
5,3,0.96,4.0,1.10639,0.02088
5,3,0.98,4.0,1.10062,0.01815
5,3,1.0,4.0,1.09504,0.01574
5,3,1.02,4.0,1.08966,0.01362
5,3,1.04,4.0,1.08448,0.01175
5,3,1.06,4.0,1.07952,0.01012
5,3,1.08,4.0,1.07476,0.00869
5,3,1.1,4.0,1.07022,0.00745
5,3,1.12,4.0,1.06588,0.00637
5,3,1.14,4.0,1.06176,0.00543
5,3,1.16,4.0,1.05783,0.00462
5,3,1.18,4.0,1.05411,0.00392
5,3,1.2,4.0,1.05059,0.00332
5,3,1.22,4.0,1.04725,0.00281
5,3,1.24,4.0,1.04409,0.00237
5,3,1.26,4.0,1.04112,0.00199
5,3,1.28,4.0,1.03831,0.00167
5,3,1.3,4.0,1.03567,0.0014
5,3,1.32,4.0,1.03318,0.00117
5,3,1.34,4.0,1.03085,0.00097
5,3,1.36,4.0,1.02865,0.00081
5,3,1.38,4.0,1.0266,0.00067
5,3,1.4,4.0,1.02467,0.00056
5,3,1.42,4.0,1.02287,0.00046
5,3,1.44,4.0,1.02119,0.00038
5,3,1.46,4.0,1.01961,0.00031
5,3,1.48,4.0,1.01814,0.00026
5,3,1.5,4.0,1.01677,0.00021
5,3,1.52,4.0,1.0155,0.00017
5,3,1.54,4.0,1.01431,0.00014
5,3,1.56,4.0,1.0132,0.00011
5,3,1.58,4.0,1.01217,9e-05
5,3,1.6,4.0,1.01122,7e-05
5,3,1.62,4.0,1.01033,6e-05
5,3,1.64,4.0,1.00951,5e-05
5,3,1.66,4.0,1.00874,4e-05
5,3,1.68,4.0,1.00804,3e-05
5,3,1.7,4.0,1.00738,3e-05
5,3,1.72,4.0,1.00678,2e-05
5,3,1.74,4.0,1.00622,2e-05
5,3,1.76,4.0,1.0057,1e-05
5,3,1.78,4.0,1.00522,1e-05
5,3,1.8,4.0,1.00478,1e-05
5,3,1.82,4.0,1.00438,1e-05
5,3,1.84,4.0,1.004,1e-05
5,3,1.86,4.0,1.00366,0.0
5,3,1.88,4.0,1.00334,0.0
5,3,1.9,4.0,1.00305,0.0
5,3,1.92,4.0,1.00278,0.0
5,3,1.94,4.0,1.00253,0.0
5,3,1.96,4.0,1.0023,0.0
5,3,1.98,4.0,1.0021,0.0
5,3,2.0,4.0,1.00191,0.0
5,3,2.02,4.0,1.00173,0.0
5,3,2.04,4.0,1.00157,0.0
5,3,2.06,4.0,1.00143,0.0
5,3,2.08,4.0,1.0013,0.0
5,3,2.1,4.0,1.00118,0.0
5,3,2.12,4.0,1.00107,0.0
5,3,2.14,4.0,1.00097,0.0
5,3,2.16,4.0,1.00088,0.0
5,3,2.18,4.0,1.00079,0.0
5,3,2.2,4.0,1.00072,0.0
5,3,2.22,4.0,1.00065,0.0
5,3,2.24,4.0,1.00059,0.0
5,3,2.26,4.0,1.00053,0.0
5,3,2.28,4.0,1.00048,0.0
5,3,2.3,4.0,1.00043,0.0
5,3,2.32,4.0,1.00038,0.0
5,3,2.34,4.0,1.00035,0.0
5,3,2.36,4.0,1.00031,0.0
5,3,2.38,4.0,1.00028,0.0
5,3,2.4,4.0,1.00025,0.0
5,3,2.42,4.0,1.00022,0.0
5,3,2.44,4.0,1.0002,0.0
5,3,2.46,4.0,1.00018,0.0
5,3,2.48,4.0,1.00016,0.0
5,3,2.5,4.0,1.00014,0.0
5,3,2.52,4.0,1.00012,0.0
5,3,2.54,4.0,1.00011,0.0
5,3,2.56,4.0,1.00009,0.0
5,3,2.58,4.0,1.00008,0.0
5,3,2.6,4.0,1.00007,0.0
5,3,2.62,4.0,1.00006,0.0
5,3,2.64,4.0,1.00006,0.0
5,3,2.66,4.0,1.00005,0.0
5,3,2.68,4.0,1.00004,0.0
5,3,2.7,4.0,1.00004,0.0
5,3,2.72,4.0,1.00003,0.0
5,3,2.74,4.0,1.00003,0.0
5,3,2.76,4.0,1.00002,0.0
5,3,2.78,4.0,1.00002,0.0
5,3,2.8,4.0,1.00002,0.0
5,3,2.82,4.0,1.00001,0.0
5,3,2.84,4.0,1.00001,0.0
5,3,2.86,4.0,1.00001,0.0
5,3,2.88,4.0,1.00001,0.0
5,3,2.9,4.0,1.00001,0.0
5,3,2.92,4.0,1.00001,0.0
5,3,2.94,4.0,1.0,0.0
5,3,2.96,4.0,1.0,0.0
5,3,2.98,4.0,1.0,0.0
5,3,3.0,4.0,1.0,0.0
5,3,3.02,4.0,1.0,0.0
5,3,3.04,4.0,1.0,0.0
5,3,3.06,4.0,1.0,0.0
5,3,3.08,4.0,1.0,0.0
5,3,3.1,4.0,0.99999,0.0
5,3,3.12,4.0,0.99999,0.0
5,3,3.14,4.0,0.99999,0.0
5,3,3.16,4.0,0.99999,0.0
5,3,3.18,4.0,0.99999,0.0
5,3,3.2,4.0,0.99999,0.0
5,3,3.22,4.0,0.99999,0.0
5,3,3.24,4.0,0.99999,0.0
5,3,3.26,4.0,0.99999,0.0
5,3,3.28,4.0,0.99999,0.0
5,3,3.3,4.0,0.99999,0.0
5,3,3.32,4.0,0.99999,0.0
5,3,3.34,4.0,0.99999,0.0
5,3,3.36,4.0,0.99999,0.0
5,3,3.38,4.0,0.99999,0.0
5,3,3.4,4.0,0.99999,0.0
5,3,3.42,4.0,0.99999,0.0
5,3,3.44,4.0,0.99999,0.0
5,3,3.46,4.0,0.99999,0.0
5,3,3.48,4.0,0.99999,0.0
5,3,3.5,4.0,0.99999,0.0
5,3,3.52,4.0,0.99999,0.0
5,3,3.54,4.0,0.99999,0.0
5,3,3.56,4.0,0.99999,0.0
5,3,3.58,4.0,0.99999,0.0
5,3,3.6,4.0,0.99999,0.0
5,3,3.62,4.0,0.99999,0.0
5,3,3.64,4.0,0.99999,0.0
5,3,3.66,4.0,0.99999,0.0
5,3,3.68,4.0,0.99999,0.0
5,3,3.7,4.0,0.99999,0.0
5,3,3.72,4.0,0.99999,0.0
5,3,3.74,4.0,0.99999,0.0
5,3,3.76,4.0,0.99999,0.0
5,3,3.78,4.0,0.99999,0.0
5,3,3.8,4.0,0.99999,0.0
5,3,3.82,4.0,0.99999,0.0
5,3,3.84,4.0,0.99999,0.0
5,3,3.86,4.0,0.99999,0.0
5,3,3.88,4.0,0.99999,0.0
5,3,3.9,4.0,0.99999,0.0
5,3,3.92,4.0,0.99999,0.0
5,3,3.94,4.0,0.99999,0.0
5,3,3.96,4.0,0.99999,0.0
5,3,3.98,4.0,0.99999,0.0
5,3,4.0,4.0,0.99999,0.0
5,3,4.02,4.0,0.99999,0.0
5,3,4.04,4.0,0.99999,0.0
5,3,4.06,4.0,0.99999,0.0
5,3,4.08,4.0,0.99999,0.0
5,3,4.1,4.0,0.99999,0.0
5,3,4.12,4.0,0.99999,0.0
5,3,4.14,4.0,0.99999,0.0
5,3,4.16,4.0,0.99999,0.0
5,3,4.18,4.0,0.99999,0.0
5,3,4.2,4.0,0.99999,0.0
5,3,4.22,4.0,0.99999,0.0
5,3,4.24,4.0,0.99999,0.0
5,3,4.26,4.0,0.99999,0.0
5,3,4.28,4.0,0.99999,0.0
5,3,4.3,4.0,0.99999,0.0
5,3,4.32,4.0,0.99999,0.0
5,3,4.34,4.0,0.99999,0.0
5,3,4.36,4.0,0.99999,0.0
5,3,4.38001,4.0,1.0,0.0
5,3,4.40001,4.0,1.0,0.0
5,3,4.42001,4.0,1.0,0.0
5,3,4.44001,4.0,1.0,0.0
5,3,4.46001,4.0,1.0,0.0
5,3,4.48001,4.0,1.0,0.0
5,3,4.50001,4.0,1.0,0.0
5,3,4.52001,4.0,1.0,0.0
5,3,4.54001,4.0,1.0,0.0
5,3,4.56001,4.0,1.0,0.0
5,3,4.58001,4.0,1.0,0.0
5,3,4.60001,4.0,1.0,0.0
5,3,4.62001,4.0,1.0,0.0
5,3,4.64001,4.0,0.99999,0.0
5,3,4.66001,4.0,0.99999,0.0
5,3,4.68001,4.0,0.99999,0.0
5,3,4.70001,4.0,0.99999,0.0
5,3,4.72001,4.0,0.99999,0.0
5,3,4.74001,4.0,0.99999,0.0
5,3,4.76001,4.0,0.99999,0.0
5,3,4.78001,4.0,0.99999,0.0
5,3,4.80001,4.0,0.99999,0.0
5,3,4.82002,4.0,0.99999,0.0
5,3,4.84002,4.0,0.99999,0.0
5,3,4.86002,4.0,0.99999,0.0
5,3,4.88002,4.0,0.99999,0.0
5,3,4.90002,4.0,1.0,0.0
5,3,4.92002,4.0,1.0,0.0
5,3,4.94002,4.0,1.0,0.0
5,3,4.96002,4.0,1.0,0.0
5,3,4.98002,4.0,1.0,0.0
5,3,5.00002,4.0,1.0,0.0
10,0,0.0,5.0,-0.09589,1.0
10,0,0.02,5.0,0.12191,0.99384
10,0,0.04,5.0,0.2363,0.98306
10,0,0.06,5.0,0.34326,0.96745
10,0,0.08,5.0,0.44291,0.94763
10,0,0.1,5.0,0.5354,0.92421
10,0,0.12,5.0,0.62092,0.89774
10,0,0.14,5.0,0.69967,0.86873
10,0,0.16,5.0,0.77188,0.83767
10,0,0.18,5.0,0.83781,0.80498
10,0,0.2,5.0,0.8977,0.77106
10,0,0.22,5.0,0.95184,0.73629
10,0,0.24,5.0,1.00051,0.70098
10,0,0.26,5.0,1.04398,0.66543
10,0,0.28,5.0,1.08256,0.62991
10,0,0.3,5.0,1.11654,0.59465
10,0,0.32,5.0,1.1462,0.55986
10,0,0.34,5.0,1.17183,0.52572
10,0,0.36,5.0,1.19371,0.49238
10,0,0.38,5.0,1.21213,0.45998
10,0,0.4,5.0,1.22735,0.42863
10,0,0.42,5.0,1.23963,0.39842
10,0,0.44,5.0,1.24923,0.36942
10,0,0.46,5.0,1.25639,0.34168
10,0,0.48,5.0,1.26134,0.31525
10,0,0.5,5.0,1.26429,0.29016
10,0,0.52,5.0,1.26547,0.26641
10,0,0.54,5.0,1.26506,0.24401
10,0,0.56,5.0,1.26325,0.22295
10,0,0.58,5.0,1.26022,0.20322
10,0,0.6,5.0,1.25613,0.18478
10,0,0.62,5.0,1.25112,0.1676
10,0,0.64,5.0,1.24533,0.15166
10,0,0.66,5.0,1.2389,0.1369
10,0,0.68,5.0,1.23194,0.12327
10,0,0.7,5.0,1.22455,0.11074
10,0,0.72,5.0,1.21683,0.09923
10,0,0.74,5.0,1.20887,0.08871
10,0,0.76,5.0,1.20074,0.07911
10,0,0.78,5.0,1.19252,0.07038
10,0,0.8,5.0,1.18426,0.06246
10,0,0.82,5.0,1.17603,0.0553
10,0,0.84,5.0,1.16786,0.04884
10,0,0.86,5.0,1.1598,0.04304
10,0,0.88,5.0,1.15188,0.03783
10,0,0.9,5.0,1.14413,0.03317
10,0,0.92,5.0,1.13658,0.02902
10,0,0.94,5.0,1.12924,0.02533
10,0,0.96,5.0,1.12214,0.02206
10,0,0.98,5.0,1.11528,0.01916
10,0,1.0,5.0,1.10867,0.0166
10,0,1.02,5.0,1.10232,0.01436
10,0,1.04,5.0,1.09623,0.01239
10,0,1.06,5.0,1.09041,0.01066
10,0,1.08,5.0,1.08485,0.00915
10,0,1.1,5.0,1.07956,0.00784
10,0,1.12,5.0,1.07452,0.0067
10,0,1.14,5.0,1.06973,0.00572
10,0,1.16,5.0,1.06519,0.00487
10,0,1.18,5.0,1.0609,0.00413
10,0,1.2,5.0,1.05684,0.0035
10,0,1.22,5.0,1.053,0.00296
10,0,1.24,5.0,1.04938,0.0025
10,0,1.26,5.0,1.04598,0.0021
10,0,1.28,5.0,1.04277,0.00177
10,0,1.3,5.0,1.03976,0.00148
10,0,1.32,5.0,1.03693,0.00124
10,0,1.34,5.0,1.03428,0.00103
10,0,1.36,5.0,1.03179,0.00086
10,0,1.38,5.0,1.02947,0.00072
10,0,1.4,5.0,1.0273,0.00059
10,0,1.42,5.0,1.02526,0.00049
10,0,1.44,5.0,1.02337,0.00041
10,0,1.46,5.0,1.0216,0.00034
10,0,1.48,5.0,1.01995,0.00028
10,0,1.5,5.0,1.01842,0.00023
10,0,1.52,5.0,1.01699,0.00019
10,0,1.54,5.0,1.01567,0.00015
10,0,1.56,5.0,1.01443,0.00013
10,0,1.58,5.0,1.01329,0.0001
10,0,1.6,5.0,1.01223,8e-05
10,0,1.62,5.0,1.01125,7e-05
10,0,1.64,5.0,1.01034,5e-05
10,0,1.66,5.0,1.00949,4e-05
10,0,1.68,5.0,1.00871,4e-05
10,0,1.7,5.0,1.00799,3e-05
10,0,1.72,5.0,1.00733,2e-05
10,0,1.74,5.0,1.00672,2e-05
10,0,1.76,5.0,1.00615,2e-05
10,0,1.78,5.0,1.00563,1e-05
10,0,1.8,5.0,1.00515,1e-05
10,0,1.82,5.0,1.00471,1e-05
10,0,1.84,5.0,1.0043,1e-05
10,0,1.86,5.0,1.00392,1e-05
10,0,1.88,5.0,1.00358,0.0
10,0,1.9,5.0,1.00326,0.0
10,0,1.92,5.0,1.00297,0.0
10,0,1.94,5.0,1.00271,0.0
10,0,1.96,5.0,1.00246,0.0
10,0,1.98,5.0,1.00224,0.0
10,0,2.0,5.0,1.00204,0.0
10,0,2.02,5.0,1.00185,0.0
10,0,2.04,5.0,1.00168,0.0
10,0,2.06,5.0,1.00152,0.0
10,0,2.08,5.0,1.00138,0.0
10,0,2.1,5.0,1.00125,0.0
10,0,2.12,5.0,1.00113,0.0
10,0,2.14,5.0,1.00102,0.0
10,0,2.16,5.0,1.00093,0.0
10,0,2.18,5.0,1.00084,0.0
10,0,2.2,5.0,1.00075,0.0
10,0,2.22,5.0,1.00068,0.0
10,0,2.24,5.0,1.00061,0.0
10,0,2.26,5.0,1.00055,0.0
10,0,2.28,5.0,1.0005,0.0
10,0,2.3,5.0,1.00045,0.0
10,0,2.32,5.0,1.0004,0.0
10,0,2.34,5.0,1.00036,0.0
10,0,2.36,5.0,1.00032,0.0
10,0,2.38,5.0,1.00029,0.0
10,0,2.4,5.0,1.00026,0.0
10,0,2.42,5.0,1.00023,0.0
10,0,2.44,5.0,1.00021,0.0
10,0,2.46,5.0,1.00019,0.0
10,0,2.48,5.0,1.00017,0.0
10,0,2.5,5.0,1.00015,0.0
10,0,2.52,5.0,1.00013,0.0
10,0,2.54,5.0,1.00012,0.0
10,0,2.56,5.0,1.00011,0.0
10,0,2.58,5.0,1.00009,0.0
10,0,2.6,5.0,1.00008,0.0
10,0,2.62,5.0,1.00007,0.0
10,0,2.64,5.0,1.00007,0.0
10,0,2.66,5.0,1.00006,0.0
10,0,2.68,5.0,1.00005,0.0
10,0,2.7,5.0,1.00004,0.0
10,0,2.72,5.0,1.00004,0.0
10,0,2.74,5.0,1.00003,0.0
10,0,2.76,5.0,1.00003,0.0
10,0,2.78,5.0,1.00003,0.0
10,0,2.8,5.0,1.00002,0.0
10,0,2.82,5.0,1.00002,0.0
10,0,2.84,5.0,1.00002,0.0
10,0,2.86,5.0,1.00001,0.0
10,0,2.88,5.0,1.00001,0.0
10,0,2.9,5.0,1.00001,0.0
10,0,2.92,5.0,1.00001,0.0
10,0,2.94,5.0,1.00001,0.0
10,0,2.96,5.0,1.00001,0.0
10,0,2.98,5.0,1.0,0.0
10,0,3.0,5.0,1.0,0.0
10,0,3.02,5.0,1.0,0.0
10,0,3.04,5.0,1.0,0.0
10,0,3.06,5.0,1.0,0.0
10,0,3.08,5.0,1.0,0.0
10,0,3.1,5.0,1.0,0.0
10,0,3.12,5.0,1.0,0.0
10,0,3.14,5.0,1.0,0.0
10,0,3.16,5.0,1.0,0.0
10,0,3.18,5.0,1.0,0.0
10,0,3.2,5.0,1.0,0.0
10,0,3.22,5.0,0.99999,0.0
10,0,3.24,5.0,0.99999,0.0
10,0,3.26,5.0,0.99999,0.0
10,0,3.28,5.0,0.99999,0.0
10,0,3.3,5.0,0.99999,0.0
10,0,3.32,5.0,0.99999,0.0
10,0,3.34,5.0,1.0,0.0
10,0,3.36,5.0,1.0,0.0
10,0,3.38,5.0,1.0,0.0
10,0,3.4,5.0,1.0,0.0
10,0,3.42,5.0,1.0,0.0
10,0,3.44,5.0,1.0,0.0
10,0,3.46,5.0,1.0,0.0
10,0,3.48,5.0,1.0,0.0
10,0,3.5,5.0,1.0,0.0
10,0,3.52,5.0,1.0,0.0
10,0,3.54,5.0,1.0,0.0
10,0,3.56,5.0,1.0,0.0
10,0,3.58,5.0,1.0,0.0
10,0,3.6,5.0,1.0,0.0
10,0,3.62,5.0,1.0,0.0
10,0,3.64,5.0,1.0,0.0
10,0,3.66,5.0,1.0,0.0
10,0,3.68,5.0,1.0,0.0
10,0,3.7,5.0,1.0,0.0
10,0,3.72,5.0,1.0,0.0
10,0,3.74,5.0,1.0,0.0
10,0,3.76,5.0,1.0,0.0
10,0,3.78,5.0,1.0,0.0
10,0,3.8,5.0,1.0,0.0
10,0,3.82,5.0,1.0,0.0
10,0,3.84,5.0,1.0,0.0
10,0,3.86,5.0,1.0,0.0
10,0,3.88,5.0,1.0,0.0
10,0,3.9,5.0,1.0,0.0
10,0,3.92,5.0,1.0,0.0
10,0,3.94,5.0,1.0,0.0
10,0,3.96,5.0,1.0,0.0
10,0,3.98,5.0,1.0,0.0
10,0,4.0,5.0,0.99999,0.0
10,0,4.02,5.0,0.99999,0.0
10,0,4.04,5.0,0.99999,0.0
10,0,4.06,5.0,0.99999,0.0
10,0,4.08,5.0,0.99999,0.0
10,0,4.1,5.0,1.0,0.0
10,0,4.12,5.0,0.99999,0.0
10,0,4.14,5.0,0.99999,0.0
10,0,4.16,5.0,0.99999,0.0
10,0,4.18,5.0,0.99999,0.0
10,0,4.2,5.0,0.99999,0.0
10,0,4.22,5.0,0.99999,0.0
10,0,4.24,5.0,0.99999,0.0
10,0,4.26,5.0,0.99999,0.0
10,0,4.28,5.0,0.99999,0.0
10,0,4.3,5.0,0.99999,0.0
10,0,4.32,5.0,1.0,0.0
10,0,4.34,5.0,1.0,0.0
10,0,4.36,5.0,1.0,0.0
10,0,4.38001,5.0,1.0,0.0
10,0,4.40001,5.0,1.0,0.0
10,0,4.42001,5.0,1.0,0.0
10,0,4.44001,5.0,1.0,0.0
10,0,4.46001,5.0,1.0,0.0
10,0,4.48001,5.0,1.0,0.0
10,0,4.50001,5.0,1.0,0.0
10,0,4.52001,5.0,1.0,0.0
10,0,4.54001,5.0,1.0,0.0
10,0,4.56001,5.0,1.0,0.0
10,0,4.58001,5.0,1.0,0.0
10,0,4.60001,5.0,1.0,0.0
10,0,4.62001,5.0,1.0,0.0
10,0,4.64001,5.0,1.0,0.0
10,0,4.66001,5.0,1.0,0.0
10,0,4.68001,5.0,0.99999,0.0
10,0,4.70001,5.0,0.99999,0.0
10,0,4.72001,5.0,0.99999,0.0
10,0,4.74001,5.0,0.99999,0.0
10,0,4.76001,5.0,0.99999,0.0
10,0,4.78001,5.0,0.99999,0.0
10,0,4.80001,5.0,0.99999,0.0
10,0,4.82002,5.0,0.99999,0.0
10,0,4.84002,5.0,0.99999,0.0
10,0,4.86002,5.0,0.99999,0.0
10,0,4.88002,5.0,0.99999,0.0
10,0,4.90002,5.0,0.99999,0.0
10,0,4.92002,5.0,0.99999,0.0
10,0,4.94002,5.0,1.0,0.0
10,0,4.96002,5.0,1.0,0.0
10,0,4.98002,5.0,1.0,0.0
10,0,5.00002,5.0,1.0,0.0
10,3,0.0,6.0,-0.09589,1.0
10,3,0.02,6.0,0.13126,1.02335
10,3,0.04,6.0,0.25479,1.03677
10,3,0.06,6.0,0.37051,1.03999
10,3,0.08,6.0,0.47841,1.03431
10,3,0.1,6.0,0.57853,1.02096
10,3,0.12,6.0,0.671,1.00109
10,3,0.14,6.0,0.75598,0.97576
10,3,0.16,6.0,0.83367,0.94595
10,3,0.18,6.0,0.90432,0.91253
10,3,0.2,6.0,0.9682,0.87633
10,3,0.22,6.0,1.02561,0.83804
10,3,0.24,6.0,1.07686,0.79832
10,3,0.26,6.0,1.12227,0.75772
10,3,0.28,6.0,1.16219,0.71672
10,3,0.3,6.0,1.19695,0.67576
10,3,0.32,6.0,1.22688,0.63519
10,3,0.34,6.0,1.25233,0.59531
10,3,0.36,6.0,1.27363,0.55637
10,3,0.38,6.0,1.29109,0.51857
10,3,0.4,6.0,1.30505,0.48208
10,3,0.42,6.0,1.31579,0.44702
10,3,0.44,6.0,1.32361,0.41348
10,3,0.46,6.0,1.32879,0.38153
10,3,0.48,6.0,1.33161,0.35121
10,3,0.5,6.0,1.3323,0.32254
10,3,0.52,6.0,1.33112,0.29552
10,3,0.54,6.0,1.32827,0.27014
10,3,0.56,6.0,1.32398,0.24638
10,3,0.58,6.0,1.31843,0.22419
10,3,0.6,6.0,1.3118,0.20354
10,3,0.62,6.0,1.30427,0.18437
10,3,0.64,6.0,1.29598,0.16662
10,3,0.66,6.0,1.28707,0.15024
10,3,0.68,6.0,1.27768,0.13516
10,3,0.7,6.0,1.26791,0.12132
10,3,0.72,6.0,1.25788,0.10865
10,3,0.74,6.0,1.24766,0.09708
10,3,0.76,6.0,1.23735,0.08654
10,3,0.78,6.0,1.22702,0.07697
10,3,0.8,6.0,1.21674,0.0683
10,3,0.82,6.0,1.20655,0.06047
10,3,0.84,6.0,1.19651,0.05342
10,3,0.86,6.0,1.18665,0.04708
10,3,0.88,6.0,1.17702,0.04139
10,3,0.9,6.0,1.16765,0.03631
10,3,0.92,6.0,1.15854,0.03178
10,3,0.94,6.0,1.14974,0.02776
10,3,0.96,6.0,1.14124,0.02419
10,3,0.98,6.0,1.13306,0.02103
10,3,1.0,6.0,1.12521,0.01824
10,3,1.02,6.0,1.11769,0.01578
10,3,1.04,6.0,1.11049,0.01363
10,3,1.06,6.0,1.10363,0.01175
10,3,1.08,6.0,1.0971,0.0101
10,3,1.1,6.0,1.09089,0.00866
10,3,1.12,6.0,1.08499,0.00742
10,3,1.14,6.0,1.07941,0.00634
10,3,1.16,6.0,1.07412,0.0054
10,3,1.18,6.0,1.06913,0.0046
10,3,1.2,6.0,1.06442,0.0039
10,3,1.22,6.0,1.05998,0.00331
10,3,1.24,6.0,1.0558,0.00279
10,3,1.26,6.0,1.05187,0.00236
10,3,1.28,6.0,1.04818,0.00199
10,3,1.3,6.0,1.04472,0.00167
10,3,1.32,6.0,1.04147,0.0014
10,3,1.34,6.0,1.03844,0.00117
10,3,1.36,6.0,1.0356,0.00098
10,3,1.38,6.0,1.03295,0.00082
10,3,1.4,6.0,1.03047,0.00068
10,3,1.42,6.0,1.02816,0.00057
10,3,1.44,6.0,1.02601,0.00047
10,3,1.46,6.0,1.024,0.00039
10,3,1.48,6.0,1.02214,0.00032
10,3,1.5,6.0,1.02041,0.00027
10,3,1.52,6.0,1.0188,0.00022
10,3,1.54,6.0,1.01731,0.00018
10,3,1.56,6.0,1.01592,0.00015
10,3,1.58,6.0,1.01464,0.00012
10,3,1.6,6.0,1.01345,0.0001
10,3,1.62,6.0,1.01235,8e-05
10,3,1.64,6.0,1.01133,7e-05
10,3,1.66,6.0,1.01039,5e-05
10,3,1.68,6.0,1.00953,4e-05
10,3,1.7,6.0,1.00873,4e-05
10,3,1.72,6.0,1.00799,3e-05
10,3,1.74,6.0,1.00731,2e-05
10,3,1.76,6.0,1.00668,2e-05
10,3,1.78,6.0,1.0061,2e-05
10,3,1.8,6.0,1.00557,1e-05
10,3,1.82,6.0,1.00509,1e-05
10,3,1.84,6.0,1.00464,1e-05
10,3,1.86,6.0,1.00423,1e-05
10,3,1.88,6.0,1.00385,1e-05
10,3,1.9,6.0,1.00351,0.0
10,3,1.92,6.0,1.00319,0.0
10,3,1.94,6.0,1.0029,0.0
10,3,1.96,6.0,1.00264,0.0
10,3,1.98,6.0,1.0024,0.0
10,3,2.0,6.0,1.00217,0.0
10,3,2.02,6.0,1.00197,0.0
10,3,2.04,6.0,1.00179,0.0
10,3,2.06,6.0,1.00162,0.0
10,3,2.08,6.0,1.00147,0.0
10,3,2.1,6.0,1.00133,0.0
10,3,2.12,6.0,1.0012,0.0
10,3,2.14,6.0,1.00109,0.0
10,3,2.16,6.0,1.00098,0.0
10,3,2.18,6.0,1.00088,0.0
10,3,2.2,6.0,1.0008,0.0
10,3,2.22,6.0,1.00072,0.0
10,3,2.24,6.0,1.00065,0.0
10,3,2.26,6.0,1.00058,0.0
10,3,2.28,6.0,1.00052,0.0
10,3,2.3,6.0,1.00047,0.0
10,3,2.32,6.0,1.00042,0.0
10,3,2.34,6.0,1.00038,0.0
10,3,2.36,6.0,1.00034,0.0
10,3,2.38,6.0,1.00031,0.0
10,3,2.4,6.0,1.00027,0.0
10,3,2.42,6.0,1.00025,0.0
10,3,2.44,6.0,1.00022,0.0
10,3,2.46,6.0,1.0002,0.0
10,3,2.48,6.0,1.00018,0.0
10,3,2.5,6.0,1.00016,0.0
10,3,2.52,6.0,1.00014,0.0
10,3,2.54,6.0,1.00013,0.0
10,3,2.56,6.0,1.00011,0.0
10,3,2.58,6.0,1.0001,0.0
10,3,2.6,6.0,1.00009,0.0
10,3,2.62,6.0,1.00008,0.0
10,3,2.64,6.0,1.00007,0.0
10,3,2.66,6.0,1.00007,0.0
10,3,2.68,6.0,1.00006,0.0
10,3,2.7,6.0,1.00005,0.0
10,3,2.72,6.0,1.00005,0.0
10,3,2.74,6.0,1.00005,0.0
10,3,2.76,6.0,1.00004,0.0
10,3,2.78,6.0,1.00004,0.0
10,3,2.8,6.0,1.00003,0.0
10,3,2.82,6.0,1.00003,0.0
10,3,2.84,6.0,1.00003,0.0
10,3,2.86,6.0,1.00003,0.0
10,3,2.88,6.0,1.00003,0.0
10,3,2.9,6.0,1.00003,0.0
10,3,2.92,6.0,1.00003,0.0
10,3,2.94,6.0,1.00003,0.0
10,3,2.96,6.0,1.00002,0.0
10,3,2.98,6.0,1.00002,0.0
10,3,3.0,6.0,1.00002,0.0
10,3,3.02,6.0,1.00002,0.0
10,3,3.04,6.0,1.00002,0.0
10,3,3.06,6.0,1.00002,0.0
10,3,3.08,6.0,1.00002,0.0
10,3,3.1,6.0,1.00002,0.0
10,3,3.12,6.0,1.00002,0.0
10,3,3.14,6.0,1.00002,0.0
10,3,3.16,6.0,1.00002,0.0
10,3,3.18,6.0,1.00002,0.0
10,3,3.2,6.0,1.00002,0.0
10,3,3.22,6.0,1.00002,0.0
10,3,3.24,6.0,1.00002,0.0
10,3,3.26,6.0,1.00002,0.0
10,3,3.28,6.0,1.00002,0.0
10,3,3.3,6.0,1.00002,0.0
10,3,3.32,6.0,1.00002,0.0
10,3,3.34,6.0,1.00002,0.0
10,3,3.36,6.0,1.00002,0.0
10,3,3.38,6.0,1.00002,0.0
10,3,3.4,6.0,1.00002,0.0
10,3,3.42,6.0,1.00001,0.0
10,3,3.44,6.0,1.00001,0.0
10,3,3.46,6.0,1.00001,0.0
10,3,3.48,6.0,1.00001,0.0
10,3,3.5,6.0,1.00001,0.0
10,3,3.52,6.0,1.00001,0.0
10,3,3.54,6.0,1.00001,0.0
10,3,3.56,6.0,1.00001,0.0
10,3,3.58,6.0,1.00001,0.0
10,3,3.6,6.0,1.00001,0.0
10,3,3.62,6.0,1.00001,0.0
10,3,3.64,6.0,1.00001,0.0
10,3,3.66,6.0,1.00001,0.0
10,3,3.68,6.0,1.00001,0.0
10,3,3.7,6.0,1.00001,0.0
10,3,3.72,6.0,1.00001,0.0
10,3,3.74,6.0,1.00001,0.0
10,3,3.76,6.0,1.00001,0.0
10,3,3.78,6.0,1.00001,0.0
10,3,3.8,6.0,1.00001,0.0
10,3,3.82,6.0,1.00001,0.0
10,3,3.84,6.0,1.00001,0.0
10,3,3.86,6.0,1.00001,0.0
10,3,3.88,6.0,1.00001,0.0
10,3,3.9,6.0,1.00001,0.0
10,3,3.92,6.0,1.00001,0.0
10,3,3.94,6.0,1.00001,0.0
10,3,3.96,6.0,1.00001,0.0
10,3,3.98,6.0,1.00001,0.0
10,3,4.0,6.0,1.00002,0.0
10,3,4.02,6.0,1.00002,0.0
10,3,4.04,6.0,1.00002,0.0
10,3,4.06,6.0,1.00002,0.0
10,3,4.08,6.0,1.00002,0.0
10,3,4.1,6.0,1.00001,0.0
10,3,4.12,6.0,1.00001,0.0
10,3,4.14,6.0,1.00001,0.0
10,3,4.16,6.0,1.00001,0.0
10,3,4.18,6.0,1.00001,0.0
10,3,4.2,6.0,1.00001,0.0
10,3,4.22,6.0,1.00001,0.0
10,3,4.24,6.0,1.00001,0.0
10,3,4.26,6.0,1.00001,0.0
10,3,4.28,6.0,1.00001,0.0
10,3,4.3,6.0,1.00001,0.0
10,3,4.32,6.0,1.00001,0.0
10,3,4.34,6.0,1.00001,0.0
10,3,4.36,6.0,1.00001,0.0
10,3,4.38001,6.0,1.0,0.0
10,3,4.40001,6.0,1.0,0.0
10,3,4.42001,6.0,1.0,0.0
10,3,4.44001,6.0,1.0,0.0
10,3,4.46001,6.0,1.0,0.0
10,3,4.48001,6.0,1.0,0.0
10,3,4.50001,6.0,1.0,0.0
10,3,4.52001,6.0,1.0,0.0
10,3,4.54001,6.0,1.0,0.0
10,3,4.56001,6.0,1.0,0.0
10,3,4.58001,6.0,1.0,0.0
10,3,4.60001,6.0,1.0,0.0
10,3,4.62001,6.0,0.99999,0.0
10,3,4.64001,6.0,0.99999,0.0
10,3,4.66001,6.0,0.99999,0.0
10,3,4.68001,6.0,0.99999,0.0
10,3,4.70001,6.0,0.99999,0.0
10,3,4.72001,6.0,0.99999,0.0
10,3,4.74001,6.0,0.99999,0.0
10,3,4.76001,6.0,0.99999,0.0
10,3,4.78001,6.0,0.99999,0.0
10,3,4.80001,6.0,0.99999,0.0
10,3,4.82002,6.0,0.99999,0.0
10,3,4.84002,6.0,0.99999,0.0
10,3,4.86002,6.0,0.99999,0.0
10,3,4.88002,6.0,0.99999,0.0
10,3,4.90002,6.0,0.99999,0.0
10,3,4.92002,6.0,0.99999,0.0
10,3,4.94002,6.0,1.0,0.0
10,3,4.96002,6.0,1.0,0.0
10,3,4.98002,6.0,1.0,0.0
10,3,5.00002,6.0,1.0,0.0
