ETA,F1,G1,F2,G2,F3,G3,F4,G4,F5,G5,F6,G6,F7,G7,F8,G8,F9,G9,F10,G10,F11,G11,F12,G12
0,0.0949,1,0.0949,1,0.0949,1,0.0949,1,0.0949,1,0.0949,1,0.0949,1,0.0949,1,0.0949,1,0.0949,1,0.0949,1,0.0949,1
0.02,0.01004,0.98202,0.02505,0.98018,0.07814,0.98382,0.12394,0.99501,0.04503,0.98375,0.05327,0.98369,0.09158,0.98732,0.12881,0.99617,0.07863,0.99015,0.08446,0.99025,0.11286,0.99303,0.14145,0.99946
0.04,0.02039,0.9649,0.04972,0.961,0.15235,0.96624,0.24036,0.9852,0.08809,0.96697,0.10387,0.96656,0.17704,0.97184,0.248,0.9866,0.15095,0.97714,0.16194,0.97701,0.21539,0.98068,0.26917,0.99107
0.06,0.03103,0.94774,0.07398,0.94159,0.22271,0.94659,0.34933,0.97037,0.12925,0.94891,0.15194,0.94791,0.25666,0.9532,0.35792,0.97144,0.21747,0.96068,0.233,0.9601,0.30837,0.96325,0.38414,0.97571
0.08,0.04197,0.93053,0.09786,0.92196,0.28929,0.92511,0.45097,0.95117,0.16862,0.92968,0.19758,0.9279,0.3307,0.93185,0.45896,0.95161,0.27867,0.94134,0.29815,0.94013,0.39254,0.94173,0.48731,0.95487
0.1,0.05317,0.91328,0.12134,0.90212,0.35218,0.902,0.54541,0.92822,0.20628,0.9094,0.24091,0.90668,0.39941,0.90822,0.55152,0.92792,0.33497,0.91957,0.35789,0.91762,0.46859,0.91695,0.57959,0.92976
0.12,0.06464,0.89598,0.14442,0.88207,0.41144,0.87748,0.63285,0.90208,0.2423,0.88819,0.28204,0.8844,0.46306,0.88267,0.636,0.90107,0.38679,0.8958,0.41264,0.89303,0.53719,0.88961,0.66184,0.90137
0.14,0.07635,0.87864,0.16712,0.86185,0.4672,0.85172,0.71349,0.87328,0.27676,0.86614,0.32107,0.86118,0.5219,0.85555,0.71282,0.8717,0.43448,0.87036,0.46281,0.86674,0.59893,0.86029,0.73488,0.87053
0.16,0.08831,0.86125,0.18943,0.84145,0.51953,0.82492,0.78755,0.84231,0.30973,0.84335,0.35811,0.83717,0.57618,0.82716,0.78238,0.84037,0.47838,0.84357,0.50879,0.8391,0.65439,0.82949,0.79947,0.8379
0.18,0.10048,0.84383,0.21134,0.82091,0.56856,0.79726,0.85528,0.80963,0.34129,0.81992,0.39324,0.81248,0.62615,0.79776,0.84511,0.80754,0.51881,0.81571,0.5509,0.8104,0.70408,0.79762,0.85634,0.80405
0.2,0.11287,0.82636,0.23287,0.80022,0.61438,0.7689,0.91694,0.77564,0.37149,0.79595,0.42656,0.78722,0.67204,0.76762,0.90141,0.77365,0.55604,0.78703,0.58947,0.78091,0.74851,0.76502,0.90617,0.76942
0.22,0.12546,0.80885,0.25401,0.77942,0.65711,0.74,0.97279,0.74072,0.40039,0.77152,0.45816,0.7615,0.71409,0.73694,0.95168,0.73907,0.59034,0.75772,0.62479,0.75084,0.78813,0.73201,0.94958,0.73439
0.24,0.13824,0.79132,0.27476,0.75852,0.69687,0.71072,1.02312,0.70522,0.42807,0.74672,0.48811,0.73542,0.75252,0.70593,0.99632,0.70411,0.62195,0.728,0.65713,0.72041,0.82336,0.69882,0.98718,0.69927
0.26,0.15119,0.77375,0.29513,0.73754,0.73377,0.68119,1.06821,0.66944,0.45456,0.72163,0.51651,0.70909,0.78756,0.67478,1.03571,0.66906,0.65108,0.69802,0.68674,0.68979,0.85459,0.66568,1.01949,0.66429
0.28,0.1643,0.75615,0.31512,0.7165,0.76794,0.65156,1.10836,0.63366,0.47992,0.69633,0.54342,0.6826,0.81941,0.64364,1.07023,0.63417,0.67794,0.66796,0.71383,0.65915,0.88218,0.63277,1.04704,0.62969
0.3,0.17756,0.73854,0.33472,0.69543,0.79948,0.62195,1.14384,0.59813,0.50421,0.6709,0.56891,0.65604,0.84828,0.61266,1.10023,0.59964,0.7027,0.63794,0.73863,0.62862,0.90648,0.60024,1.0703,0.59561
0.32,0.19097,0.72091,0.35394,0.67435,0.82854,0.59249,1.17495,0.56306,0.52746,0.64541,0.59307,0.62948,0.87437,0.58197,1.12608,0.56565,0.72554,0.60809,0.76131,0.59834,0.92778,0.56822,1.08969,0.56221
0.34,0.20449,0.70327,0.37279,0.65327,0.85521,0.56327,1.20198,0.52863,0.54972,0.61994,0.61594,0.60301,0.89786,0.5517,1.14809,0.53236,0.74662,0.57853,0.78207,0.56842,0.94638,0.53685,1.10563,0.52961
0.36,0.21813,0.68563,0.39126,0.63224,0.87964,0.53441,1.22521,0.49503,0.57104,0.59456,0.63761,0.57672,0.91894,0.52194,1.16659,0.49989,0.76607,0.54937,0.80105,0.53896,0.96253,0.5062,1.11848,0.49789
0.38,0.23188,0.668,0.40935,0.61126,0.90192,0.506,1.2449,0.46237,0.59146,0.56933,0.65812,0.55066,0.93779,0.4928,1.18188,0.46835,0.78402,0.52068,0.8184,0.51006,0.97649,0.47636,1.12859,0.46713
0.4,0.24571,0.65039,0.42708,0.59037,0.92219,0.47813,1.26134,0.43079,0.61101,0.54431,0.67753,0.5249,0.95456,0.46435,1.19425,0.43784,0.8006,0.49256,0.83427,0.48178,0.98847,0.4474,1.13627,0.4374
0.42,0.25962,0.6328,0.44444,0.56959,0.94056,0.45088,1.27477,0.40036,0.62972,0.51957,0.6959,0.49952,0.96941,0.43667,1.20397,0.40843,0.81591,0.46508,0.84878,0.45421,0.99868,0.41939,1.1418,0.40875
0.44,0.27359,0.61524,0.46143,0.54894,0.95714,0.42431,1.28546,0.37118,0.64764,0.49516,0.71329,0.47456,0.9825,0.40981,1.21131,0.38016,0.83005,0.4383,0.86204,0.4274,1.0073,0.39236,1.14545,0.38122
0.46,0.28762,0.59774,0.47805,0.52846,0.97205,0.39849,1.29363,0.34329,0.66479,0.47113,0.72974,0.45009,0.99397,0.38384,1.21651,0.35309,0.84311,0.41228,0.87416,0.40141,1.01451,0.36635,1.14745,0.35483
0.48,0.30169,0.58028,0.49432,0.50817,0.98539,0.37347,1.29952,0.31674,0.68121,0.44755,0.74529,0.42615,1.00396,0.35879,1.21979,0.32725,0.85519,0.38707,0.88523,0.37627,1.02046,0.3414,1.14804,0.3296
0.5,0.31579,0.5629,0.51022,0.48809,0.99726,0.34931,1.30336,0.29155,0.69693,0.42444,0.76,0.40279,1.01258,0.33471,1.22137,0.30265,0.86635,0.36271,0.89535,0.35204,1.02531,0.31753,1.1474,0.30555
0.52,0.3299,0.5456,0.52577,0.46826,1.00777,0.32603,1.30533,0.26773,0.71196,0.40186,0.77391,0.38005,1.01997,0.31161,1.22145,0.2793,0.87666,0.33923,0.90459,0.32873,1.02917,0.29473,1.14572,0.28268
0.54,0.34403,0.52839,0.54097,0.44868,1.01702,0.30367,1.30565,0.24528,0.72635,0.37984,0.78706,0.35796,1.02623,0.28952,1.2202,0.2572,0.8862,0.31666,0.91302,0.30638,1.03217,0.27304,1.14315,0.26099
0.56,0.35814,0.51129,0.55583,0.4294,1.02511,0.28226,1.30449,0.2242,0.74011,0.35843,0.79948,0.33657,1.03148,0.26845,1.21782,0.23635,0.89502,0.29502,0.92073,0.28499,1.03441,0.25243,1.13985,0.24046
0.58,0.37225,0.49431,0.57033,0.41043,1.03211,0.2618,1.30204,0.20446,0.75327,0.33764,0.81122,0.31589,1.03581,0.2484,1.21444,0.21672,0.90318,0.27433,0.92776,0.26458,1.036,0.23291,1.13595,0.22109
0.6,0.38632,0.47746,0.58449,0.3918,1.03813,0.24232,1.29843,0.18603,0.76586,0.31751,0.82231,0.29594,1.03931,0.22938,1.21022,0.1983,0.91072,0.2546,0.93418,0.24515,1.03702,0.21447,1.13156,0.20286
0.62,0.40036,0.46077,0.59832,0.37353,1.04324,0.22382,1.29384,0.16888,0.77788,0.29806,0.83279,0.27676,1.04207,0.21138,1.20529,0.18105,0.91769,0.23582,0.94004,0.2267,1.03756,0.19709,1.1268,0.18574
0.64,0.41434,0.44423,0.61181,0.35564,1.04751,0.20629,1.28839,0.15297,0.78937,0.27931,0.84268,0.25835,1.04417,0.1944,1.19977,0.16496,0.92414,0.218,0.94539,0.20922,1.03767,0.18075,1.12174,0.16971
0.66,0.42827,0.42788,0.62496,0.33815,1.05104,0.18973,1.28221,0.13824,0.80035,0.26128,0.85202,0.24072,1.04569,0.1784,1.19377,0.14996,0.9301,0.20112,0.95027,0.19271,1.03744,0.16543,1.11648,0.15473
0.68,0.44213,0.41171,0.63779,0.32108,1.05388,0.17413,1.27542,0.12466,0.81083,0.24398,0.86083,0.22387,1.0467,0.16339,1.1874,0.13604,0.93562,0.18519,0.95472,0.17715,1.03691,0.15109,1.11109,0.14077
0.7,0.45591,0.39575,0.6503,0.30444,1.0561,0.15947,1.26813,0.11216,0.82084,0.22741,0.86915,0.20782,1.04725,0.14932,1.18073,0.12315,0.94072,0.17018,0.95878,0.16252,1.03613,0.13771,1.10563,0.1278
0.72,0.4696,0.38002,0.66249,0.28826,1.05776,0.14573,1.26043,0.10069,0.83039,0.21159,0.877,0.19255,1.0474,0.13618,1.17385,0.11123,0.94543,0.15607,0.96248,0.14879,1.03516,0.12525,1.10015,0.11577
0.74,0.48318,0.36452,0.67436,0.27255,1.05892,0.13288,1.25241,0.0902,0.83949,0.1965,0.8844,0.17807,1.04722,0.12393,1.16683,0.10025,0.94979,0.14284,0.96585,0.13595,1.03403,0.11369,1.0947,0.10465
0.76,0.49666,0.34927,0.68591,0.25731,1.05965,0.12091,1.24415,0.08063,0.84818,0.18216,0.89139,0.16437,1.04674,0.11255,1.15974,0.09016,0.95381,0.13047,0.96893,0.12397,1.03278,0.10297,1.08932,0.09439
0.78,0.51003,0.33428,0.69716,0.24257,1.05997,0.10978,1.23573,0.07192,0.85645,0.16854,0.89797,0.15142,1.04601,0.102,1.15263,0.08091,0.95753,0.11893,0.97173,0.11281,1.03144,0.09307,1.08405,0.08494
0.8,0.52326,0.31958,0.70811,0.22832,1.05995,0.09945,1.2272,0.06401,0.86434,0.15566,0.90418,0.13923,1.04507,0.09223,1.14554,0.07245,0.96097,0.10819,0.97428,0.10245,1.03003,0.08394,1.07891,0.07628
0.82,0.53636,0.30516,0.71876,0.21459,1.05962,0.0899,1.21862,0.05685,0.87185,0.14349,0.91003,0.12777,1.04396,0.08323,1.13853,0.06473,0.96414,0.09822,0.97661,0.09284,1.02858,0.07555,1.07393,0.06835
0.84,0.54932,0.29105,0.72911,0.20137,1.05903,0.08109,1.21005,0.05039,0.87899,0.13202,0.91555,0.11703,1.04271,0.07494,1.13162,0.05771,0.96707,0.08899,0.97873,0.08397,1.02711,0.06785,1.06911,0.06111
0.86,0.56213,0.27725,0.73918,0.18866,1.05821,0.07298,1.20152,0.04457,0.88579,0.12123,0.92074,0.10697,1.04135,0.06733,1.12485,0.05134,0.96978,0.08045,0.98066,0.07578,1.02563,0.06081,1.06449,0.05451
0.88,0.57478,0.26378,0.74895,0.17648,1.05719,0.06554,1.19307,0.03934,0.89225,0.11112,0.92563,0.09759,1.0399,0.06037,1.11825,0.04557,0.97227,0.07259,0.98242,0.06825,1.02417,0.05438,1.06006,0.04852
0.9,0.58726,0.25065,0.75845,0.16482,1.05601,0.05873,1.18474,0.03465,0.8984,0.10165,0.93024,0.08886,1.03839,0.054,1.11182,0.04036,0.97457,0.06535,0.98403,0.06134,1.02272,0.04852,1.05583,0.04309
0.92,0.59957,0.23787,0.76767,0.15368,1.05469,0.05251,1.17656,0.03046,0.90423,0.0928,0.93457,0.08074,1.03683,0.04821,1.1056,0.03567,0.97669,0.05872,0.98548,0.05501,1.02131,0.0432,1.05181,0.03818
0.94,0.6117,0.22544,0.77662,0.14305,1.05325,0.04684,1.16854,0.02672,0.90977,0.08457,0.93866,0.07322,1.03524,0.04294,1.09958,0.03146,0.97865,0.05265,0.98681,0.04923,1.01994,0.03838,1.048,0.03375
0.96,0.62365,0.21338,0.7853,0.13294,1.05173,0.0417,1.16071,0.0234,0.91503,0.07691,0.9425,0.06626,1.03365,0.03816,1.09379,0.02768,0.98045,0.0471,0.98802,0.04397,1.01861,0.03403,1.0444,0.02977
0.98,0.63541,0.20169,0.79372,0.12333,1.05013,0.03703,1.15309,0.02045,0.92002,0.0698,0.94611,0.05984,1.03205,0.03384,1.08823,0.0243,0.98211,0.04206,0.98912,0.03919,1.01733,0.0301,1.041,0.0262
1,0.64697,0.19038,0.80188,0.11423,1.04849,0.03282,1.14568,0.01784,0.92475,0.06323,0.94951,0.05394,1.03047,0.02995,1.08291,0.02129,0.98363,0.03747,0.99012,0.03485,1.01611,0.02657,1.03781,0.02301
1.02,0.65834,0.17945,0.80978,0.10561,1.0468,0.02902,1.1385,0.01553,0.92923,0.05716,0.9527,0.04852,1.02892,0.02644,1.07782,0.01861,0.98503,0.03331,0.99103,0.03092,1.01495,0.0234,1.03481,0.02016
1.04,0.6695,0.16891,0.81744,0.09748,1.04509,0.0256,1.13156,0.01349,0.93347,0.05158,0.95571,0.04355,1.02739,0.02329,1.07296,0.01623,0.98632,0.02955,0.99186,0.02738,1.01384,0.02056,1.03201,0.01762
1.06,0.68045,0.15876,0.82486,0.08981,1.04337,0.02254,1.12485,0.01171,0.93748,0.04644,0.95853,0.03901,1.0259,0.02048,1.06834,0.01413,0.98751,0.02616,0.99261,0.0242,1.01279,0.01803,1.0294,0.01537
1.08,0.69118,0.149,0.83204,0.0826,1.04165,0.01979,1.11839,0.01014,0.94128,0.04173,0.96119,0.03487,1.02446,0.01796,1.06395,0.01227,0.98859,0.02311,0.99329,0.02133,1.01181,0.01577,1.02697,0.01338
1.1,0.7017,0.13963,0.83898,0.07583,1.03994,0.01735,1.11217,0.00876,0.94487,0.03742,0.96368,0.03111,1.02306,0.01572,1.05979,0.01063,0.98959,0.02037,0.99391,0.01877,1.01088,0.01377,1.0247,0.01161
1.12,0.71201,0.13065,0.8457,0.06949,1.03825,0.01517,1.1062,0.00756,0.94827,0.03349,0.96602,0.02769,1.02171,0.01372,1.05585,0.00919,0.9905,0.01792,0.99448,0.01648,1.01001,0.01199,1.0226,0.01006
1.14,0.72209,0.12207,0.85219,0.06357,1.03659,0.01323,1.10047,0.00651,0.95147,0.02991,0.96822,0.0246,1.02041,0.01196,1.05213,0.00793,0.99134,0.01573,0.99499,0.01443,1.00919,0.01042,1.02066,0.00869
1.16,0.73195,0.11387,0.85846,0.05804,1.03495,0.01152,1.09498,0.0056,0.95449,0.02666,0.97029,0.02181,1.01916,0.01039,1.04862,0.00683,0.99211,0.01377,0.99546,0.01262,1.00843,0.00904,1.01886,0.0075
1.18,0.74159,0.10605,0.86452,0.0529,1.03335,0.01,1.08973,0.00481,0.95735,0.02372,0.97223,0.01929,1.01797,0.00901,1.04531,0.00586,0.99282,0.01204,0.99588,0.011,1.00772,0.00782,1.0172,0.00645
1.2,0.751,0.09862,0.87037,0.04812,1.03178,0.00867,1.08471,0.00412,0.96004,0.02105,0.97404,0.01703,1.01684,0.0078,1.04219,0.00503,0.99346,0.0105,0.99626,0.00958,1.00706,0.00675,1.01567,0.00553
1.22,0.76018,0.09156,0.87601,0.0437,1.03026,0.0075,1.07992,0.00353,0.96258,0.01865,0.97575,0.015,1.01576,0.00674,1.03926,0.0043,0.99405,0.00913,0.99661,0.00831,1.00645,0.00581,1.01426,0.00474
1.24,0.76914,0.08487,0.88146,0.0396,1.02879,0.00647,1.07535,0.00302,0.96497,0.01648,0.97735,0.01318,1.01474,0.0058,1.03651,0.00367,0.99459,0.00793,0.99693,0.0072,1.00589,0.00499,1.01297,0.00405
1.26,0.77786,0.07854,0.88671,0.03582,1.02736,0.00557,1.071,0.00258,0.96722,0.01454,0.97885,0.01156,1.01376,0.00499,1.03393,0.00313,0.99508,0.00687,0.99722,0.00623,1.00537,0.00428,1.01178,0.00345
1.28,0.78637,0.07256,0.89177,0.03234,1.02598,0.00478,1.06686,0.0022,0.96934,0.0128,0.98026,0.01012,1.01284,0.00428,1.03151,0.00266,0.99553,0.00594,0.99748,0.00537,1.00489,0.00366,1.01069,0.00294
1.3,0.79464,0.06692,0.89665,0.02915,1.02465,0.0041,1.06292,0.00187,0.97133,0.01124,0.98157,0.00884,1.01198,0.00366,1.02925,0.00225,0.99594,0.00512,0.99772,0.00462,1.00445,0.00313,1.0097,0.00249
1.32,0.80269,0.06162,0.90134,0.02622,1.02337,0.0035,1.05918,0.00159,0.9732,0.00986,0.98281,0.0077,1.01116,0.00312,1.02713,0.00191,0.99631,0.00441,0.99793,0.00397,1.00404,0.00266,1.00879,0.00211
1.34,0.81051,0.05664,0.90586,0.02353,1.02213,0.00299,1.05563,0.00135,0.97496,0.00862,0.98396,0.0067,1.01039,0.00266,1.02516,0.00161,0.99665,0.00379,0.99813,0.0034,1.00367,0.00226,1.00796,0.00178
1.36,0.81811,0.05197,0.91021,0.02108,1.02095,0.00255,1.05227,0.00115,0.97662,0.00753,0.98505,0.00581,1.00966,0.00226,1.02331,0.00136,0.99696,0.00324,0.99831,0.00291,1.00333,0.00192,1.0072,0.0015
1.38,0.82549,0.04761,0.9144,0.01885,1.01982,0.00216,1.04908,0.00097,0.97817,0.00656,0.98606,0.00503,1.00898,0.00192,1.02159,0.00114,0.99725,0.00277,0.99847,0.00248,1.00302,0.00162,1.00651,0.00126
1.4,0.83265,0.04353,0.91842,0.01683,1.01873,0.00183,1.04606,0.00082,0.97963,0.0057,0.98701,0.00435,1.00834,0.00162,1.01999,0.00096,0.9975,0.00237,0.99861,0.00211,1.00273,0.00137,1.00588,0.00106
1.42,0.83959,0.03974,0.92228,0.01499,1.01769,0.00155,1.0432,0.0007,0.98099,0.00494,0.9879,0.00375,1.00775,0.00137,1.01849,0.0008,0.99774,0.00201,0.99875,0.00179,1.00247,0.00115,1.00531,0.00089
1.44,0.84631,0.03621,0.926,0.01332,1.0167,0.00131,1.0405,0.00059,0.98227,0.00428,0.98873,0.00323,1.00719,0.00115,1.0171,0.00067,0.99795,0.00171,0.99887,0.00152,1.00223,0.00097,1.00479,0.00074
1.46,0.85282,0.03293,0.92956,0.01182,1.01576,0.0011,1.03795,0.0005,0.98347,0.0037,0.9895,0.00277,1.00666,0.00097,1.01581,0.00056,0.99814,0.00145,0.99898,0.00129,1.00202,0.00081,1.00432,0.00062
1.48,0.85913,0.0299,0.93298,0.01047,1.01486,0.00093,1.03554,0.00042,0.9846,0.00319,0.99023,0.00237,1.00617,0.00081,1.0146,0.00047,0.99832,0.00122,0.99908,0.00108,1.00182,0.00068,1.00389,0.00051
1.5,0.86522,0.0271,0.93626,0.00925,1.014,0.00078,1.03326,0.00035,0.98565,0.00274,0.99091,0.00203,1.00572,0.00068,1.01349,0.00039,0.99848,0.00103,0.99916,0.00091,1.00164,0.00057,1.00351,0.00042
1.52,0.87111,0.02452,0.93941,0.00816,1.01319,0.00065,1.03112,0.0003,0.98664,0.00235,0.99154,0.00173,1.00529,0.00057,1.01245,0.00032,0.99863,0.00087,0.99925,0.00077,1.00148,0.00047,1.00316,0.00035
1.54,0.8768,0.02214,0.94242,0.00718,1.01241,0.00054,1.02909,0.00025,0.98756,0.00201,0.99213,0.00147,1.0049,0.00047,1.01149,0.00027,0.99876,0.00073,0.99932,0.00064,1.00133,0.00039,1.00284,0.00029
1.56,0.88229,0.01995,0.94531,0.00631,1.01167,0.00045,1.02719,0.00021,0.98843,0.00172,0.99268,0.00125,1.00453,0.00039,1.01059,0.00022,0.99888,0.00061,0.99939,0.00054,1.0012,0.00032,1.00256,0.00024
1.58,0.8876,0.01795,0.94808,0.00553,1.01098,0.00038,1.0254,0.00018,0.98923,0.00147,0.9932,0.00106,1.00419,0.00033,1.00977,0.00018,0.99899,0.00051,0.99945,0.00045,1.00108,0.00027,1.0023,0.0002
1.6,0.89271,0.01612,0.95072,0.00484,1.01031,0.00031,1.02371,0.00015,0.98999,0.00125,0.99368,0.00089,1.00387,0.00027,1.009,0.00015,0.99908,0.00043,0.9995,0.00037,1.00097,0.00022,1.00206,0.00016
1.62,0.89763,0.01445,0.95325,0.00423,1.00969,0.00026,1.02213,0.00013,0.99069,0.00106,0.99413,0.00075,1.00357,0.00022,1.00829,0.00012,0.99917,0.00036,0.99955,0.00031,1.00087,0.00018,1.00185,0.00013
1.64,0.90238,0.01293,0.95568,0.00368,1.00909,0.00021,1.02064,0.00011,0.99135,0.0009,0.99455,0.00063,1.0033,0.00018,1.00763,0.0001,0.99925,0.0003,0.99959,0.00026,1.00078,0.00015,1.00167,0.00011
1.66,0.90694,0.01155,0.95799,0.0032,1.00853,0.00018,1.01924,9.00E-05,0.99196,0.00076,0.99494,0.00053,1.00304,0.00015,1.00703,8.00E-05,0.99933,0.00024,0.99963,0.00021,1.0007,0.00012,1.00149,9.00E-05
1.68,0.91133,0.01029,0.9602,0.00278,1.008,0.00014,1.01792,8.00E-05,0.99254,0.00064,0.9953,0.00045,1.0028,0.00012,1.00646,7.00E-05,0.99939,0.0002,0.99967,0.00017,1.00063,0.0001,1.00134,7.00E-05
1.7,0.91556,0.00916,0.96231,0.00241,1.0075,0.00012,1.01669,6.00E-05,0.99307,0.00054,0.99564,0.00037,1.00258,0.0001,1.00594,6.00E-05,0.99945,0.00017,0.9997,0.00014,1.00056,8.00E-05,1.0012,6.00E-05
1.72,0.91962,0.00813,0.96432,0.00209,1.00702,0.0001,1.01554,5.00E-05,0.99357,0.00045,0.99596,0.00031,1.00238,8.00E-05,1.00547,5.00E-05,0.99951,0.00014,0.99973,0.00012,1.0005,7.00E-05,1.00108,5.00E-05
1.74,0.92352,0.00721,0.96625,0.0018,1.00657,8.00E-05,1.01445,4.00E-05,0.99403,0.00038,0.99625,0.00026,1.00219,7.00E-05,1.00502,4.00E-05,0.99956,0.00011,0.99976,0.0001,1.00045,5.00E-05,1.00097,4.00E-05
1.76,0.92726,0.00638,0.96808,0.00155,1.00615,6.00E-05,1.01344,4.00E-05,0.99446,0.00032,0.99653,0.00022,1.00202,5.00E-05,1.00461,3.00E-05,0.9996,9.00E-05,0.99978,8.00E-05,1.0004,4.00E-05,1.00086,3.00E-05
1.78,0.93085,0.00564,0.96982,0.00133,1.00575,5.00E-05,1.01249,3.00E-05,0.99486,0.00027,0.99678,0.00018,1.00186,4.00E-05,1.00424,2.00E-05,0.99964,8.00E-05,0.9998,6.00E-05,1.00036,3.00E-05,1.00077,2.00E-05
1.8,0.93429,0.00497,0.97149,0.00114,1.00538,4.00E-05,1.01161,3.00E-05,0.99524,0.00022,0.99702,0.00015,1.00171,4.00E-05,1.00389,2.00E-05,0.99968,6.00E-05,0.99982,5.00E-05,1.00032,3.00E-05,1.00069,2.00E-05
1.82,0.93759,0.00437,0.97307,0.00098,1.00502,4.00E-05,1.01078,2.00E-05,0.99559,0.00018,0.99724,0.00012,1.00157,3.00E-05,1.00357,2.00E-05,0.99971,5.00E-05,0.99984,4.00E-05,1.00029,2.00E-05,1.00062,2.00E-05
1.84,0.94075,0.00384,0.97458,0.00084,1.00469,3.00E-05,1.01,2.00E-05,0.99591,0.00015,0.99745,0.0001,1.00145,2.00E-05,1.00327,1.00E-05,0.99974,4.00E-05,0.99986,3.00E-05,1.00026,2.00E-05,1.00055,1.00E-05
1.86,0.94378,0.00337,0.97601,0.00072,1.00438,2.00E-05,1.00928,2.00E-05,0.99621,0.00013,0.99764,8.00E-05,1.00133,2.00E-05,1.003,1.00E-05,0.99976,3.00E-05,0.99987,3.00E-05,1.00023,1.00E-05,1.0005,1.00E-05
1.88,0.94667,0.00295,0.97737,0.00061,1.00409,2.00E-05,1.0086,1.00E-05,0.99649,0.0001,0.99781,7.00E-05,1.00122,1.00E-05,1.00275,1.00E-05,0.99979,3.00E-05,0.99988,2.00E-05,1.00021,1.00E-05,1.00044,1.00E-05
1.9,0.94944,0.00257,0.97867,0.00052,1.00381,2.00E-05,1.00797,1.00E-05,0.99675,9.00E-05,0.99798,6.00E-05,1.00112,1.00E-05,1.00252,1.00E-05,0.99981,2.00E-05,0.9999,2.00E-05,1.00019,1.00E-05,1.0004,1.00E-05
1.92,0.95209,0.00224,0.9799,0.00044,1.00355,1.00E-05,1.00738,1.00E-05,0.997,7.00E-05,0.99813,5.00E-05,1.00103,1.00E-05,1.0023,1.00E-05,0.99983,2.00E-05,0.99991,1.00E-05,1.00017,1.00E-05,1.00035,0
1.94,0.95462,0.00195,0.98106,0.00037,1.00331,1.00E-05,1.00683,1.00E-05,0.99722,6.00E-05,0.99827,4.00E-05,1.00094,1.00E-05,1.00211,0,0.99985,1.00E-05,0.99992,1.00E-05,1.00015,1.00E-05,1.00031,0
1.96,0.95704,0.0017,0.98217,0.00032,1.00308,1.00E-05,1.00632,1.00E-05,0.99743,5.00E-05,0.99841,3.00E-05,1.00086,1.00E-05,1.00193,0,0.99986,1.00E-05,0.99993,1.00E-05,1.00013,0,1.00028,0
1.98,0.95934,0.00147,0.98322,0.00027,1.00287,1.00E-05,1.00584,1.00E-05,0.99763,4.00E-05,0.99853,2.00E-05,1.00079,0,1.00176,0,0.99988,1.00E-05,0.99993,1.00E-05,1.00012,0,1.00025,0
2,0.96154,0.00127,0.98422,0.00022,1.00267,1.00E-05,1.0054,0,0.99781,3.00E-05,0.99864,2.00E-05,1.00072,0,1.00161,0,0.99989,1.00E-05,0.99994,1.00E-05,1.00011,0,1.00022,0
2.02,0.96364,0.0011,0.98516,0.00019,1.00248,0,1.00499,0,0.99797,3.00E-05,0.99875,2.00E-05,1.00066,0,1.00147,0,0.9999,1.00E-05,0.99995,0,1.00009,0,1.0002,0
2.04,0.96563,0.00095,0.98605,0.00016,1.00231,0,1.00461,0,0.99813,2.00E-05,0.99884,1.00E-05,1.00061,0,1.00135,0,0.99991,0,0.99995,0,1.00008,0,1.00017,0
2.06,0.96754,0.00082,0.9869,0.00013,1.00214,0,1.00425,0,0.99828,2.00E-05,0.99893,1.00E-05,1.00055,0,1.00123,0,0.99992,0,0.99996,0,1.00008,0,1.00015,0
2.08,0.96935,0.0007,0.9877,0.00011,1.00199,0,1.00392,0,0.99841,1.00E-05,0.99902,1.00E-05,1.00051,0,1.00112,0,0.99993,0,0.99996,0,1.00007,0,1.00014,0
2.1,0.97107,0.00061,0.98845,9.00E-05,1.00185,0,1.00361,0,0.99853,1.00E-05,0.9991,1.00E-05,1.00046,0,1.00103,0,0.99994,0,0.99996,0,1.00006,0,1.00012,0
2.12,0.97271,0.00052,0.98917,8.00E-05,1.00171,0,1.00333,0,0.99865,1.00E-05,0.99917,1.00E-05,1.00042,0,1.00093,0,0.99995,0,0.99997,0,1.00006,0,1.00011,0
2.14,0.97427,0.00044,0.98984,7.00E-05,1.00159,0,1.00306,0,0.99876,1.00E-05,0.99923,0,1.00039,0,1.00085,0,0.99996,0,0.99997,0,1.00005,0,1.00009,0
2.16,0.97575,0.00038,0.99048,5.00E-05,1.00147,0,1.00282,0,0.99885,1.00E-05,0.99929,0,1.00035,0,1.00078,0,0.99996,0,0.99997,0,1.00005,0,1.00008,0
2.18,0.97715,0.00032,0.99108,5.00E-05,1.00136,0,1.00259,0,0.99895,0,0.99935,0,1.00032,0,1.00071,0,0.99997,0,0.99997,0,1.00004,0,1.00007,0
2.2,0.97848,0.00028,0.99165,4.00E-05,1.00126,0,1.00238,0,0.99903,0,0.9994,0,1.00029,0,1.00064,0,0.99997,0,0.99998,0,1.00004,0,1.00006,0
2.22,0.97975,0.00024,0.99219,3.00E-05,1.00117,0,1.00219,0,0.99911,0,0.99945,0,1.00027,0,1.00059,0,0.99998,0,0.99998,0,1.00003,0,1.00005,0
2.24,0.98095,0.0002,0.99269,3.00E-05,1.00108,0,1.00201,0,0.99918,0,0.9995,0,1.00025,0,1.00053,0,0.99998,0,0.99998,0,1.00003,0,1.00005,0
2.26,0.98208,0.00017,0.99317,2.00E-05,1.001,0,1.00185,0,0.99925,0,0.99954,0,1.00023,0,1.00048,0,0.99998,0,0.99998,0,1.00002,0,1.00004,0
2.28,0.98316,0.00014,0.99361,2.00E-05,1.00092,0,1.00169,0,0.99931,0,0.99957,0,1.00021,0,1.00044,0,0.99998,0,0.99998,0,1.00002,0,1.00003,0
2.3,0.98418,0.00012,0.99403,1.00E-05,1.00085,0,1.00155,0,0.99937,0,0.99961,0,1.00019,0,1.0004,0,0.99999,0,0.99999,0,1.00002,0,1.00003,0
2.32,0.98514,0.0001,0.99443,1.00E-05,1.00078,0,1.00142,0,0.99942,0,0.99964,0,1.00017,0,1.00036,0,0.99999,0,0.99999,0,1.00001,0,1.00002,0
2.34,0.98605,9.00E-05,0.9948,1.00E-05,1.00072,0,1.00131,0,0.99947,0,0.99967,0,1.00016,0,1.00033,0,0.99999,0,0.99999,0,1.00001,0,1.00002,0
2.36,0.98691,7.00E-05,0.99515,1.00E-05,1.00066,0,1.0012,0,0.99951,0,0.9997,0,1.00014,0,1.0003,0,0.99999,0,0.99999,0,1.00001,0,1.00001,0
2.38,0.98773,6.00E-05,0.99548,1.00E-05,1.00061,0,1.00109,0,0.99956,0,0.99973,0,1.00013,0,1.00027,0,0.99999,0,0.99999,0,1.00001,0,1.00001,0
2.4,0.9885,5.00E-05,0.99579,1.00E-05,1.00056,0,1.001,0,0.99959,0,0.99975,0,1.00012,0,1.00024,0,0.99999,0,0.99999,0,1,0,1.00001,0
2.42,0.98922,4.00E-05,0.99608,0,1.00052,0,1.00092,0,0.99963,0,0.99977,0,1.00011,0,1.00022,0,0.99999,0,0.99999,0,1,0,1,0
2.44,0.98991,4.00E-05,0.99635,0,1.00047,0,1.00084,0,0.99966,0,0.99979,0,1.0001,0,1.0002,0,0.99999,0,0.99999,0,1,0,1,0
2.46,0.99055,3.00E-05,0.9966,0,1.00044,0,1.00076,0,0.99969,0,0.99981,0,1.00009,0,1.00018,0,0.99999,0,0.99999,0,1,0,1,0
2.48,0.99116,3.00E-05,0.99684,0,1.0004,0,1.0007,0,0.99972,0,0.99983,0,1.00008,0,1.00016,0,0.99999,0,0.99999,0,1,0,1,0
2.5,0.99173,2.00E-05,0.99706,0,1.00037,0,1.00064,0,0.99974,0,0.99985,0,1.00008,0,1.00014,0,0.99999,0,0.99999,0,1,0,1,0
2.52,0.99227,2.00E-05,0.99727,0,1.00034,0,1.00058,0,0.99977,0,0.99986,0,1.00007,0,1.00013,0,0.99999,0,0.99999,0,1,0,0.99999,0
2.54,0.99278,2.00E-05,0.99746,0,1.00031,0,1.00053,0,0.99979,0,0.99987,0,1.00007,0,1.00012,0,0.99999,0,0.99999,0,1,0,0.99999,0
2.56,0.99325,1.00E-05,0.99764,0,1.00028,0,1.00048,0,0.99981,0,0.99989,0,1.00006,0,1.00011,0,0.99999,0,0.99999,0,1,0,0.99999,0
2.58,0.9937,1.00E-05,0.99781,0,1.00026,0,1.00044,0,0.99983,0,0.9999,0,1.00005,0,1.0001,0,0.99999,0,0.99999,0,1,0,0.99999,0
2.6,0.99412,1.00E-05,0.99797,0,1.00024,0,1.0004,0,0.99985,0,0.99991,0,1.00005,0,1.00009,0,0.99999,0,0.99999,0,1,0,0.99999,0
2.62,0.99452,1.00E-05,0.99812,0,1.00022,0,1.00036,0,0.99986,0,0.99992,0,1.00004,0,1.00008,0,0.99999,0,0.99999,0,1,0,0.99999,0
2.64,0.99489,1.00E-05,0.99826,0,1.0002,0,1.00033,0,0.99988,0,0.99993,0,1.00004,0,1.00007,0,0.99999,0,0.99999,0,1,0,0.99999,0
2.66,0.99523,1.00E-05,0.99839,0,1.00019,0,1.0003,0,0.99989,0,0.99994,0,1.00003,0,1.00007,0,0.99999,0,0.99999,0,1.00001,0,0.99999,0
2.68,0.99556,0,0.99851,0,1.00017,0,1.00027,0,0.9999,0,0.99995,0,1.00003,0,1.00006,0,0.99999,0,0.99999,0,1.00001,0,0.99999,0
2.7,0.99587,0,0.99862,0,1.00016,0,1.00024,0,0.99991,0,0.99995,0,1.00003,0,1.00006,0,0.99999,0,0.99999,0,1.00001,0,0.99999,0
2.72,0.99615,0,0.99873,0,1.00014,0,1.00022,0,0.99992,0,0.99996,0,1.00002,0,1.00005,0,1,0,0.99999,0,1.00001,0,0.99999,0
2.74,0.99642,0,0.99883,0,1.00013,0,1.00019,0,0.99994,0,0.99997,0,1.00002,0,1.00005,0,1,0,0.99999,0,1.00001,0,0.99999,0
2.76,0.99667,0,0.99892,0,1.00012,0,1.00017,0,0.99995,0,0.99998,0,1.00002,0,1.00004,0,1,0,0.99999,0,1.00002,0,0.99999,0
2.78,0.99691,0,0.999,0,1.00011,0,1.00016,0,0.99995,0,0.99998,0,1.00001,0,1.00004,0,1,0,0.99999,0,1.00002,0,1,0
2.8,0.99713,0,0.99908,0,1.0001,0,1.00014,0,0.99996,0,0.99999,0,1.00001,0,1.00003,0,1,0,0.99999,0,1.00002,0,1,0
2.82,0.99734,0,0.99915,0,1.00009,0,1.00013,0,0.99997,0,0.99999,0,1.00001,0,1.00003,0,1,0,0.99999,0,1.00002,0,1,0
2.84,0.99753,0,0.99922,0,1.00008,0,1.00011,0,0.99998,0,1,0,1.00001,0,1.00003,0,1,0,0.99999,0,1.00002,0,1,0
2.86,0.99771,0,0.99928,0,1.00008,0,1.0001,0,0.99998,0,1,0,1.00001,0,1.00003,0,1,0,0.99999,0,1.00002,0,1,0
2.88,0.99788,0,0.99934,0,1.00007,0,1.00009,0,0.99999,0,1,0,1.00001,0,1.00002,0,1,0,0.99999,0,1.00002,0,1,0
2.9,0.99803,0,0.99939,0,1.00006,0,1.00008,0,1,0,1.00001,0,1.00001,0,1.00002,0,1,0,0.99999,0,1.00002,0,1,0
2.92,0.99818,0,0.99944,0,1.00006,0,1.00007,0,1,0,1.00001,0,1.00001,0,1.00002,0,1.00001,0,0.99999,0,1.00001,0,1,0
2.94,0.99832,0,0.99948,0,1.00005,0,1.00007,0,1,0,1.00001,0,1.00001,0,1.00002,0,1.00001,0,0.99999,0,1.00001,0,1,0
2.96,0.99844,0,0.99953,0,1.00004,0,1.00006,0,1.00001,0,1.00001,0,1.00001,0,1.00002,0,1.00001,0,0.99999,0,1.00001,0,1,0
2.98,0.99856,0,0.99956,0,1.00004,0,1.00005,0,1.00001,0,1.00001,0,1.00001,0,1.00002,0,1.00001,0,0.99999,0,1.00001,0,1,0
3,0.99867,0,0.9996,0,1.00004,0,1.00005,0,1.00001,0,1.00001,0,1.00001,0,1.00001,0,1.00001,0,0.99999,0,1.00001,0,1,0
3.02,0.99877,0,0.99963,0,1.00003,0,1.00004,0,1.00002,0,1.00001,0,1.00001,0,1.00001,0,1.00001,0,0.99999,0,1.00001,0,1,0
3.04,0.99887,0,0.99967,0,1.00003,0,1.00003,0,1.00002,0,1.00001,0,1.00002,0,1.00001,0,1.00001,0,0.99999,0,1.00001,0,1,0
3.06,0.99895,0,0.99969,0,1.00003,0,1.00003,0,1.00002,0,1.00001,0,1.00002,0,1.00001,0,1.00001,0,0.99999,0,1,0,1,0
3.08,0.99903,0,0.99972,0,1.00003,0,1.00003,0,1.00002,0,1.00001,0,1.00002,0,1.00001,0,1.00001,0,0.99999,0,1,0,0.99999,0
3.1,0.99911,0,0.99975,0,1.00002,0,1.00002,0,1.00002,0,1.00001,0,1.00002,0,1.00001,0,1.00001,0,0.99999,0,1,0,0.99999,0
3.12,0.99918,0,0.99977,0,1.00002,0,1.00002,0,1.00002,0,1.00001,0,1.00002,0,1.00001,0,1.00001,0,0.99999,0,1,0,1,0
3.14,0.99924,0,0.99979,0,1.00002,0,1.00001,0,1.00002,0,1.00001,0,1.00002,0,1.00001,0,1.00001,0,0.99999,0,1,0,1,0
3.16,0.9993,0,0.99981,0,1.00002,0,1.00001,0,1.00002,0,1.00001,0,1.00002,0,1.00001,0,1.00001,0,0.99999,0,0.99999,0,0.99999,0
3.18,0.99936,0,0.99983,0,1.00002,0,1.00001,0,1.00002,0,1.00001,0,1.00002,0,1,0,1.00001,0,0.99999,0,0.99999,0,0.99999,0
3.2,0.99941,0,0.99984,0,1.00002,0,1.00001,0,1.00002,0,1.00001,0,1.00002,0,1,0,1.00001,0,0.99999,0,0.99999,0,0.99999,0
3.22,0.99946,0,0.99986,0,1.00003,0,1.00001,0,1.00002,0,1.00001,0,1.00002,0,1,0,1.00001,0,0.99999,0,0.99999,0,0.99999,0
3.24,0.9995,0,0.99987,0,1.00003,0,1.00001,0,1.00002,0,1.00001,0,1.00002,0,1,0,1.00001,0,0.99999,0,0.99999,0,0.99999,0
3.26,0.99954,0,0.99989,0,1.00003,0,1,0,1.00002,0,1.00001,0,1.00002,0,1,0,1,0,0.99999,0,0.99999,0,0.99999,0
3.28,0.99958,0,0.9999,0,1.00003,0,1.00001,0,1.00002,0,1.00001,0,1.00002,0,1,0,1,0,0.99999,0,0.99999,0,0.99999,0
3.3,0.99961,0,0.99991,0,1.00003,0,1.00001,0,1.00002,0,1.00001,0,1.00002,0,1,0,1,0,0.99999,0,0.99999,0,0.99999,0
3.32,0.99964,0,0.99992,0,1.00003,0,1.00001,0,1.00002,0,1.00001,0,1.00002,0,1,0,1,0,0.99999,0,0.99999,0,1,0
3.34,0.99967,0,0.99993,0,1.00003,0,1.00001,0,1.00001,0,1.00002,0,1.00002,0,1,0,1,0,0.99999,0,0.99999,0,1,0
3.36,0.9997,0,0.99994,0,1.00002,0,1.00001,0,1.00001,0,1.00002,0,1.00002,0,0.99999,0,1,0,0.99999,0,0.99999,0,1,0
3.38,0.99972,0,0.99994,0,1.00002,0,1,0,1.00001,0,1.00002,0,1.00002,0,0.99999,0,1,0,0.99999,0,0.99999,0,1,0
3.4,0.99974,0,0.99995,0,1.00002,0,1,0,1.00001,0,1.00002,0,1.00002,0,0.99999,0,1,0,0.99999,0,0.99999,0,1,0
3.42,0.99976,0,0.99996,0,1.00002,0,1,0,1.00001,0,1.00002,0,1.00002,0,0.99999,0,1,0,0.99999,0,0.99999,0,1.00001,0
3.44,0.99978,0,0.99996,0,1.00002,0,1,0,1.00001,0,1.00002,0,1.00002,0,0.99999,0,1,0,0.99999,0,0.99999,0,1.00001,0
3.46,0.9998,0,0.99997,0,1.00002,0,1,0,1.00001,0,1.00002,0,1.00002,0,0.99999,0,1,0,0.99999,0,0.99998,0,1.00001,0
3.48,0.99982,0,0.99997,0,1.00001,0,1,0,1.00001,0,1.00002,0,1.00002,0,0.99999,0,1,0,0.99999,0,0.99998,0,1.00001,0
3.5,0.99983,0,0.99998,0,1.00001,0,1,0,1.00001,0,1.00002,0,1.00002,0,0.99999,0,1,0,0.99999,0,0.99998,0,1.00001,0
3.52,0.99985,0,0.99998,0,1.00001,0,1,0,1.00001,0,1.00002,0,1.00002,0,0.99999,0,1,0,0.99999,0,0.99998,0,1.00001,0
3.54,0.99986,0,0.99999,0,1.00001,0,1,0,1.00001,0,1.00002,0,1.00002,0,0.99998,0,1,0,0.99999,0,0.99998,0,1.00001,0
3.56,0.99987,0,0.99999,0,1,0,1,0,1.00001,0,1.00003,0,1.00002,0,0.99998,0,1,0,0.99999,0,0.99998,0,1.00001,0
3.58,0.99988,0,1,0,1,0,1,0,1.00001,0,1.00003,0,1.00002,0,0.99998,0,1,0,0.99999,0,0.99998,0,1.00001,0
3.6,0.99989,0,1,0,1,0,1,0,1.00001,0,1.00002,0,1.00002,0,0.99998,0,1,0,0.99999,0,0.99998,0,1.00002,0
3.62,0.9999,0,1,0,1,0,1,0,1.00001,0,1.00002,0,1.00002,0,0.99998,0,1,0,0.99999,0,0.99998,0,1.00002,0
3.64,0.99991,0,1,0,1,0,1,0,1.00001,0,1.00002,0,1.00002,0,0.99998,0,1,0,0.99999,0,0.99998,0,1.00002,0
3.66,0.99992,0,1.00001,0,1,0,1,0,1.00001,0,1.00002,0,1.00002,0,0.99998,0,1,0,0.99999,0,0.99998,0,1.00002,0
3.68,0.99993,0,1.00001,0,1,0,1,0,1.00001,0,1.00002,0,1.00002,0,0.99998,0,1,0,0.99999,0,0.99998,0,1.00002,0
3.7,0.99993,0,1.00001,0,0.99999,0,1,0,1.00001,0,1.00002,0,1.00002,0,0.99997,0,1,0,0.99999,0,0.99998,0,1.00002,0
3.72,0.99994,0,1.00001,0,0.99999,0,1,0,1.00001,0,1.00002,0,1.00002,0,0.99997,0,1,0,0.99999,0,0.99998,0,1.00002,0
3.74,0.99994,0,1.00001,0,0.99999,0,1,0,1.00001,0,1.00002,0,1.00002,0,0.99997,0,1,0,0.99999,0,0.99998,0,1.00002,0
3.76,0.99995,0,1.00001,0,0.99999,0,1,0,1.00001,0,1.00002,0,1.00002,0,0.99997,0,1,0,0.99999,0,0.99998,0,1.00002,0
3.78,0.99995,0,1.00001,0,0.99999,0,1,0,1.00001,0,1.00002,0,1.00002,0,0.99997,0,1,0,1,0,0.99997,0,1.00002,0
3.8,0.99995,0,1.00001,0,0.99999,0,1,0,1.00001,0,1.00002,0,1.00001,0,0.99997,0,1,0,1,0,0.99997,0,1.00002,0
3.82,0.99996,0,1.00001,0,0.99999,0,1,0,1.00001,0,1.00002,0,1.00001,0,0.99997,0,1,0,1,0,0.99997,0,1.00002,0
3.84,0.99996,0,1.00001,0,0.99999,0,1,0,1.00001,0,1.00002,0,1.00001,0,0.99997,0,1,0,1,0,0.99997,0,1.00002,0
3.86,0.99996,0,1.00002,0,0.99999,0,1,0,1.00001,0,1.00002,0,1.00001,0,0.99997,0,1,0,1,0,0.99997,0,1.00002,0
3.88,0.99997,0,1.00002,0,0.99999,0,1,0,1.00001,0,1.00002,0,1.00001,0,0.99997,0,1,0,1,0,0.99997,0,1.00002,0
3.9,0.99997,0,1.00002,0,0.99999,0,1,0,1,0,1.00002,0,1.00001,0,0.99997,0,1,0,1,0,0.99997,0,1.00002,0
3.92,0.99997,0,1.00002,0,0.99998,0,1,0,1,0,1.00002,0,1.00001,0,0.99997,0,1,0,1,0,0.99997,0,1.00002,0
3.94,0.99998,0,1.00002,0,0.99998,0,1,0,1,0,1.00002,0,1,0,0.99997,0,1,0,1,0,0.99997,0,1.00002,0
3.96,0.99998,0,1.00002,0,0.99998,0,1,0,1,0,1.00002,0,1,0,0.99997,0,1,0,1,0,0.99998,0,1.00002,0
3.98,0.99998,0,1.00002,0,0.99998,0,1,0,1,0,1.00002,0,1,0,0.99997,0,1,0,1,0,0.99998,0,1.00002,0
4,0.99999,0,1.00002,0,0.99998,0,1,0,1,0,1.00002,0,1,0,0.99997,0,1,0,1,0,0.99998,0,1.00002,0
4.02,0.99999,0,1.00002,0,0.99998,0,1,0,1,0,1.00002,0,1,0,0.99997,0,1,0,1,0,0.99998,0,1.00002,0
4.04,0.99999,0,1.00002,0,0.99998,0,0.99999,0,1,0,1.00002,0,1,0,0.99998,0,0.99999,0,1,0,0.99998,0,1.00002,0
4.06,0.99999,0,1.00002,0,0.99998,0,0.99999,0,1,0,1.00002,0,0.99999,0,0.99998,0,0.99999,0,1,0,0.99998,0,1.00002,0
4.08,0.99999,0,1.00002,0,0.99999,0,0.99999,0,1,0,1.00002,0,0.99999,0,0.99998,0,0.99999,0,1,0,0.99998,0,1.00002,0
4.1,1,0,1.00002,0,0.99999,0,0.99999,0,1,0,1.00002,0,0.99999,0,0.99998,0,0.99999,0,1,0,0.99998,0,1.00002,0
4.12,1,0,1.00002,0,0.99999,0,0.99999,0,1,0,1.00002,0,0.99999,0,0.99998,0,0.99999,0,0.99999,0,0.99998,0,1.00002,0
4.14,1,0,1.00002,0,0.99999,0,0.99999,0,1,0,1.00002,0,0.99998,0,0.99998,0,0.99999,0,0.99999,0,0.99998,0,1.00002,0
4.16,1,0,1.00002,0,0.99999,0,0.99999,0,1,0,1.00002,0,0.99998,0,0.99998,0,0.99999,0,0.99999,0,0.99998,0,1.00002,0
4.18,1,0,1.00002,0,0.99999,0,0.99999,0,1,0,1.00003,0,0.99998,0,0.99998,0,0.99999,0,0.99999,0,0.99998,0,1.00002,0
4.2,1,0,1.00002,0,0.99999,0,0.99999,0,1,0,1.00003,0,0.99998,0,0.99998,0,0.99999,0,0.99998,0,0.99998,0,1.00002,0
4.22,1,0,1.00002,0,0.99999,0,0.99999,0,1,0,1.00003,0,0.99998,0,0.99998,0,0.99999,0,0.99998,0,0.99998,0,1.00002,0
4.24,1.00001,0,1.00002,0,0.99999,0,0.99999,0,1,0,1.00002,0,0.99998,0,0.99998,0,0.99999,0,0.99998,0,0.99998,0,1.00002,0
4.26,1.00001,0,1.00002,0,0.99999,0,0.99999,0,1,0,1.00002,0,0.99998,0,0.99999,0,0.99999,0,0.99998,0,0.99998,0,1.00002,0
4.28,1.00001,0,1.00002,0,0.99999,0,0.99999,0,1,0,1.00002,0,0.99998,0,0.99999,0,0.99999,0,0.99997,0,0.99999,0,1.00002,0
4.3,1.00001,0,1.00002,0,1,0,0.99999,0,1,0,1.00002,0,0.99998,0,0.99999,0,0.99998,0,0.99997,0,0.99999,0,1.00001,0
4.32,1.00001,0,1.00002,0,1,0,0.99999,0,1,0,1.00002,0,0.99997,0,0.99999,0,0.99998,0,0.99997,0,0.99999,0,1.00001,0
4.34,1.00001,0,1.00002,0,1,0,0.99999,0,1,0,1.00002,0,0.99997,0,0.99999,0,0.99998,0,0.99997,0,0.99999,0,1.00001,0
4.36,1.00001,0,1.00002,0,1,0,0.99999,0,1,0,1.00002,0,0.99997,0,0.99999,0,0.99998,0,0.99997,0,0.99999,0,1.00001,0
4.38001,1.00001,0,1.00002,0,1,0,0.99999,0,1,0,1.00002,0,0.99997,0,0.99999,0,0.99998,0,0.99997,0,0.99999,0,1.00001,0
4.40001,1.00001,0,1.00002,0,1,0,0.99999,0,1,0,1.00002,0,0.99997,0,0.99999,0,0.99998,0,0.99997,0,0.99999,0,1.00001,0
4.42001,1.00001,0,1.00002,0,1,0,0.99999,0,1,0,1.00002,0,0.99997,0,0.99999,0,0.99998,0,0.99997,0,0.99999,0,1.00001,0
4.44001,1.00001,0,1.00002,0,1,0,0.99999,0,1,0,1.00001,0,0.99997,0,0.99999,0,0.99998,0,0.99997,0,0.99999,0,1.00001,0
4.46001,1.00001,0,1.00003,0,1,0,0.99998,0,1,0,1.00001,0,0.99997,0,0.99999,0,0.99998,0,0.99997,0,0.99999,0,1.00001,0
4.48001,1.00001,0,1.00003,0,1,0,0.99998,0,1,0,1.00001,0,0.99997,0,0.99999,0,0.99998,0,0.99997,0,0.99999,0,1.00001,0
4.50001,1.00001,0,1.00003,0,1,0,0.99998,0,1,0,1.00001,0,0.99997,0,0.99999,0,0.99998,0,0.99997,0,0.99999,0,1,0
4.52001,1.00001,0,1.00003,0,1,0,0.99998,0,1,0,1.00001,0,0.99997,0,0.99999,0,0.99998,0,0.99997,0,1,0,1,0
4.54001,1.00001,0,1.00003,0,1,0,0.99998,0,1,0,1,0,0.99997,0,0.99999,0,0.99998,0,0.99997,0,1,0,1,0
4.56001,1.00001,0,1.00003,0,1,0,0.99998,0,1,0,1,0,0.99998,0,0.99999,0,0.99998,0,0.99997,0,1,0,1,0
4.58001,1,0,1.00003,0,1,0,0.99998,0,1,0,1,0,0.99998,0,0.99999,0,0.99998,0,0.99997,0,1,0,1,0
4.60001,1,0,1.00003,0,1,0,0.99998,0,1,0,1,0,0.99998,0,0.99999,0,0.99998,0,0.99998,0,1,0,1,0
4.62001,1,0,1.00002,0,1,0,0.99999,0,1,0,1,0,0.99998,0,0.99999,0,0.99998,0,0.99998,0,1,0,0.99999,0
4.64001,1,0,1.00002,0,1,0,0.99999,0,1,0,1,0,0.99998,0,0.99999,0,0.99999,0,0.99998,0,1.00001,0,0.99999,0
4.66001,1,0,1.00002,0,1,0,0.99999,0,1,0,0.99999,0,0.99998,0,0.99999,0,0.99999,0,0.99998,0,1.00001,0,0.99999,0
4.68001,1,0,1.00002,0,1,0,0.99999,0,1,0,0.99999,0,0.99998,0,0.99999,0,0.99999,0,0.99998,0,1.00001,0,0.99999,0
4.70001,1,0,1.00002,0,1,0,0.99999,0,1,0,0.99999,0,0.99998,0,0.99999,0,0.99999,0,0.99998,0,1.00001,0,0.99999,0
4.72001,1,0,1.00002,0,1,0,0.99999,0,1,0,0.99999,0,0.99998,0,0.99999,0,0.99999,0,0.99998,0,1,0,0.99999,0
4.74001,1,0,1.00002,0,1,0,0.99999,0,1,0,0.99999,0,0.99998,0,0.99999,0,0.99999,0,0.99999,0,1,0,0.99999,0
4.76001,1,0,1.00002,0,1,0,0.99999,0,1,0,0.99999,0,0.99998,0,0.99999,0,0.99999,0,0.99999,0,1,0,0.99999,0
4.78001,1,0,1.00001,0,1,0,0.99999,0,1,0,0.99999,0,0.99998,0,0.99999,0,0.99999,0,0.99999,0,1,0,0.99999,0
4.80001,1,0,1.00001,0,1,0,1,0,1,0,0.99999,0,0.99999,0,0.99999,0,0.99999,0,0.99999,0,1,0,0.99999,0
4.82002,1,0,1.00001,0,1,0,1,0,1,0,0.99999,0,0.99999,0,0.99999,0,0.99999,0,0.99999,0,1,0,0.99999,0
4.84002,1,0,1.00001,0,1,0,1,0,1,0,0.99999,0,0.99999,0,0.99999,0,0.99999,0,0.99999,0,1,0,0.99999,0
4.86002,1,0,1.00001,0,1,0,1,0,1,0,0.99999,0,0.99999,0,0.99999,0,0.99999,0,0.99999,0,1,0,0.99999,0
4.88002,1,0,1.00001,0,1,0,1,0,1,0,0.99999,0,0.99999,0,0.99999,0,0.99999,0,0.99999,0,1,0,0.99999,0
4.90002,1,0,1,0,1,0,1,0,1,0,0.99999,0,0.99999,0,0.99999,0,1,0,0.99999,0,1,0,1,0
4.92002,1,0,1,0,1,0,1,0,1,0,1,0,0.99999,0,1,0,1,0,1,0,1,0,1,0
4.94002,1,0,1,0,1,0,1,0,1,0,1,0,0.99999,0,1,0,1,0,1,0,1,0,1,0
4.96002,1,0,1,0,1,0,1,0,1,0,1,0,1,0,1,0,1,0,1,0,1,0,1,0
4.98002,1,0,1,0,1,0,1,0,1,0,1,0,1,0,1,0,1,0,1,0,1,0,1,0
5.00002,1,0,1,0,1,0,1,0,1,0,1,0,1,0,1,0,1,0,1,0,1,0,1,0
