Epsilon,N,Eta,k,Cf_val,combo,p_Cfval,,Cf-PCf
0,10,0,1,7.49838,0.0_10,7.3434305,,0.1549495
0,10,0.005,1,7.49832,0.0_10,7.3602552,,0.1380648
0,10,0.01,1,7.49836,0.0_10,7.37782,,0.12054
0,10,0.015,1,7.49863,0.0_10,7.3959646,,0.1026654
0,10,0.02,1,7.49842,0.0_10,7.4143686,,0.0840514
0,10,0.025,1,7.49877,0.0_10,7.4327917,,0.0659783
0,10,0.03,1,7.49875,0.0_10,7.4509954,,0.0477546
0,10,0.035,1,7.49864,0.0_10,7.4686995,,0.0299405
0,10,0.04,1,7.49859,0.0_10,7.4855146,,0.0130754
0,10,0.045,1,7.49856,0.0_10,7.501292,,-0.002732
0,10,0.05,1,7.49853,0.0_10,7.5156183,,-0.0170883
0,10,0.055,1,7.49851,0.0_10,7.528407,,-0.029897
0,10,0.06,1,7.49879,0.0_10,7.5394087,,-0.0406187
0,10,0.065,1,7.49874,0.0_10,7.5485106,,-0.0497706
0,10,0.07,1,7.49886,0.0_10,7.5555544,,-0.0566944
0,10,0.075,1,7.49904,0.0_10,7.5605993,,-0.0615593
0,10,0.08,1,7.4988,0.0_10,7.563657,,-0.064857
0,10,0.085,1,7.49871,0.0_10,7.564725,,-0.066015
0,10,0.09,1,7.4988,0.0_10,7.5639963,,-0.0651963
0,10,0.095,1,7.49882,0.0_10,7.561658,,-0.062838
0,10,0.1,1,7.49897,0.0_10,7.558032,,-0.059062
0,10,0.105,1,7.49902,0.0_10,7.5531855,,-0.0541655
0,10,0.11,1,7.49925,0.0_10,7.54753,,-0.04828
0,10,0.115,1,7.49934,0.0_10,7.541436,,-0.042096
0,10,0.12,1,7.4995,0.0_10,7.535081,,-0.035581
0,10,0.125,1,7.49969,0.0_10,7.528947,,-0.029257
0,10,0.13,1,7.49976,0.0_10,7.5230913,,-0.0233313
0,10,0.135,1,7.50012,0.0_10,7.5178976,,-0.0177776
0,10,0.14,1,7.50029,0.0_10,7.513631,,-0.013341
0,10,0.145,1,7.50083,0.0_10,7.5104036,,-0.0095736
0,10,0.15,1,7.50113,0.0_10,7.5083456,,-0.0072156
0,10,0.155,1,7.5018,0.0_10,7.5074663,,-0.0056663
0,10,0.16,1,7.50209,0.0_10,7.507806,,-0.005716
0,10,0.165,1,7.50262,0.0_10,7.5094347,,-0.0068147
0,10,0.17,1,7.50298,0.0_10,7.512122,,-0.009142
0,10,0.175,1,7.50369,0.0_10,7.515849,,-0.012159
0,10,0.18,1,7.50427,0.0_10,7.5202456,,-0.0159756
0,10,0.185,1,7.50476,0.0_10,7.5253496,,-0.0205896
0,10,0.19,1,7.50555,0.0_10,7.5306864,,-0.0251364
0,10,0.195,1,7.50622,0.0_10,7.5363207,,-0.0301007
0,10,0.2,1,7.5071,0.0_10,7.5417547,,-0.0346547
0,10,0.205,1,7.50828,0.0_10,7.54687,,-0.03859
0,10,0.21,1,7.50944,0.0_10,7.5515165,,-0.0420765
0,10,0.215,1,7.51041,0.0_10,7.5552435,,-0.0448335
0,10,0.22,1,7.51147,0.0_10,7.5581408,,-0.0466708
0,10,0.225,1,7.51286,0.0_10,7.560199,,-0.047339
0,10,0.23,1,7.51398,0.0_10,7.561059,,-0.047079
0,10,0.235,1,7.51559,0.0_10,7.560788,,-0.045198
0,10,0.24,1,7.51715,0.0_10,7.5594397,,-0.0422897
0,10,0.245,1,7.5186,0.0_10,7.5570326,,-0.0384326
0,10,0.25,1,7.52029,0.0_10,7.5537653,,-0.0334753
0,10,0.255,1,7.52215,0.0_10,7.549489,,-0.027339
0,10,0.26,1,7.52399,0.0_10,7.544713,,-0.020723
0,10,0.265,1,7.52601,0.0_10,7.5394773,,-0.0134673
0,10,0.27,1,7.52841,0.0_10,7.534013,,-0.005603
0,10,0.275,1,7.53082,0.0_10,7.5286264,,0.0021936
0,10,0.28,1,7.53316,0.0_10,7.5234613,,0.0096987
0,10,0.285,1,7.53583,0.0_10,7.5189753,,0.0168547
0,10,0.29,1,7.5386,0.0_10,7.5153,,0.0233
0,10,0.295,1,7.54147,0.0_10,7.5127306,,0.0287394
0,10,0.3,1,7.54445,0.0_10,7.5115423,,0.0329077
0,10,0.305,1,7.54756,0.0_10,7.511882,,0.035678
0,10,0.31,1,7.55106,0.0_10,7.514081,,0.036979
0,10,0.315,1,7.55469,0.0_10,7.518117,,0.036573
0,10,0.32,1,7.55843,0.0_10,7.524171,,0.034259
0,10,0.325,1,7.56224,0.0_10,7.5322638,,0.0299762
0,10,0.33,1,7.56635,0.0_10,7.5424356,,0.0239144
0,10,0.335,1,7.57078,0.0_10,7.554555,,0.016225
0,10,0.34,1,7.57521,0.0_10,7.568553,,0.006657
0,10,0.345,1,7.57999,0.0_10,7.5840883,,-0.0040983
0,10,0.35,1,7.58492,0.0_10,7.600993,,-0.016073
0,10,0.355,1,7.59003,0.0_10,7.618907,,-0.028877
0,10,0.36,1,7.59546,0.0_10,7.6375017,,-0.0420417
0,10,0.365,1,7.6011,0.0_10,7.656335,,-0.055235
0,10,0.37,1,7.60696,0.0_10,7.6749086,,-0.0679486
0,10,0.375,1,7.61296,0.0_10,7.6928415,,-0.0798815
0,10,0.38,1,7.61927,0.0_10,7.709628,,-0.090358
0,10,0.385,1,7.62589,0.0_10,7.7248335,,-0.0989435
0,10,0.39,1,7.63278,0.0_10,7.737962,,-0.105182
0,10,0.395,1,7.63989,0.0_10,7.7487726,,-0.1088826
0,10,0.4,1,7.64721,0.0_10,7.756797,,-0.109587
0,10,0.405,1,7.65495,0.0_10,7.761861,,-0.106911
0,10,0.41,1,7.66287,0.0_10,7.7638197,,-0.1009497
0,10,0.415,1,7.67099,0.0_10,7.76262,,-0.09163
0,10,0.42,1,7.67939,0.0_10,7.7581644,,-0.0787744
0,10,0.425,1,7.68816,0.0_10,7.7508707,,-0.0627107
0,10,0.43,1,7.69735,0.0_10,7.740859,,-0.043509
0,10,0.435,1,7.70654,0.0_10,7.72857,,-0.02203
0,10,0.44,1,7.71599,0.0_10,7.7145224,,0.0014676
0,10,0.445,1,7.72581,0.0_10,7.699376,,0.026434
0,10,0.45,1,7.73596,0.0_10,7.6837397,,0.0522203
0,10,0.455,1,7.74636,0.0_10,7.6685247,,0.0778353
0,10,0.46,1,7.75702,0.0_10,7.654437,,0.102583
0,10,0.465,1,7.76795,0.0_10,7.6423674,,0.1255826
0,10,0.47,1,7.77912,0.0_10,7.633294,,0.145826
0,10,0.475,1,7.79049,0.0_10,7.62794,,0.16255
0,10,0.48,1,7.80221,0.0_10,7.627181,,0.175029
0,10,0.485,1,7.81404,0.0_10,7.631627,,0.182413
0,10,0.49,1,7.82618,0.0_10,7.641858,,0.184322
0,10,0.495,1,7.83841,0.0_10,7.6582937,,0.1801163
0,10,0.5,1,7.85091,0.0_10,7.6812124,,0.1696976
0,10,0.505,1,7.86134,0.0_10,7.7106657,,0.1506743
0,10,0.515,1,7.88765,0.0_10,7.788398,,0.099252
0,10,0.525,1,7.91465,0.0_10,7.8882704,,0.0263796
0,10,0.535,1,7.94188,0.0_10,8.004666,,-0.062786
0,10,0.545,1,7.96937,0.0_10,8.130277,,-0.160907
0,10,0.555,1,7.99692,0.0_10,8.256185,,-0.259265
0,10,0.565,1,8.02425,0.0_10,8.370885,,-0.346635
0,10,0.575,1,8.05128,0.0_10,8.457936,,-0.406656
0,10,0.585,1,8.07779,0.0_10,8.4966135,,-0.4188235
0,10,0.595,1,8.10355,0.0_10,8.467498,,-0.363948
0,10,0.605,1,8.12845,0.0_10,8.36373,,-0.23528
0,10,0.615,1,8.1519,0.0_10,8.2016325,,-0.0497325
0,10,0.625,1,8.17393,0.0_10,8.02315,,0.15078
0,10,0.635,1,8.19434,0.0_10,7.885173,,0.309167
0,10,0.645,1,8.21266,0.0_10,7.8394423,,0.3732177
0,10,0.655,1,8.22891,0.0_10,7.909732,,0.319178
0,10,0.665,1,8.24253,0.0_10,8.078042,,0.164488
0,10,0.675,1,8.25346,0.0_10,8.286038,,-0.032578
0,10,0.685,1,8.26134,0.0_10,8.4557085,,-0.1943685
0,10,0.695,1,8.26633,0.0_10,8.520553,,-0.254223
0,10,0.705,1,8.26768,0.0_10,8.45465,,-0.18697
0,10,0.715,1,8.26549,0.0_10,8.286439,,-0.020949
0,10,0.725,1,8.25977,0.0_10,8.090331,,0.169439
0,10,0.735,1,8.25005,0.0_10,7.9604254,,0.2896246
0,10,0.745,1,8.23641,0.0_10,7.9706163,,0.2657937
0,10,0.755,1,8.21889,0.0_10,8.132535,,0.086355
0,10,0.765,1,8.19712,0.0_10,8.368506,,-0.171386
0,10,0.775,1,8.17149,0.0_10,8.527936,,-0.356446
0,10,0.785,1,8.14201,0.0_10,8.466479,,-0.324469
0,10,0.795,1,8.10868,0.0_10,8.16034,,-0.05166
0,10,0.805,1,8.07191,0.0_10,7.765668,,0.306242
0,10,0.815,1,8.03165,0.0_10,7.5279684,,0.5036816
0,10,0.825,1,7.98851,0.0_10,7.577445,,0.411065
0,10,0.835,1,7.94268,0.0_10,7.8210096,,0.1216704
0,10,0.845,1,7.89465,0.0_10,8.062877,,-0.168227
0,10,0.855,1,7.84503,0.0_10,8.192542,,-0.347512
0,10,0.865,1,7.79443,0.0_10,8.213094,,-0.418664
0,10,0.875,1,7.74342,0.0_10,8.152486,,-0.409066
0,10,0.885,1,7.69268,0.0_10,8.015378,,-0.322698
0,10,0.895,1,7.64304,0.0_10,7.806052,,-0.163012
0,10,0.905,1,7.59525,0.0_10,7.5584,,0.03685
0,10,0.915,1,7.55019,0.0_10,7.3317404,,0.2184496
0,10,0.925,1,7.50858,0.0_10,7.184531,,0.324049
0,10,0.935,1,7.47128,0.0_10,7.1423883,,0.3288917
0,10,0.945,1,7.43893,0.0_10,7.1826735,,0.2562565
0,10,0.955,1,7.41225,0.0_10,7.252801,,0.159449
0,10,0.965,1,7.39196,0.0_10,7.311698,,0.080262
0,10,0.975,1,7.37844,0.0_10,7.35633,,0.02211
0,10,0.985,1,7.37208,0.0_10,7.409272,,-0.037192
0,10,0.995,1,7.37293,0.0_10,7.486974,,-0.114044
0,10,1.005,1,7.38119,0.0_10,7.5796213,,-0.1984313
0,10,1.015,1,7.39666,0.0_10,7.655345,,-0.258685
0,10,1.025,1,7.41923,0.0_10,7.680703,,-0.261473
0,10,1.035,1,7.4483,0.0_10,7.643626,,-0.195326
0,10,1.045,1,7.48395,0.0_10,7.5620375,,-0.0780875
0,10,1.055,1,7.52507,0.0_10,7.470748,,0.054322
0,10,1.065,1,7.57122,0.0_10,7.399192,,0.172028
0,10,1.075,1,7.6218,0.0_10,7.3678083,,0.2539917
0,10,1.085,1,7.67606,0.0_10,7.395135,,0.280925
0,10,1.095,1,7.73325,0.0_10,7.4890413,,0.2442087
0,10,1.105,1,7.79231,0.0_10,7.6328955,,0.1594145
0,10,1.115,1,7.85262,0.0_10,7.794463,,0.058157
0,10,1.125,1,7.91314,0.0_10,7.9455385,,-0.0323985
0,10,1.135,1,7.97263,0.0_10,8.069949,,-0.097319
0,10,1.145,1,8.03014,0.0_10,8.161719,,-0.131579
0,10,1.155,1,8.08438,0.0_10,8.222615,,-0.138235
0,10,1.165,1,8.1343,0.0_10,8.260661,,-0.126361
0,10,1.175,1,8.17863,0.0_10,8.286899,,-0.108269
0,10,1.185,1,8.21646,0.0_10,8.309379,,-0.092919
0,10,1.195,1,8.24643,0.0_10,8.328601,,-0.082171
0,10,1.205,1,8.26769,0.0_10,8.337323,,-0.069633
0,10,1.215,1,8.27944,0.0_10,8.326962,,-0.047522
0,10,1.225,1,8.28106,0.0_10,8.295819,,-0.014759
0,10,1.235,1,8.27204,0.0_10,8.253688,,0.018352
0,10,1.245,1,8.25224,0.0_10,8.216281,,0.035959
0,10,1.255,1,8.22152,0.0_10,8.191302,,0.030218
0,10,1.265,1,8.18048,0.0_10,8.167233,,0.013247
0,10,1.275,1,8.12959,0.0_10,8.119065,,0.010525
0,10,1.285,1,8.06968,0.0_10,8.030025,,0.039655
0,10,1.295,1,8.00208,0.0_10,7.9109907,,0.0910893
0,10,1.305,1,7.92847,0.0_10,7.796811,,0.131659
0,10,1.315,1,7.85041,0.0_10,7.7222567,,0.1281533
0,10,1.325,1,7.77015,0.0_10,7.7004747,,0.0696753
0,10,1.335,1,7.69003,0.0_10,7.7203684,,-0.0303384
0,10,1.345,1,7.61248,0.0_10,7.7580843,,-0.1456043
0,10,1.355,1,7.54011,0.0_10,7.789338,,-0.249228
0,10,1.365,1,7.47554,0.0_10,7.7951727,,-0.3196327
0,10,1.375,1,7.42106,0.0_10,7.7637205,,-0.3426605
0,10,1.385,1,7.37888,0.0_10,7.690234,,-0.311354
0,10,1.395,1,7.35094,0.0_10,7.5774145,,-0.2264745
0,10,1.405,1,7.33812,0.0_10,7.4358587,,-0.0977387
0,10,1.415,1,7.34149,0.0_10,7.284442,,0.057048
0,10,1.425,1,7.36079,0.0_10,7.1495714,,0.2112186
0,10,1.435,1,7.39575,0.0_10,7.062398,,0.333352
0,10,1.445,1,7.44476,0.0_10,7.0525675,,0.3921925
0,10,1.455,1,7.50617,0.0_10,7.139621,,0.366549
0,10,1.465,1,7.57789,0.0_10,7.3237276,,0.2541624
0,10,1.475,1,7.65771,0.0_10,7.5792418,,0.0784682
0,10,1.485,1,7.7425,0.0_10,7.8563986,,-0.1138986
0,10,1.495,1,7.82994,0.0_10,8.093389,,-0.263449
0,10,1.505,1,7.91697,0.0_10,8.238061,,-0.321091
0,10,1.515,1,8.00085,0.0_10,8.2711115,,-0.2702615
0,10,1.525,1,8.0788,0.0_10,8.218858,,-0.140058
0,10,1.535,1,8.14825,0.0_10,8.144753,,0.003497
0,10,1.545,1,8.20678,0.0_10,8.117908,,0.088872
0,10,1.555,1,8.25206,0.0_10,8.172559,,0.079501
0,10,1.565,1,8.28237,0.0_10,8.283122,,-0.000752
0,10,1.575,1,8.29605,0.0_10,8.377208,,-0.081158
0,10,1.585,1,8.29221,0.0_10,8.38627,,-0.09406
0,10,1.595,1,8.27048,0.0_10,8.298657,,-0.028177
0,10,1.605,1,8.23085,0.0_10,8.17081,,0.06004
0,10,1.615,1,8.17433,0.0_10,8.078603,,0.095727
0,10,1.625,1,8.10232,0.0_10,8.052445,,0.049875
0,10,1.635,1,8.01735,0.0_10,8.057799,,-0.040449
0,10,1.645,1,7.92232,0.0_10,8.035621,,-0.113301
0,10,1.655,1,7.82097,0.0_10,7.9537516,,-0.1327816
0,10,1.665,1,7.71741,0.0_10,7.8231764,,-0.1057664
0,10,1.675,1,7.6164,0.0_10,7.677785,,-0.061385
0,10,1.685,1,7.52295,0.0_10,7.54819,,-0.02524
0,10,1.695,1,7.44186,0.0_10,7.448579,,-0.006719
0,10,1.705,1,7.37768,0.0_10,7.378459,,-0.000779
0,10,1.715,1,7.33431,0.0_10,7.3306017,,0.0037083
0,10,1.725,1,7.31436,0.0_10,7.2979116,,0.0164484
0,10,1.735,1,7.3193,0.0_10,7.277669,,0.041631
0,10,1.745,1,7.34927,0.0_10,7.272214,,0.077056
0,10,1.755,1,7.40263,0.0_10,7.2877207,,0.1149093
0,10,1.765,1,7.47661,0.0_10,7.331641,,0.144969
0,10,1.775,1,7.56715,0.0_10,7.4100924,,0.1570576
0,10,1.785,1,7.66958,0.0_10,7.525819,,0.143761
0,10,1.795,1,7.77873,0.0_10,7.6760874,,0.1026426
0,10,1.805,1,7.88904,0.0_10,7.852721,,0.036319
0,10,1.815,1,7.99526,0.0_10,8.042665,,-0.047405
0,10,1.825,1,8.09242,0.0_10,8.229049,,-0.136629
0,10,1.835,1,8.17572,0.0_10,8.394204,,-0.218484
0,10,1.845,1,8.2412,0.0_10,8.521571,,-0.280371
0,10,1.855,1,8.28548,0.0_10,8.598233,,-0.312753
0,10,1.865,1,8.30611,0.0_10,8.616927,,-0.310817
0,10,1.875,1,8.30155,0.0_10,8.576522,,-0.274972
0,10,1.885,1,8.27145,0.0_10,8.482146,,-0.210696
0,10,1.895,1,8.21645,0.0_10,8.344468,,-0.128018
0,10,1.905,1,8.1388,0.0_10,8.1781645,,-0.0393645
0,10,1.915,1,8.04173,0.0_10,7.9997816,,0.0419484
0,10,1.925,1,7.92988,0.0_10,7.826024,,0.103856
0,10,1.935,1,7.80914,0.0_10,7.6716604,,0.1374796
0,10,1.945,1,7.68638,0.0_10,7.5476103,,0.1387697
0,10,1.955,1,7.56896,0.0_10,7.459359,,0.109601
0,10,1.965,1,7.46488,0.0_10,7.405036,,0.059844
0,10,1.975,1,7.38123,0.0_10,7.375182,,0.006048
0,10,1.985,1,7.32465,0.0_10,7.350684,,-0.026034
0,10,1.995,1,7.29969,0.0_10,7.302327,,-0.002637
0,10,2.005,1,7.3087,0.0_10,7.191285,,0.117415
0.1,10,0,2,7.49838,0.1_10,8.539475,,-1.041095
0.1,10,0.005,2,7.48754,0.1_10,8.323285,,-0.835745
0.1,10,0.01,2,7.45535,0.1_10,8.101941,,-0.646591
0.1,10,0.015,2,7.4016,0.1_10,7.875182,,-0.473582
0.1,10,0.02,2,7.32622,0.1_10,7.642707,,-0.316487
0.1,10,0.025,2,7.22987,0.1_10,7.4042463,,-0.1743763
0.1,10,0.03,2,7.11154,0.1_10,7.1594324,,-0.0478924
0.1,10,0.035,2,6.97164,0.1_10,6.907874,,0.063766
0.1,10,0.04,2,6.81029,0.1_10,6.6492224,,0.1610676
0.1,10,0.045,2,6.62737,0.1_10,6.3830786,,0.2442914
0.1,10,0.05,2,6.42322,0.1_10,6.10888,,0.31434
0.1,10,0.055,2,6.19735,0.1_10,5.82615,,0.3712
0.1,10,0.06,2,5.95017,0.1_10,5.5344267,,0.4157433
0.1,10,0.065,2,5.68124,0.1_10,5.2330923,,0.4481477
0.1,10,0.07,2,5.39116,0.1_10,4.921588,,0.469572
0.1,10,0.075,2,5.07977,0.1_10,4.5992327,,0.4805373
0.1,10,0.08,2,4.74668,0.1_10,4.2654266,,0.4812534
0.1,10,0.085,2,4.39257,0.1_10,3.9194622,,0.4731078
0.1,10,0.09,2,4.01707,0.1_10,3.560649,,0.456421
0.1,10,0.095,2,3.62065,0.1_10,3.1881676,,0.4324824
0.1,10,0.1,2,3.20318,0.1_10,2.8013592,,0.4018208
0.1,10,0.105,2,2.76464,0.1_10,2.3994236,,0.3652164
0.1,10,0.11,2,2.30543,0.1_10,1.9815226,,0.3239074
0.1,10,0.115,2,1.8254,0.1_10,1.5468855,,0.2785145
0.1,10,0.12,2,1.32471,0.1_10,1.0947046,,0.2300054
0.1,10,0.125,2,0.80361,0.1_10,0.62417984,,0.17943016
0.1,10,0.13,2,0.2625,0.1_10,0.13459206,,0.12790794
0.1,10,0.135,2,-0.29876,0.1_10,-0.37487793,,0.07611793
0.1,10,0.14,2,-0.87959,0.1_10,-0.9048605,,0.0252705
0.1,10,0.145,2,-1.47979,0.1_10,-1.4560938,,-0.0236962
0.1,10,0.15,2,-2.09906,0.1_10,-2.0290184,,-0.0700416
0.1,10,0.155,2,-2.73711,0.1_10,-2.6242533,,-0.1128567
0.1,10,0.16,2,-3.39355,0.1_10,-3.242188,,-0.151362
0.1,10,0.165,2,-4.06814,0.1_10,-3.8830724,,-0.1850676
0.1,10,0.17,2,-4.76024,0.1_10,-4.5470166,,-0.2132234
0.1,10,0.175,2,-5.46918,0.1_10,-5.23419,,-0.23499
0.1,10,0.18,2,-6.19476,0.1_10,-5.9442735,,-0.2504865
0.1,10,0.185,2,-6.93625,0.1_10,-6.6769366,,-0.2593134
0.1,10,0.19,2,-7.69307,0.1_10,-7.431751,,-0.261319
0.1,10,0.195,2,-8.4644,0.1_10,-8.207916,,-0.256484
0.1,10,0.2,2,-9.24961,0.1_10,-9.004423,,-0.245187
0.1,10,0.205,2,-10.04778,0.1_10,-9.820263,,-0.227517
0.1,10,0.21,2,-10.85807,0.1_10,-10.653897,,-0.204173
0.1,10,0.215,2,-11.67974,0.1_10,-11.503737,,-0.176003
0.1,10,0.22,2,-12.5118,0.1_10,-12.368005,,-0.143795
0.1,10,0.225,2,-13.35299,0.1_10,-13.244671,,-0.108319
0.1,10,0.23,2,-14.20234,0.1_10,-14.131558,,-0.070782
0.1,10,0.235,2,-15.05871,0.1_10,-15.026249,,-0.032461
0.1,10,0.24,2,-15.92104,0.1_10,-15.926334,,0.005294
0.1,10,0.245,2,-16.78763,0.1_10,-16.829227,,0.041597
0.1,10,0.25,2,-17.6572,0.1_10,-17.732422,,0.075222
0.1,10,0.255,2,-18.52845,0.1_10,-18.633066,,0.104616
0.1,10,0.26,2,-19.39967,0.1_10,-19.528755,,0.129085
0.1,10,0.265,2,-20.26954,0.1_10,-20.416962,,0.147422
0.1,10,0.27,2,-21.13611,0.1_10,-21.295128,,0.159018
0.1,10,0.275,2,-21.99775,0.1_10,-22.161173,,0.163423
0.1,10,0.28,2,-22.85245,0.1_10,-23.012985,,0.160535
0.1,10,0.285,2,-23.69855,0.1_10,-23.848673,,0.150123
0.1,10,0.29,2,-24.53392,0.1_10,-24.666706,,0.132786
0.1,10,0.295,2,-25.35643,0.1_10,-25.465647,,0.109217
0.1,10,0.3,2,-26.16397,0.1_10,-26.244385,,0.080415
0.1,10,0.305,2,-26.95435,0.1_10,-27.002037,,0.047687
0.1,10,0.31,2,-27.72538,0.1_10,-27.737957,,0.012577
0.1,10,0.315,2,-28.47477,0.1_10,-28.45145,,-0.02332
0.1,10,0.32,2,-29.19978,0.1_10,-29.142197,,-0.057583
0.1,10,0.325,2,-29.89837,0.1_10,-29.809616,,-0.088754
0.1,10,0.33,2,-30.56769,0.1_10,-30.453274,,-0.114416
0.1,10,0.335,2,-31.20527,0.1_10,-31.0724,,-0.13287
0.1,10,0.34,2,-31.80848,0.1_10,-31.665855,,-0.142625
0.1,10,0.345,2,-32.37454,0.1_10,-32.232155,,-0.142385
0.1,10,0.35,2,-32.90084,0.1_10,-32.76919,,-0.13165
0.1,10,0.355,2,-33.38458,0.1_10,-33.273857,,-0.110723
0.1,10,0.36,2,-33.82318,0.1_10,-33.742622,,-0.080558
0.1,10,0.365,2,-34.21365,0.1_10,-34.17073,,-0.04292
0.1,10,0.37,2,-34.55319,0.1_10,-34.552723,,-0.000467
0.1,10,0.375,2,-34.83915,0.1_10,-34.882416,,0.043266
0.1,10,0.38,2,-35.06858,0.1_10,-35.153187,,0.084607
0.1,10,0.385,2,-35.23893,0.1_10,-35.358578,,0.119648
0.1,10,0.39,2,-35.34731,0.1_10,-35.49268,,0.14537
0.1,10,0.395,2,-35.39122,0.1_10,-35.550827,,0.159607
0.1,10,0.4,2,-35.36802,0.1_10,-35.529896,,0.161876
0.1,10,0.405,2,-35.27501,0.1_10,-35.42886,,0.15385
0.1,10,0.41,2,-35.10971,0.1_10,-35.248207,,0.138497
0.1,10,0.415,2,-34.86996,0.1_10,-34.98947,,0.11951
0.1,10,0.42,2,-34.55346,0.1_10,-34.654537,,0.101077
0.1,10,0.425,2,-34.15806,0.1_10,-34.24409,,0.08603
0.1,10,0.43,2,-33.68177,0.1_10,-33.75734,,0.07557
0.1,10,0.435,2,-33.12291,0.1_10,-33.191658,,0.068748
0.1,10,0.44,2,-32.47957,0.1_10,-32.542515,,0.062945
0.1,10,0.445,2,-31.75053,0.1_10,-31.804413,,0.053883
0.1,10,0.45,2,-30.93451,0.1_10,-30.972286,,0.037776
0.1,10,0.455,2,-30.03054,0.1_10,-30.042328,,0.011788
0.1,10,0.46,2,-29.03773,0.1_10,-29.01279,,-0.02494
0.1,10,0.465,2,-27.9557,0.1_10,-27.884792,,-0.070908
0.1,10,0.47,2,-26.78419,0.1_10,-26.662186,,-0.122004
0.1,10,0.475,2,-25.52332,0.1_10,-25.351137,,-0.172183
0.1,10,0.48,2,-24.17344,0.1_10,-23.95931,,-0.21413
0.1,10,0.485,2,-22.73534,0.1_10,-22.494652,,-0.240688
0.1,10,0.49,2,-21.2099,0.1_10,-20.964548,,-0.245352
0.1,10,0.495,2,-19.59877,0.1_10,-19.374092,,-0.224678
0.1,10,0.5,2,-17.90375,0.1_10,-17.72664,,-0.17711
0.1,10,0.505,2,-16.12884,0.1_10,-16.02239,,-0.10645
0.1,10,0.515,2,-12.34046,0.1_10,-12.431179,,0.090719
0.1,10,0.525,2,-8.26108,0.1_10,-8.559226,,0.298146
0.1,10,0.535,2,-3.92409,0.1_10,-4.3587923,,0.4347023
0.1,10,0.545,2,0.63113,0.1_10,0.18928432,,0.44184568
0.1,10,0.555,2,5.35758,0.1_10,5.046218,,0.311362
0.1,10,0.565,2,10.20171,0.1_10,10.104953,,0.096757
0.1,10,0.575,2,15.1031,0.1_10,15.20926,,-0.10616
0.1,10,0.585,2,19.995,0.1_10,20.202793,,-0.207793
0.1,10,0.595,2,24.8053,0.1_10,24.981785,,-0.176485
0.1,10,0.605,2,29.45699,0.1_10,29.516304,,-0.059314
0.1,10,0.615,2,33.86967,0.1_10,33.818287,,0.051383
0.1,10,0.625,2,37.96084,0.1_10,37.880283,,0.080557
0.1,10,0.635,2,41.64689,0.1_10,41.632473,,0.014417
0.1,10,0.645,2,44.84566,0.1_10,44.948086,,-0.102426
0.1,10,0.655,2,47.47829,0.1_10,47.684372,,-0.206082
0.1,10,0.665,2,49.47061,0.1_10,49.72401,,-0.2534
0.1,10,0.675,2,50.75657,0.1_10,50.991383,,-0.234813
0.1,10,0.685,2,51.27924,0.1_10,51.446133,,-0.166893
0.1,10,0.695,2,50.99435,0.1_10,51.069496,,-0.075146
0.1,10,0.705,2,49.87167,0.1_10,49.85486,,0.01681
0.1,10,0.715,2,47.89829,0.1_10,47.805584,,0.092706
0.1,10,0.725,2,45.07865,0.1_10,44.935368,,0.143282
0.1,10,0.735,2,41.43841,0.1_10,41.27061,,0.1678
0.1,10,0.745,2,37.0242,0.1_10,36.851852,,0.172348
0.1,10,0.755,2,31.90468,0.1_10,31.737583,,0.167097
0.1,10,0.765,2,26.17094,0.1_10,26.008839,,0.162101
0.1,10,0.775,2,19.9362,0.1_10,19.774422,,0.161778
0.1,10,0.785,2,13.33339,0.1_10,13.172566,,0.160824
0.1,10,0.795,2,6.51471,0.1_10,6.3692503,,0.1454597
0.1,10,0.805,2,-0.35238,0.1_10,-0.45147038,,0.09909038
0.1,10,0.815,2,-7.08837,0.1_10,-7.1009226,,0.0125526
0.1,10,0.825,2,-13.50614,0.1_10,-13.401009,,-0.105131
0.1,10,0.835,2,-19.41629,0.1_10,-19.194021,,-0.222269
0.1,10,0.845,2,-24.63295,0.1_10,-24.34064,,-0.29231
0.1,10,0.855,2,-28.97999,0.1_10,-28.705276,,-0.274714
0.1,10,0.865,2,-32.29788,0.1_10,-32.138298,,-0.159582
0.1,10,0.875,2,-34.44994,0.1_10,-34.466534,,0.016594
0.1,10,0.885,2,-35.32954,0.1_10,-35.50922,,0.17968
0.1,10,0.895,2,-34.86551,0.1_10,-35.121235,,0.255725
0.1,10,0.905,2,-33.02797,0.1_10,-33.24503,,0.21706
0.1,10,0.915,2,-29.83258,0.1_10,-29.934582,,0.102002
0.1,10,0.925,2,-25.34335,0.1_10,-25.333223,,-0.010127
0.1,10,0.935,2,-19.67403,0.1_10,-19.619455,,-0.054575
0.1,10,0.945,2,-12.98769,0.1_10,-12.96137,,-0.02632
0.1,10,0.955,2,-5.49373,0.1_10,-5.510556,,0.016826
0.1,10,0.965,2,2.55632,0.1_10,2.5599422,,-0.0036222
0.1,10,0.975,2,10.87638,0.1_10,10.997806,,-0.121426
0.1,10,0.985,2,19.15511,0.1_10,19.43784,,-0.28273
0.1,10,0.995,2,27.06614,0.1_10,27.429996,,-0.363856
0.1,10,1.005,2,34.28224,0.1_10,34.534275,,-0.252035
0.1,10,1.015,2,40.48788,0.1_10,40.440426,,0.047454
0.1,10,1.025,2,45.39538,0.1_10,45.036858,,0.358522
0.1,10,1.035,2,48.75872,0.1_10,48.3556,,0.40312
0.1,10,1.045,2,50.38793,0.1_10,50.356163,,0.031767
0.1,10,1.055,2,50.16184,0.1_10,50.628975,,-0.467135
0.1,10,1.065,2,48.03843,0.1_10,48.485966,,-0.447536
0.1,10,1.075,2,44.06187,0.1_10,44.038578,,0.023292
0.1,10,1.085,2,38.36611,0.1_10,38.369522,,-0.003412
0.1,10,1.095,2,31.17479,0.1_10,31.316307,,-0.141517
0.1,10,1.105,2,22.79526,0.1_10,22.707153,,0.088107
0.1,10,1.115,2,13.60804,0.1_10,13.373469,,0.234571
0.1,10,1.125,2,4.05263,0.1_10,3.9143963,,0.1382337
0.1,10,1.135,2,-5.39277,0.1_10,-5.3879642,,-0.0048058
0.1,10,1.145,2,-14.23449,0.1_10,-14.172012,,-0.062478
0.1,10,1.155,2,-21.98869,0.1_10,-21.945732,,-0.042958
0.1,10,1.165,2,-28.20983,0.1_10,-28.208946,,-0.000884
0.1,10,1.175,2,-32.51714,0.1_10,-32.546947,,0.029807
0.1,10,1.185,2,-34.62125,0.1_10,-34.66805,,0.0468
0.1,10,1.195,2,-34.34611,0.1_10,-34.408985,,0.062875
0.1,10,1.205,2,-31.64634,0.1_10,-31.729195,,0.082855
0.1,10,1.215,2,-26.61766,0.1_10,-26.706078,,0.088418
0.1,10,1.225,2,-19.49998,0.1_10,-19.541618,,0.041638
0.1,10,1.235,2,-10.66994,0.1_10,-10.586757,,-0.083183
0.1,10,1.245,2,-0.6261,0.1_10,-0.38238144,,-0.24371856
0.1,10,1.255,2,10.03584,0.1_10,10.330434,,-0.294594
0.1,10,1.265,2,20.65677,0.1_10,20.753555,,-0.096785
0.1,10,1.275,2,30.55297,0.1_10,30.328808,,0.224162
0.1,10,1.285,2,39.06084,0.1_10,38.685963,,0.374877
0.1,10,1.295,2,45.5829,0.1_10,45.21647,,0.36643
0.1,10,1.305,2,49.6323,0.1_10,49.27067,,0.36163
0.1,10,1.315,2,50.87292,0.1_10,50.524937,,0.347983
0.1,10,1.325,2,49.15165,0.1_10,48.860783,,0.290867
0.1,10,1.335,2,44.51865,0.1_10,44.33247,,0.18618
0.1,10,1.345,2,37.23552,0.1_10,37.2388,,-0.00328
0.1,10,1.355,2,27.76643,0.1_10,27.988773,,-0.222343
0.1,10,1.365,2,16.75554,0.1_10,17.059338,,-0.303798
0.1,10,1.375,2,4.98621,0.1_10,5.1869535,,-0.2007435
0.1,10,1.385,2,-6.67071,0.1_10,-6.615331,,-0.055379
0.1,10,1.395,2,-17.32108,0.1_10,-17.325161,,0.004081
0.1,10,1.405,2,-26.11605,0.1_10,-26.10543,,-0.01062
0.1,10,1.415,2,-32.32293,0.1_10,-32.28523,,-0.0377
0.1,10,1.425,2,-35.39034,0.1_10,-35.340473,,-0.049867
0.1,10,1.435,2,-35.00272,0.1_10,-34.956463,,-0.046257
0.1,10,1.445,2,-31.11851,0.1_10,-31.088345,,-0.030165
0.1,10,1.455,2,-23.98671,0.1_10,-23.983694,,-0.003016
0.1,10,1.465,2,-14.14042,0.1_10,-14.1733465,,0.0329265
0.1,10,1.475,2,-2.36401,0.1_10,-2.436449,,0.072439
0.1,10,1.485,2,10.36319,0.1_10,10.259149,,0.104041
0.1,10,1.495,2,22.945,0.1_10,22.838478,,0.106522
0.1,10,1.505,2,34.26196,0.1_10,34.204147,,0.057813
0.1,10,1.515,2,43.27151,0.1_10,43.3139,,-0.04239
0.1,10,1.525,2,49.10851,0.1_10,49.264748,,-0.156238
0.1,10,1.535,2,51.17441,0.1_10,51.39354,,-0.21913
0.1,10,1.545,2,49.20588,0.1_10,49.382214,,-0.176334
0.1,10,1.555,2,43.31549,0.1_10,43.33685,,-0.02136
0.1,10,1.565,2,33.99852,0.1_10,33.811905,,0.186615
0.1,10,1.575,2,22.10032,0.1_10,21.756454,,0.343866
0.1,10,1.585,2,8.74831,0.1_10,8.378158,,0.370152
0.1,10,1.595,2,-4.74918,0.1_10,-5.0331874,,0.2840074
0.1,10,1.605,2,-17.02905,0.1_10,-17.223854,,0.194804
0.1,10,1.615,2,-26.81173,0.1_10,-26.989697,,0.177967
0.1,10,1.625,2,-33.03908,0.1_10,-33.213814,,0.174734
0.1,10,1.635,2,-34.99602,0.1_10,-35.065758,,0.069738
0.1,10,1.645,2,-32.40228,0.1_10,-32.242546,,-0.159734
0.1,10,1.655,2,-25.46094,0.1_10,-25.052792,,-0.408148
0.1,10,1.665,2,-14.85707,0.1_10,-14.327855,,-0.529215
0.1,10,1.675,2,-1.70153,0.1_10,-1.2679901,,-0.4335399
0.1,10,1.685,2,12.57667,0.1_10,12.71428,,-0.13761
0.1,10,1.695,2,26.37874,0.1_10,26.142673,,0.236067
0.1,10,1.705,2,38.11455,0.1_10,37.606705,,0.507845
0.1,10,1.715,2,46.38808,0.1_10,45.864548,,0.523532
0.1,10,1.725,2,50.16912,0.1_10,49.92225,,0.24687
0.1,10,1.735,2,48.93195,0.1_10,49.126938,,-0.194988
0.1,10,1.745,2,42.73865,0.1_10,43.297104,,-0.558454
0.1,10,1.755,2,32.25589,0.1_10,32.8773,,-0.62141
0.1,10,1.765,2,18.69674,0.1_10,19.02752,,-0.33078
0.1,10,1.775,2,3.69224,0.1_10,3.5394573,,0.1527827
0.1,10,1.785,2,-10.89806,0.1_10,-11.450724,,0.552664
0.1,10,1.795,2,-23.21338,0.1_10,-23.865192,,0.651812
0.1,10,1.805,2,-31.63214,0.1_10,-32.05287,,0.42073
0.1,10,1.815,2,-34.99237,0.1_10,-35.01773,,0.02536
0.1,10,1.825,2,-32.76275,0.1_10,-32.47504,,-0.28771
0.1,10,1.835,2,-25.13878,0.1_10,-24.776443,,-0.362337
0.1,10,1.845,2,-13.0451,0.1_10,-12.808816,,-0.236284
0.1,10,1.855,2,1.96247,0.1_10,2.0476236,,-0.0851536
0.1,10,1.865,2,17.88559,0.1_10,17.93914,,-0.05355
0.1,10,1.875,2,32.54372,0.1_10,32.663,,-0.11928
0.1,10,1.885,2,43.87286,0.1_10,43.987484,,-0.114624
0.1,10,1.895,2,50.22136,0.1_10,50.11162,,0.10974
0.1,10,1.905,2,50.60265,0.1_10,50.08952,,0.51313
0.1,10,1.915,2,44.86189,0.1_10,44.02518,,0.83671
0.1,10,1.925,2,33.72971,0.1_10,32.961136,,0.768574
0.1,10,1.935,2,18.74725,0.1_10,18.543728,,0.203522
0.1,10,1.945,2,2.06748,0.1_10,2.6653385,,-0.5978585
0.1,10,1.955,2,-13.84668,0.1_10,-12.736659,,-1.110021
0.1,10,1.965,2,-26.58455,0.1_10,-25.692017,,-0.892533
0.1,10,1.975,2,-34.15926,0.1_10,-34.167717,,0.008457
0.1,10,1.985,2,-35.33036,0.1_10,-36.257854,,0.927494
0.1,10,1.995,2,-29.82455,0.1_10,-30.69807,,0.87352
0.1,10,2.005,2,-18.41254,0.1_10,-17.42784,,-0.9847
0.3,10,0,3,7.49838,0.3_10,9.204768,,-1.706388
0.3,10,0.005,3,7.46604,0.3_10,8.779923,,-1.313883
0.3,10,0.01,3,7.36934,0.3_10,8.331599,,-0.962259
0.3,10,0.015,3,7.20787,0.3_10,7.8584566,,-0.6505866
0.3,10,0.02,3,6.98204,0.3_10,7.3591776,,-0.3771376
0.3,10,0.025,3,6.69197,0.3_10,6.8322515,,-0.1402815
0.3,10,0.03,3,6.33681,0.3_10,6.276103,,0.060707
0.3,10,0.035,3,5.91728,0.3_10,5.689151,,0.228129
0.3,10,0.04,3,5.4333,0.3_10,5.069627,,0.363673
0.3,10,0.045,3,4.88488,0.3_10,4.4158545,,0.4690255
0.3,10,0.05,3,4.27189,0.3_10,3.725853,,0.546037
0.3,10,0.055,3,3.59454,0.3_10,2.9976854,,0.5968546
0.3,10,0.06,3,2.85262,0.3_10,2.2293234,,0.6232966
0.3,10,0.065,3,2.04629,0.3_10,1.4186487,,0.6276413
0.3,10,0.07,3,1.17582,0.3_10,0.56344414,,0.61237586
0.3,10,0.075,3,0.24138,0.3_10,-0.3384905,,0.5798705
0.3,10,0.08,3,-0.75747,0.3_10,-1.2895012,,0.5320312
0.3,10,0.085,3,-1.8199,0.3_10,-2.2918968,,0.4719968
0.3,10,0.09,3,-2.94614,0.3_10,-3.3481345,,0.4019945
0.3,10,0.095,3,-4.13586,0.3_10,-4.460423,,0.324563
0.3,10,0.1,3,-5.38871,0.3_10,-5.63117,,0.24246
0.3,10,0.105,3,-6.70447,0.3_10,-6.862643,,0.158173
0.3,10,0.11,3,-8.08285,0.3_10,-8.156971,,0.074121
0.3,10,0.115,3,-9.52343,0.3_10,-9.516161,,-0.007269
0.3,10,0.12,3,-11.02548,0.3_10,-10.942093,,-0.083387
0.3,10,0.125,3,-12.58894,0.3_10,-12.436415,,-0.152525
0.3,10,0.13,3,-14.21307,0.3_10,-14.0004635,,-0.2126065
0.3,10,0.135,3,-15.89702,0.3_10,-15.6352415,,-0.2617785
0.3,10,0.14,3,-17.64023,0.3_10,-17.34144,,-0.29879
0.3,10,0.145,3,-19.44164,0.3_10,-19.119156,,-0.322484
0.3,10,0.15,3,-21.30077,0.3_10,-20.96833,,-0.33244
0.3,10,0.155,3,-23.21611,0.3_10,-22.888021,,-0.328089
0.3,10,0.16,3,-25.18685,0.3_10,-24.876972,,-0.309878
0.3,10,0.165,3,-27.21142,0.3_10,-26.933327,,-0.278093
0.3,10,0.17,3,-29.28877,0.3_10,-29.054428,,-0.234342
0.3,10,0.175,3,-31.41759,0.3_10,-31.237095,,-0.180495
0.3,10,0.18,3,-33.59566,0.3_10,-33.477463,,-0.118197
0.3,10,0.185,3,-35.82169,0.3_10,-35.77102,,-0.05067
0.3,10,0.19,3,-38.09355,0.3_10,-38.112434,,0.018884
0.3,10,0.195,3,-40.40927,0.3_10,-40.49586,,0.08659
0.3,10,0.2,3,-42.76677,0.3_10,-42.915077,,0.148307
0.3,10,0.205,3,-45.16346,0.3_10,-45.363323,,0.199863
0.3,10,0.21,3,-47.59696,0.3_10,-47.834,,0.23704
0.3,10,0.215,3,-50.06435,0.3_10,-50.320908,,0.256558
0.3,10,0.22,3,-52.56305,0.3_10,-52.81849,,0.25544
0.3,10,0.225,3,-55.08961,0.3_10,-55.32253,,0.23292
0.3,10,0.23,3,-57.64091,0.3_10,-57.83082,,0.18991
0.3,10,0.235,3,-60.21329,0.3_10,-60.342873,,0.129583
0.3,10,0.24,3,-62.80326,0.3_10,-62.860332,,0.057072
0.3,10,0.245,3,-65.40665,0.3_10,-65.38663,,-0.02002
0.3,10,0.25,3,-68.01948,0.3_10,-67.92586,,-0.09362
0.3,10,0.255,3,-70.6374,0.3_10,-70.48219,,-0.15521
0.3,10,0.26,3,-73.25584,0.3_10,-73.05866,,-0.19718
0.3,10,0.265,3,-75.86977,0.3_10,-75.65574,,-0.21403
0.3,10,0.27,3,-78.47446,0.3_10,-78.27064,,-0.20382
0.3,10,0.275,3,-81.0643,0.3_10,-80.89691,,-0.16739
0.3,10,0.28,3,-83.63389,0.3_10,-83.52434,,-0.10955
0.3,10,0.285,3,-86.17775,0.3_10,-86.139336,,-0.038414
0.3,10,0.29,3,-88.68977,0.3_10,-88.726166,,0.036396
0.3,10,0.295,3,-91.16372,0.3_10,-91.26816,,0.10444
0.3,10,0.3,3,-93.59329,0.3_10,-93.74942,,0.15613
0.3,10,0.305,3,-95.97165,0.3_10,-96.156296,,0.184646
0.3,10,0.31,3,-98.29229,0.3_10,-98.47858,,0.18629
0.3,10,0.315,3,-100.54798,0.3_10,-100.70998,,0.162
0.3,10,0.32,3,-102.7314,0.3_10,-102.847725,,0.116325
0.3,10,0.325,3,-104.83532,0.3_10,-104.89129,,0.05597
0.3,10,0.33,3,-106.85217,0.3_10,-106.841545,,-0.010625
0.3,10,0.335,3,-108.77395,0.3_10,-108.69877,,-0.07518
0.3,10,0.34,3,-110.5932,0.3_10,-110.46209,,-0.13111
0.3,10,0.345,3,-112.30141,0.3_10,-112.1285,,-0.17291
0.3,10,0.35,3,-113.89082,0.3_10,-113.693,,-0.19782
0.3,10,0.355,3,-115.35301,0.3_10,-115.14827,,-0.20474
0.3,10,0.36,3,-116.67995,0.3_10,-116.48497,,-0.19498
0.3,10,0.365,3,-117.8629,0.3_10,-117.69229,,-0.17061
0.3,10,0.37,3,-118.89384,0.3_10,-118.75832,,-0.13552
0.3,10,0.375,3,-119.76403,0.3_10,-119.67049,,-0.09354
0.3,10,0.38,3,-120.46565,0.3_10,-120.41597,,-0.04968
0.3,10,0.385,3,-120.99006,0.3_10,-120.98252,,-0.00754
0.3,10,0.39,3,-121.32943,0.3_10,-121.358315,,0.028885
0.3,10,0.395,3,-121.47545,0.3_10,-121.5327,,0.05725
0.3,10,0.4,3,-121.4205,0.3_10,-121.4965,,0.076
0.3,10,0.405,3,-121.15681,0.3_10,-121.24157,,0.08476
0.3,10,0.41,3,-120.67722,0.3_10,-120.76131,,0.08409
0.3,10,0.415,3,-119.97443,0.3_10,-120.05019,,0.07576
0.3,10,0.42,3,-119.04177,0.3_10,-119.1036,,0.06183
0.3,10,0.425,3,-117.87285,0.3_10,-117.917595,,0.044745
0.3,10,0.43,3,-116.46175,0.3_10,-116.488464,,0.026714
0.3,10,0.435,3,-114.80331,0.3_10,-114.81258,,0.00927
0.3,10,0.44,3,-112.8922,0.3_10,-112.886154,,-0.006046
0.3,10,0.445,3,-110.72434,0.3_10,-110.70491,,-0.01943
0.3,10,0.45,3,-108.29601,0.3_10,-108.264854,,-0.031156
0.3,10,0.455,3,-105.60413,0.3_10,-105.56176,,-0.04237
0.3,10,0.46,3,-102.64653,0.3_10,-102.592064,,-0.054466
0.3,10,0.465,3,-99.42168,0.3_10,-99.35349,,-0.06819
0.3,10,0.47,3,-95.92879,0.3_10,-95.84481,,-0.08398
0.3,10,0.475,3,-92.16824,0.3_10,-92.0673,,-0.10094
0.3,10,0.48,3,-88.14104,0.3_10,-88.02409,,-0.11695
0.3,10,0.485,3,-83.84949,0.3_10,-83.72052,,-0.12897
0.3,10,0.49,3,-79.2967,0.3_10,-79.1637,,-0.133
0.3,10,0.495,3,-74.48715,0.3_10,-74.361305,,-0.125845
0.3,10,0.5,3,-69.42602,0.3_10,-69.32105,,-0.10497
0.3,10,0.505,3,-64.12101,0.3_10,-64.049644,,-0.071366
0.3,10,0.515,3,-52.80653,0.3_10,-52.830128,,0.023598
0.3,10,0.525,3,-40.62132,0.3_10,-40.723686,,0.102366
0.3,10,0.535,3,-27.66332,0.3_10,-27.763542,,0.100222
0.3,10,0.545,3,-14.05174,0.3_10,-14.0538025,,0.0020625
0.3,10,0.555,3,0.07372,0.3_10,0.2058096,,-0.1320896
0.3,10,0.565,3,14.5521,0.3_10,14.760936,,-0.208836
0.3,10,0.575,3,29.2025,0.3_10,29.37511,,-0.17261
0.3,10,0.585,3,43.82512,0.3_10,43.874424,,-0.049304
0.3,10,0.595,3,58.20375,0.3_10,58.129436,,0.074314
0.3,10,0.605,3,72.10861,0.3_10,71.988884,,0.119726
0.3,10,0.615,3,85.29852,0.3_10,85.2255,,0.07302
0.3,10,0.625,3,97.5261,0.3_10,97.5356,,-0.0095
0.3,10,0.635,3,108.54202,0.3_10,108.59054,,-0.04852
0.3,10,0.645,3,118.10026,0.3_10,118.09837,,0.00189
0.3,10,0.655,3,125.96417,0.3_10,125.83714,,0.12703
0.3,10,0.665,3,131.91267,0.3_10,131.64977,,0.2629
0.3,10,0.675,3,135.74719,0.3_10,135.41573,,0.33146
0.3,10,0.685,3,137.29843,0.3_10,137.01907,,0.27936
0.3,10,0.695,3,136.43375,0.3_10,136.33028,,0.10347
0.3,10,0.705,3,133.06323,0.3_10,133.20822,,-0.14499
0.3,10,0.715,3,127.14728,0.3_10,127.52353,,-0.37625
0.3,10,0.725,3,118.7014,0.3_10,119.196594,,-0.495194
0.3,10,0.735,3,107.80145,0.3_10,108.24357,,-0.44212
0.3,10,0.745,3,94.58753,0.3_10,94.8127,,-0.22517
0.3,10,0.755,3,79.26608,0.3_10,79.20238,,0.0637
0.3,10,0.765,3,62.11033,0.3_10,61.836704,,0.273626
0.3,10,0.775,3,43.45832,0.3_10,43.182583,,0.275737
0.3,10,0.785,3,23.71029,0.3_10,23.633137,,0.077153
0.3,10,0.795,3,3.32152,0.3_10,3.4527044,,-0.1311844
0.3,10,0.805,3,-17.2058,0.3_10,-17.095589,,-0.110211
0.3,10,0.815,3,-37.33371,0.3_10,-37.472385,,0.138675
0.3,10,0.825,3,-56.50171,0.3_10,-56.773388,,0.271678
0.3,10,0.835,3,-74.1421,0.3_10,-74.172745,,0.030645
0.3,10,0.845,3,-89.69798,0.3_10,-89.45741,,-0.24057
0.3,10,0.855,3,-102.64218,0.3_10,-102.592896,,-0.049284
0.3,10,0.865,3,-112.49637,0.3_10,-112.796906,,0.300536
0.3,10,0.875,3,-118.8525,0.3_10,-119.002174,,0.149674
0.3,10,0.885,3,-121.39112,0.3_10,-120.94767,,-0.44345
0.3,10,0.895,3,-119.90028,0.3_10,-119.64741,,-0.25287
0.3,10,0.905,3,-114.29205,0.3_10,-115.12979,,0.83774
0.3,10,0.915,3,-104.61499,0.3_10,-105.34581,,0.73082
0.3,10,0.925,3,-91.06272,0.3_10,-90.662155,,-0.400565
0.3,10,0.935,3,-73.97827,0.3_10,-73.11041,,-0.86786
0.3,10,0.945,3,-53.85256,0.3_10,-53.489555,,-0.363005
0.3,10,0.955,3,-31.31581,0.3_10,-31.571907,,0.256097
0.3,10,0.965,3,-7.12347,0.3_10,-7.644063,,0.520593
0.3,10,0.975,3,17.86473,0.3_10,17.24918,,0.61555
0.3,10,0.985,3,42.71364,0.3_10,42.288193,,0.425447
0.3,10,0.995,3,66.44413,0.3_10,66.73539,,-0.29126
0.3,10,1.005,3,88.07418,0.3_10,89.09908,,-1.0249
0.3,10,1.015,3,106.65807,0.3_10,107.58961,,-0.93154
0.3,10,1.025,3,121.33318,0.3_10,121.262405,,0.070775
0.3,10,1.035,3,131.36269,0.3_10,130.21304,,1.14965
0.3,10,1.045,3,136.17812,0.3_10,134.96904,,1.20908
0.3,10,1.055,3,135.41718,0.3_10,135.40991,,0.00727
0.3,10,1.065,3,128.95471,0.3_10,130.26793,,-1.31322
0.3,10,1.075,3,116.92483,0.3_10,118.38742,,-1.46259
0.3,10,1.085,3,99.73125,0.3_10,100.2247,,-0.49345
0.3,10,1.095,3,78.04556,0.3_10,77.43721,,0.60835
0.3,10,1.105,3,52.79078,0.3_10,51.689137,,1.101643
0.3,10,1.115,3,25.11064,0.3_10,24.282124,,0.828516
0.3,10,1.125,3,-3.6752,0.3_10,-3.7542558,,0.0790558
0.3,10,1.135,3,-32.13054,0.3_10,-31.559223,,-0.571317
0.3,10,1.145,3,-58.77146,0.3_10,-58.11291,,-0.65855
0.3,10,1.155,3,-82.14445,0.3_10,-81.87702,,-0.26743
0.3,10,1.165,3,-100.90961,0.3_10,-101.00108,,0.09147
0.3,10,1.175,3,-113.92239,0.3_10,-114.04271,,0.12032
0.3,10,1.185,3,-120.31161,0.3_10,-120.3998,,0.08819
0.3,10,1.195,3,-119.54677,0.3_10,-119.86829,,0.32152
0.3,10,1.205,3,-111.48949,0.3_10,-111.9252,,0.43571
0.3,10,1.215,3,-96.42592,0.3_10,-96.34508,,-0.08084
0.3,10,1.225,3,-75.07365,0.3_10,-74.43858,,-0.63507
0.3,10,1.235,3,-48.56319,0.3_10,-48.09284,,-0.47035
0.3,10,1.245,3,-18.39025,0.3_10,-18.657219,,0.266969
0.3,10,1.255,3,13.65829,0.3_10,12.853618,,0.804672
0.3,10,1.265,3,45.6032,0.3_10,45.267094,,0.336106
0.3,10,1.275,3,75.39246,0.3_10,76.11818,,-0.72572
0.3,10,1.285,3,101.03378,0.3_10,100.79638,,0.2374
0.3,10,1.295,3,120.73254,0.3_10,120.689926,,0.042614
0.3,10,1.305,3,133.02588,0.3_10,133.93787,,-0.91199
0.3,10,1.315,3,136.90237,0.3_10,136.77826,,0.12411
0.3,10,1.325,3,131.89847,0.3_10,131.32797,,0.5705
0.3,10,1.335,3,118.16068,0.3_10,118.446655,,-0.285975
0.3,10,1.345,3,96.46778,0.3_10,97.61345,,-1.14567
0.3,10,1.355,3,68.20777,0.3_10,69.13378,,-0.92601
0.3,10,1.365,3,35.30621,0.3_10,35.201447,,0.104763
0.3,10,1.375,3,0.1083,0.3_10,-0.78052044,,0.88882044
0.3,10,1.385,3,-34.77847,0.3_10,-35.64013,,0.86166
0.3,10,1.395,3,-66.67477,0.3_10,-67.000046,,0.325276
0.3,10,1.405,3,-93.03668,0.3_10,-92.83875,,-0.19793
0.3,10,1.415,3,-111.66672,0.3_10,-111.21567,,-0.45105
0.3,10,1.425,3,-120.90987,0.3_10,-120.6243,,-0.28557
0.3,10,1.435,3,-119.81766,0.3_10,-119.96335,,0.14569
0.3,10,1.445,3,-108.26227,0.3_10,-108.5859,,0.32363
0.3,10,1.455,3,-86.98772,0.3_10,-87.03177,,0.04405
0.3,10,1.465,3,-57.58972,0.3_10,-57.203426,,-0.386294
0.3,10,1.475,3,-22.41748,0.3_10,-21.842104,,-0.575376
0.3,10,1.485,3,15.59575,0.3_10,15.993247,,-0.397497
0.3,10,1.495,3,53.16677,0.3_10,53.182583,,-0.015813
0.3,10,1.505,3,86.94218,0.3_10,86.626465,,0.315715
0.3,10,1.515,3,113.80093,0.3_10,113.35088,,0.45005
0.3,10,1.525,3,131.15388,0.3_10,130.75883,,0.39505
0.3,10,1.535,3,137.21112,0.3_10,136.98627,,0.22485
0.3,10,1.545,3,131.18837,0.3_10,131.20213,,-0.01376
0.3,10,1.555,3,113.42857,0.3_10,113.71166,,-0.28309
0.3,10,1.565,3,85.41973,0.3_10,85.89289,,-0.47316
0.3,10,1.575,3,49.70016,0.3_10,50.14498,,-0.44482
0.3,10,1.585,3,9.65358,0.3_10,9.856553,,-0.202973
0.3,10,1.595,3,-30.79506,0.3_10,-30.858936,,0.063876
0.3,10,1.605,3,-67.55692,0.3_10,-67.75065,,0.19373
0.3,10,1.615,3,-96.79445,0.3_10,-97.00413,,0.20968
0.3,10,1.625,3,-115.33514,0.3_10,-115.56416,,0.22902
0.3,10,1.635,3,-121.03779,0.3_10,-121.3114,,0.27361
0.3,10,1.645,3,-113.06638,0.3_10,-113.29633,,0.22995
0.3,10,1.655,3,-92.03819,0.3_10,-92.03023,,-0.00796
0.3,10,1.665,3,-60.0171,0.3_10,-59.646088,,-0.371012
0.3,10,1.675,3,-20.34618,0.3_10,-19.73748,,-0.6087
0.3,10,1.685,3,22.67593,0.3_10,23.16505,,-0.48912
0.3,10,1.695,3,64.24345,0.3_10,64.27921,,-0.03576
0.3,10,1.705,3,99.5771,0.3_10,99.111664,,0.465436
0.3,10,1.715,3,124.48145,0.3_10,123.80138,,0.68007
0.3,10,1.725,3,135.8622,0.3_10,135.4118,,0.4504
0.3,10,1.735,3,132.1398,0.3_10,132.24892,,-0.10912
0.3,10,1.745,3,113.50122,0.3_10,114.137344,,-0.636124
0.3,10,1.755,3,81.94872,0.3_10,82.68644,,-0.73772
0.3,10,1.765,3,41.12633,0.3_10,41.453053,,-0.326723
0.3,10,1.775,3,-4.06678,0.3_10,-4.3444653,,0.2776853
0.3,10,1.785,3,-48.04256,0.3_10,-48.657616,,0.615056
0.3,10,1.795,3,-85.20869,0.3_10,-85.62788,,0.41919
0.3,10,1.805,3,-110.68828,0.3_10,-110.47699,,-0.21129
0.3,10,1.815,3,-120.9827,0.3_10,-120.161766,,-0.820934
0.3,10,1.825,3,-114.48802,0.3_10,-113.62964,,-0.85838
0.3,10,1.835,3,-91.78128,0.3_10,-91.57744,,-0.20384
0.3,10,1.845,3,-55.62832,0.3_10,-56.254337,,0.626017
0.3,10,1.855,3,-10.69175,0.3_10,-11.649979,,0.958229
0.3,10,1.865,3,37.03701,0.3_10,36.474445,,0.562565
0.3,10,1.875,3,81.01969,0.3_10,81.227844,,-0.208154
0.3,10,1.885,3,115.06454,0.3_10,115.778114,,-0.713574
0.3,10,1.895,3,134.21759,0.3_10,134.75655,,-0.53896
0.3,10,1.905,3,135.51572,0.3_10,135.44263,,0.07309
0.3,10,1.915,3,118.48835,0.3_10,118.09082,,0.39753
0.3,10,1.925,3,85.31754,0.3_10,85.25491,,0.06263
0.3,10,1.935,3,40.61419,0.3_10,41.020325,,-0.406135
0.3,10,1.945,3,-9.17846,0.3_10,-8.942937,,-0.235523
0.3,10,1.955,3,-56.68725,0.3_10,-57.060585,,0.373335
0.3,10,1.965,3,-94.69533,0.3_10,-95.05652,,0.36119
0.3,10,1.975,3,-117.25532,0.3_10,-116.85499,,-0.40033
0.3,10,1.985,3,-120.65724,0.3_10,-120.12985,,-0.52739
0.3,10,1.995,3,-104.08936,0.3_10,-104.62117,,0.53181
0.3,10,2.005,3,-69.86859,0.3_10,-69.98565,,0.11706
0.5,10,0,4,7.49838,0.5_10,7.8709345,,-0.3725545
0.5,10,0.005,4,7.44453,0.5_10,7.563657,,-0.119127
0.5,10,0.01,4,7.28329,0.5_10,7.217042,,0.066248
0.5,10,0.015,4,7.01437,0.5_10,6.8243895,,0.1899805
0.5,10,0.02,4,6.63789,0.5_10,6.3784914,,0.2593986
0.5,10,0.025,4,6.15416,0.5_10,5.8715296,,0.2826304
0.5,10,0.03,4,5.56222,0.5_10,5.295188,,0.267032
0.5,10,0.035,4,4.86306,0.5_10,4.640766,,0.222294
0.5,10,0.04,4,4.05624,0.5_10,3.8993702,,0.1568698
0.5,10,0.045,4,3.14199,0.5_10,3.0619488,,0.0800412
0.5,10,0.05,4,2.12027,0.5_10,2.1195107,,0.0007593
0.5,10,0.055,4,0.99122,0.5_10,1.0639124,,-0.0726924
0.5,10,0.06,4,-0.24501,0.5_10,-0.112449646,,-0.132560354
0.5,10,0.065,4,-1.58873,0.5_10,-1.4157801,,-0.1729499
0.5,10,0.07,4,-3.03959,0.5_10,-2.8505735,,-0.1890165
0.5,10,0.075,4,-4.59711,0.5_10,-4.419209,,-0.177901
0.5,10,0.08,4,-6.26178,0.5_10,-6.121437,,-0.140343
0.5,10,0.085,4,-8.03251,0.5_10,-7.95422,,-0.07829
0.5,10,0.09,4,-9.90964,0.5_10,-9.911802,,0.002162
0.5,10,0.095,4,-11.89261,0.5_10,-11.985572,,0.092962
0.5,10,0.1,4,-13.98079,0.5_10,-14.165014,,0.184224
0.5,10,0.105,4,-16.17395,0.5_10,-16.438463,,0.264513
0.5,10,0.11,4,-18.47139,0.5_10,-18.794228,,0.322838
0.5,10,0.115,4,-20.87239,0.5_10,-21.22258,,0.35019
0.5,10,0.12,4,-23.37644,0.5_10,-23.71661,,0.34017
0.5,10,0.125,4,-25.9825,0.5_10,-26.273823,,0.291323
0.5,10,0.13,4,-28.68953,0.5_10,-28.896843,,0.207313
0.5,10,0.135,4,-31.49634,0.5_10,-31.593002,,0.096662
0.5,10,0.14,4,-34.40204,0.5_10,-34.373844,,-0.028196
0.5,10,0.145,4,-37.40496,0.5_10,-37.25323,,-0.15173
0.5,10,0.15,4,-40.50354,0.5_10,-40.245537,,-0.258003
0.5,10,0.155,4,-43.69613,0.5_10,-43.36294,,-0.33319
0.5,10,0.16,4,-46.98137,0.5_10,-46.613506,,-0.367864
0.5,10,0.165,4,-50.35656,0.5_10,-49.999146,,-0.357414
0.5,10,0.17,4,-53.81945,0.5_10,-53.515057,,-0.304393
0.5,10,0.175,4,-57.36784,0.5_10,-57.148987,,-0.218853
0.5,10,0.18,4,-60.99892,0.5_10,-60.88341,,-0.11551
0.5,10,0.185,4,-64.70972,0.5_10,-64.69758,,-0.01214
0.5,10,0.19,4,-68.49721,0.5_10,-68.57112,,0.07391
0.5,10,0.195,4,-72.35773,0.5_10,-72.48795,,0.13022
0.5,10,0.2,4,-76.28783,0.5_10,-76.4383,,0.15047
0.5,10,0.205,4,-80.28352,0.5_10,-80.41998,,0.13646
0.5,10,0.21,4,-84.34065,0.5_10,-84.43679,,0.09614
0.5,10,0.215,4,-88.45441,0.5_10,-88.49564,,0.04123
0.5,10,0.22,4,-92.62006,0.5_10,-92.603355,,-0.016705
0.5,10,0.225,4,-96.83257,0.5_10,-96.76458,,-0.06799
0.5,10,0.23,4,-101.08634,0.5_10,-100.9803,,-0.10604
0.5,10,0.235,4,-105.37534,0.5_10,-105.24764,,-0.1277
0.5,10,0.24,4,-109.69363,0.5_10,-109.560585,,-0.133045
0.5,10,0.245,4,-114.03437,0.5_10,-113.91095,,-0.12342
0.5,10,0.25,4,-118.39106,0.5_10,-118.2889,,-0.10216
0.5,10,0.255,4,-122.75636,0.5_10,-122.6841,,-0.07226
0.5,10,0.26,4,-127.12244,0.5_10,-127.085724,,-0.036716
0.5,10,0.265,4,-131.48141,0.5_10,-131.48244,,0.00103
0.5,10,0.27,4,-135.82475,0.5_10,-135.86313,,0.03838
0.5,10,0.275,4,-140.14388,0.5_10,-140.21643,,0.07255
0.5,10,0.28,4,-144.42947,0.5_10,-144.53099,,0.10152
0.5,10,0.285,4,-148.67184,0.5_10,-148.79543,,0.12359
0.5,10,0.29,4,-152.86127,0.5_10,-152.99896,,0.13769
0.5,10,0.295,4,-156.98756,0.5_10,-157.1305,,0.14294
0.5,10,0.3,4,-161.03978,0.5_10,-161.17941,,0.13963
0.5,10,0.305,4,-165.00706,0.5_10,-165.13547,,0.12841
0.5,10,0.31,4,-168.8781,0.5_10,-168.98819,,0.11009
0.5,10,0.315,4,-172.64098,0.5_10,-172.72777,,0.08679
0.5,10,0.32,4,-176.28375,0.5_10,-176.34384,,0.06009
0.5,10,0.325,4,-179.79393,0.5_10,-179.82648,,0.03255
0.5,10,0.33,4,-183.159,0.5_10,-183.16495,,0.00595
0.5,10,0.335,4,-186.36617,0.5_10,-186.34851,,-0.01766
0.5,10,0.34,4,-189.40199,0.5_10,-189.36584,,-0.03615
0.5,10,0.345,4,-192.25325,0.5_10,-192.20494,,-0.04831
0.5,10,0.35,4,-194.90645,0.5_10,-194.85345,,-0.053
0.5,10,0.355,4,-197.34787,0.5_10,-197.29799,,-0.04988
0.5,10,0.36,4,-199.56352,0.5_10,-199.52478,,-0.03874
0.5,10,0.365,4,-201.5397,0.5_10,-201.5193,,-0.0204
0.5,10,0.37,4,-203.26231,0.5_10,-203.26643,,0.00412
0.5,10,0.375,4,-204.71759,0.5_10,-204.7507,,0.03311
0.5,10,0.38,4,-205.89174,0.5_10,-205.9561,,0.06436
0.5,10,0.385,4,-206.77058,0.5_10,-206.86668,,0.0961
0.5,10,0.39,4,-207.34114,0.5_10,-207.4663,,0.12516
0.5,10,0.395,4,-207.58977,0.5_10,-207.73924,,0.14947
0.5,10,0.4,4,-207.50331,0.5_10,-207.67015,,0.16684
0.5,10,0.405,4,-207.06917,0.5_10,-207.24446,,0.17529
0.5,10,0.41,4,-206.27489,0.5_10,-206.44865,,0.17376
0.5,10,0.415,4,-205.10899,0.5_10,-205.27003,,0.16104
0.5,10,0.42,4,-203.56017,0.5_10,-203.69766,,0.13749
0.5,10,0.425,4,-201.61749,0.5_10,-201.72195,,0.10446
0.5,10,0.43,4,-199.27145,0.5_10,-199.33495,,0.0635
0.5,10,0.435,4,-196.51289,0.5_10,-196.53043,,0.01754
0.5,10,0.44,4,-193.33362,0.5_10,-193.30373,,-0.02989
0.5,10,0.445,4,-189.72655,0.5_10,-189.6517,,-0.07485
0.5,10,0.45,4,-185.68526,0.5_10,-185.57256,,-0.1127
0.5,10,0.455,4,-181.20488,0.5_10,-181.06519,,-0.13969
0.5,10,0.46,4,-176.28157,0.5_10,-176.1295,,-0.15207
0.5,10,0.465,4,-170.91284,0.5_10,-170.76544,,-0.1474
0.5,10,0.47,4,-165.09763,0.5_10,-164.97289,,-0.12474
0.5,10,0.475,4,-158.83643,0.5_10,-158.75136,,-0.08507
0.5,10,0.48,4,-152.13092,0.5_10,-152.09998,,-0.03094
0.5,10,0.485,4,-144.98503,0.5_10,-145.01674,,0.03171
0.5,10,0.49,4,-137.40379,0.5_10,-137.50026,,0.09647
0.5,10,0.495,4,-129.39458,0.5_10,-129.54912,,0.15454
0.5,10,0.5,4,-120.96608,0.5_10,-121.16357,,0.19749
0.5,10,0.505,4,-112.12939,0.5_10,-112.34582,,0.21643
0.5,10,0.515,4,-93.287,0.5_10,-93.44498,,0.15798
0.5,10,0.525,4,-72.99327,0.5_10,-72.96723,,-0.02604
0.5,10,0.535,4,-51.41257,0.5_10,-51.13787,,-0.2747
0.5,10,0.545,4,-28.74275,0.5_10,-28.271347,,-0.471403
0.5,10,0.555,4,-5.2171,0.5_10,-4.7134695,,-0.5036305
0.5,10,0.565,4,18.89634,0.5_10,19.226925,,-0.330585
0.5,10,0.575,4,43.29586,0.5_10,43.308514,,-0.012654
0.5,10,0.585,4,67.64916,0.5_10,67.33317,,0.31599
0.5,10,0.595,4,91.59602,0.5_10,91.08065,,0.51537
0.5,10,0.605,4,114.75266,0.5_10,114.24489,,0.50777
0.5,10,0.615,4,136.71823,0.5_10,136.40997,,0.30826
0.5,10,0.625,4,157.08049,0.5_10,157.06926,,0.01123
0.5,10,0.635,4,175.42406,0.5_10,175.68007,,-0.25601
0.5,10,0.645,4,191.33939,0.5_10,191.72374,,-0.38435
0.5,10,0.655,4,204.43243,0.5_10,204.75534,,-0.32291
0.5,10,0.665,4,214.33511,0.5_10,214.43216,,-0.09705
0.5,10,0.675,4,220.71681,0.5_10,220.51715,,0.19966
0.5,10,0.685,4,223.29556,0.5_10,222.85963,,0.43593
0.5,10,0.695,4,221.85031,0.5_10,221.35425,,0.49606
0.5,10,0.705,4,216.2323,0.5_10,215.89471,,0.33759
0.5,10,0.715,4,206.37465,0.5_10,206.34346,,0.03119
0.5,10,0.725,4,192.30367,0.5_10,192.55446,,-0.25079
0.5,10,0.735,4,174.14589,0.5_10,174.47075,,-0.32486
0.5,10,0.745,4,152.13457,0.5_10,152.26862,,-0.13405
0.5,10,0.755,4,126.61351,0.5_10,126.435745,,0.177765
0.5,10,0.765,4,98.03769,0.5_10,97.67727,,0.36042
0.5,10,0.775,4,66.97104,0.5_10,66.70383,,0.26721
0.5,10,0.785,4,34.07942,0.5_10,34.09084,,-0.01142
0.5,10,0.795,4,0.12145,0.5_10,0.3620119,,-0.2405619
0.5,10,0.805,4,-34.06597,0.5_10,-33.79048,,-0.27549
0.5,10,0.815,4,-67.58646,0.5_10,-67.40117,,-0.18529
0.5,10,0.825,4,-99.50597,0.5_10,-99.37137,,-0.1346
0.5,10,0.835,4,-128.87862,0.5_10,-128.71326,,-0.16536
0.5,10,0.845,4,-154.77638,0.5_10,-154.62645,,-0.14993
0.5,10,0.855,4,-176.3205,0.5_10,-176.32555,,0.00505
0.5,10,0.865,4,-192.714,0.5_10,-192.95244,,0.23844
0.5,10,0.875,4,-203.27643,0.5_10,-203.66772,,0.39129
0.5,10,0.885,4,-207.47572,0.5_10,-207.75587,,0.28015
0.5,10,0.895,4,-204.95934,0.5_10,-204.81435,,-0.14499
0.5,10,0.905,4,-195.58046,0.5_10,-194.98582,,-0.59464
0.5,10,0.915,4,-179.42055,0.5_10,-178.90034,,-0.52021
0.5,10,0.925,4,-156.8033,0.5_10,-157.00323,,0.19993
0.5,10,0.935,4,-128.30128,0.5_10,-128.94586,,0.64458
0.5,10,0.945,4,-94.73339,0.5_10,-94.79278,,0.05939
0.5,10,0.955,4,-57.15122,0.5_10,-56.67328,,-0.47794
0.5,10,0.965,4,-16.81481,0.5_10,-16.778902,,-0.035908
0.5,10,0.975,4,24.84268,0.5_10,24.41093,,0.43175
0.5,10,0.985,4,66.26157,0.5_10,66.14328,,0.11829
0.5,10,0.995,4,105.81059,0.5_10,106.34141,,-0.53082
0.5,10,1.005,4,141.85248,0.5_10,142.56364,,-0.71116
0.5,10,1.015,4,172.81184,0.5_10,172.97694,,-0.1651
0.5,10,1.025,4,197.25146,0.5_10,196.60385,,0.64761
0.5,10,1.035,4,213.9442,0.5_10,212.87444,,1.06976
0.5,10,1.045,4,221.94377,0.5_10,221.6841,,0.25967
0.5,10,1.055,4,220.64702,0.5_10,221.73424,,-1.08722
0.5,10,1.065,4,209.84633,0.5_10,210.84808,,-1.00175
0.5,10,1.075,4,189.76492,0.5_10,189.39189,,0.37303
0.5,10,1.085,4,161.07622,0.5_10,159.99396,,1.08226
0.5,10,1.095,4,124.89926,0.5_10,124.504944,,0.394316
0.5,10,1.105,4,82.77272,0.5_10,83.486496,,-0.713776
0.5,10,1.115,4,36.6022,0.5_10,37.551304,,-0.949104
0.5,10,1.125,4,-11.41269,0.5_10,-11.298239,,-0.114451
0.5,10,1.135,4,-58.87778,0.5_10,-59.430878,,0.553098
0.5,10,1.145,4,-103.31889,0.5_10,-103.701385,,0.382495
0.5,10,1.155,4,-142.31294,0.5_10,-142.4863,,0.17336
0.5,10,1.165,4,-173.62485,0.5_10,-173.67738,,0.05253
0.5,10,1.175,4,-195.34573,0.5_10,-195.08199,,-0.26374
0.5,10,1.185,4,-206.022,0.5_10,-205.77914,,-0.24286
0.5,10,1.195,4,-204.7682,0.5_10,-205.04202,,0.27382
0.5,10,1.205,4,-191.35284,0.5_10,-191.68056,,0.32772
0.5,10,1.215,4,-166.25237,0.5_10,-166.0571,,-0.19527
0.5,10,1.225,4,-130.66289,0.5_10,-130.23628,,-0.42661
0.5,10,1.235,4,-86.46891,0.5_10,-86.289314,,-0.179596
0.5,10,1.245,4,-36.16427,0.5_10,-36.324493,,0.160223
0.5,10,1.255,4,17.27221,0.5_10,17.017704,,0.254506
0.5,10,1.265,4,70.54117,0.5_10,70.543335,,-0.002165
0.5,10,1.275,4,120.22203,0.5_10,120.51608,,-0.29405
0.5,10,1.285,4,162.99396,0.5_10,162.87822,,0.11574
0.5,10,1.295,4,195.86621,0.5_10,195.06628,,0.79993
0.5,10,1.305,4,216.40036,0.5_10,217.43475,,-1.03439
0.5,10,1.315,4,222.91077,0.5_10,223.36751,,-0.45674
0.5,10,1.325,4,214.62354,0.5_10,213.61017,,1.01337
0.5,10,1.335,4,191.78175,0.5_10,192.10762,,-0.32587
0.5,10,1.345,4,155.68176,0.5_10,155.74567,,-0.06391
0.5,10,1.355,4,108.63367,0.5_10,108.55523,,0.07844
0.5,10,1.365,4,53.8442,0.5_10,53.563747,,0.280453
0.5,10,1.375,4,-4.78081,0.5_10,-5.31356,,0.53275
0.5,10,1.385,4,-62.89778,0.5_10,-62.994247,,0.096467
0.5,10,1.395,4,-116.04214,0.5_10,-115.25879,,-0.78335
0.5,10,1.405,4,-159.97412,0.5_10,-159.03798,,-0.93614
0.5,10,1.415,4,-191.03087,0.5_10,-191.37541,,0.34454
0.5,10,1.425,4,-206.45255,0.5_10,-207.51521,,1.06266
0.5,10,1.435,4,-204.65674,0.5_10,-204.4531,,-0.20364
0.5,10,1.445,4,-185.42912,0.5_10,-185.01253,,-0.41659
0.5,10,1.455,4,-150.00926,0.5_10,-150.23988,,0.23062
0.5,10,1.465,4,-101.05586,0.5_10,-101.24641,,0.19055
0.5,10,1.475,4,-42.48434,0.5_10,-42.316685,,-0.167655
0.5,10,1.485,4,20.81698,0.5_10,21.042053,,-0.225073
0.5,10,1.495,4,83.37724,0.5_10,83.41014,,-0.0329
0.5,10,1.505,4,139.60948,0.5_10,139.50488,,0.1046
0.5,10,1.515,4,184.31461,0.5_10,184.23253,,0.08208
0.5,10,1.525,4,213.18053,0.5_10,213.12831,,0.05222
0.5,10,1.535,4,223.22743,0.5_10,223.06796,,0.15947
0.5,10,1.545,4,213.15067,0.5_10,212.89272,,0.25795
0.5,10,1.555,4,183.52321,0.5_10,183.46533,,0.05788
0.5,10,1.565,4,136.82564,0.5_10,137.1405,,-0.31486
0.5,10,1.575,4,77.28816,0.5_10,77.54754,,-0.25938
0.5,10,1.585,4,10.54906,0.5_10,10.23331,,0.31575
0.5,10,1.595,4,-56.85046,0.5_10,-57.446854,,0.596394
0.5,10,1.605,4,-118.09602,0.5_10,-118.14405,,0.04803
0.5,10,1.615,4,-166.79152,0.5_10,-166.01823,,-0.77329
0.5,10,1.625,4,-197.64897,0.5_10,-196.70247,,-0.9465
0.5,10,1.635,4,-207.09946,0.5_10,-206.84555,,-0.25391
0.5,10,1.645,4,-193.75082,0.5_10,-194.39467,,0.64385
0.5,10,1.655,4,-158.63365,0.5_10,-159.54913,,0.91548
0.5,10,1.665,4,-105.19246,0.5_10,-105.54867,,0.35621
0.5,10,1.675,4,-39.00303,0.5_10,-38.534096,,-0.468934
0.5,10,1.685,4,32.76445,0.5_10,33.561157,,-0.796707
0.5,10,1.695,4,102.09634,0.5_10,102.451416,,-0.355076
0.5,10,1.705,4,161.0246,0.5_10,160.61613,,0.40847
0.5,10,1.715,4,202.55594,0.5_10,201.83684,,0.7191
0.5,10,1.725,4,221.53307,0.5_10,221.25505,,0.27802
0.5,10,1.735,4,215.32442,0.5_10,215.58786,,-0.26344
0.5,10,1.745,4,184.24232,0.5_10,184.49829,,-0.25597
0.5,10,1.755,4,131.62361,0.5_10,131.72313,,-0.09952
0.5,10,1.765,4,63.54157,0.5_10,63.613575,,-0.072005
0.5,10,1.775,4,-11.83808,0.5_10,-11.937554,,0.099474
0.5,10,1.785,4,-85.19984,0.5_10,-85.5536,,0.35376
0.5,10,1.795,4,-147.21918,0.5_10,-147.51637,,0.29719
0.5,10,1.805,4,-189.76268,0.5_10,-189.57977,,-0.18291
0.5,10,1.815,4,-206.9937,0.5_10,-206.47668,,-0.51702
0.5,10,1.825,4,-196.23381,0.5_10,-196.04556,,-0.18825
0.5,10,1.835,4,-158.44144,0.5_10,-158.86197,,0.42053
0.5,10,1.845,4,-98.22546,0.5_10,-98.749725,,0.524265
0.5,10,1.855,4,-23.35679,0.5_10,-23.344429,,-0.012361
0.5,10,1.865,4,56.17884,0.5_10,56.71628,,-0.53744
0.5,10,1.875,4,129.48442,0.5_10,130.00284,,-0.51842
0.5,10,1.885,4,186.24179,0.5_10,186.36392,,-0.12213
0.5,10,1.895,4,218.19586,0.5_10,217.94075,,0.25511
0.5,10,1.905,4,220.40924,0.5_10,219.98544,,0.4238
0.5,10,1.915,4,192.09639,0.5_10,191.79193,,0.30446
0.5,10,1.925,4,136.89008,0.5_10,136.91652,,-0.02644
0.5,10,1.935,4,62.46883,0.5_10,62.667088,,-0.198258
0.5,10,1.945,4,-20.4352,0.5_10,-20.484667,,0.049467
0.5,10,1.955,4,-99.54002,0.5_10,-99.81957,,0.27955
0.5,10,1.965,4,-162.82198,0.5_10,-162.6782,,-0.14378
0.5,10,1.975,4,-200.37141,0.5_10,-199.6941,,-0.67731
0.5,10,1.985,4,-206.00633,0.5_10,-206.01077,,0.00444
0.5,10,1.995,4,-178.37526,0.5_10,-179.63164,,1.25638
0.5,10,2.005,4,-121.34238,0.5_10,-120.535965,,-0.806415
