Re,Eta,Pi_val,combo,p_Cf_val
1,0.0,8.61074,1,11.486401
1,0.01,8.5788,1,10.874756
1,0.02,8.48344,1,10.288853
1,0.03,8.32468,1,9.709316
1,0.04,8.10245,1,9.121759
1,0.05,7.81672,1,8.517433
1,0.06,7.46791,1,7.891575
1,0.07,7.05558,1,7.2418284
1,0.08,6.58037,1,6.567049
1,0.09,6.04243,1,5.8666244
1,0.1,5.44224,1,5.1405106
1,0.11,4.78025,1,4.389037
1,0.12,4.05762,1,3.612668
1,0.13,3.27493,1,2.8122773
1,0.14,2.43387,1,1.9890122
1,0.15,1.53563,1,1.1440463
1,0.16,0.58252,1,0.27885342
1,0.17,-0.42317,1,-0.60519886
1,0.18,-1.4786,1,-1.506784
1,0.19,-2.58027,1,-2.4245744
1,0.2,-3.72423,1,-3.357325
1,0.21,-4.90582,1,-4.30329
1,0.22,-6.11997,1,-5.259456
1,0.23,-7.36047,1,-6.217193
1,0.24,-8.62061,1,-7.147714
1,0.25,-9.89268,1,-7.9750533
1,0.26,-11.1682,1,-8.702755
1,0.27,-12.43804,1,-9.551264
1,0.28,-13.69186,1,-10.523436
1,0.29,-14.91829,1,-11.533022
1,0.3,-16.10566,1,-12.548626
1,0.31,-17.24079,1,-13.561243
1,0.32,-18.31002,1,-14.565399
1,0.33,-19.29889,1,-15.554861
1,0.34,-20.19234,1,-16.521177
1,0.35,-20.97455,1,-17.453136
1,0.36,-21.62939,1,-18.336231
1,0.37,-22.14056,1,-19.152416
1,0.38,-22.4915,1,-19.879923
1,0.39,-22.66587,1,-20.493277
1,0.4,-22.64807,1,-20.96258
1,0.41,-22.42257,1,-21.252579
1,0.42,-21.97551,1,-21.328543
1,0.43,-21.2939,1,-21.208546
1,0.44,-20.36687,1,-20.849142
1,0.45,-19.1853,1,-19.80237
1,0.46,-17.74282,1,-18.04136
1,0.47,-16.03585,1,-15.622379
1,0.48,-14.06414,1,-12.7788925
1,0.49,-11.83122,1,-10.148592
1,0.5,-9.34479,1,-8.951721
1,0.51,-6.61658,1,-4.8483863
1,0.52,-3.66372,1,-1.649219
1,0.53,-0.50779,1,1.6261702
1,0.54,2.82434,1,4.8147306
1,0.55,6.30044,1,7.8585167
1,0.56,9.88312,1,11.292191
1,0.57,13.53003,1,14.563311
1,0.58,17.19397,1,17.545183
1,0.59,20.82323,1,20.509373
1,0.6,24.36242,1,23.442223
1,0.61,27.75318,1,26.58504
1,0.62,30.93478,1,30.18534
1,0.63,33.84566,1,34.16514
1,0.64,36.42415,1,37.84277
1,0.65,38.61035,1,39.64556
1,0.66,40.34731,1,40.776875
1,0.67,41.58281,1,42.586723
1,0.68,42.2709,1,43.889484
1,0.69,42.37395,1,43.376564
1,0.7,41.86406,1,41.80274
1,0.71,40.72459,1,40.07762
1,0.72,38.95229,1,38.440144
1,0.73,36.55788,1,36.43516
1,0.74,33.56778,1,33.747265
1,0.75,30.02439,1,30.194656
1,0.76,25.98655,1,25.75281
1,0.77,21.52948,1,20.800894
1,0.78,16.74439,1,15.824202
1,0.79,11.73662,1,11.051965
1,0.8,6.62449,1,6.538552
1,0.81,1.53659,1,2.143466
1,0.82,-3.39113,1,-2.410087
1,0.83,-8.01892,1,-7.9661765
1,0.84,-12.20749,1,-12.545996
1,0.85,-15.82217,1,-15.60537
1,0.86,-18.73775,1,-19.748571
1,0.87,-20.84388,1,-20.958418
1,0.88,-22.04921,1,-20.578726
1,0.89,-22.28674,1,-19.395113
1,0.9,-21.51772,1,-17.715843
1,0.91,-19.73548,1,-15.704359
1,0.92,-16.9679,1,-13.45335
1,0.93,-13.27938,1,-10.795933
1,0.94,-8.77065,1,-6.703853
1,0.95,-3.57808,1,-0.8910117
1,0.96,2.12901,1,4.8355255
1,0.97,8.15294,1,10.736804
1,0.98,14.27346,1,16.049799
1,0.99,20.25519,1,20.498875
1,1.0,25.85657,1,24.644226
1,1.01,30.83975,1,28.556427
1,1.02,34.98091,1,32.207752
1,1.03,38.08175,1,35.51726
1,1.04,39.97977,1,38.35826
1,1.05,40.55848,1,40.51563
1,1.06,39.75573,1,41.489124
1,1.07,37.57058,1,39.72689
1,1.08,34.06746,1,32.55578
1,1.09,29.37677,1,23.24749
1,1.1,23.69337,1,17.100574
1,1.11,17.27045,1,13.339823
1,1.12,10.41041,1,9.613716
1,1.13,3.45175,1,5.290227
1,1.14,-3.24644,1,0.1459446
1,1.15,-9.32299,1,-7.1379285
1,1.16,-14.43393,1,-14.596546
1,1.17,-18.27368,1,-17.006916
1,1.18,-20.59417,1,-20.825788
1,1.19,-21.2232,1,-20.74381
1,1.2,-20.07894,1,-18.204638
1,1.21,-17.18028,1,-13.688538
1,1.22,-12.65193,1,-7.918321
1,1.23,-6.72301,1,-1.6829515
1,1.24,0.28127,1,4.4694233
1,1.25,7.95425,1,10.252836
1,1.26,15.82973,1,15.557837
1,1.27,23.40877,1,20.371367
1,1.28,30.19049,1,24.679337
1,1.29,35.70648,1,28.412533
1,1.3,39.55402,1,31.7261
1,1.31,41.42765,1,34.473076
1,1.32,41.14649,1,34.21804
1,1.33,38.67355,1,31.080666
1,1.34,34.12691,1,27.227947
1,1.35,27.77896,1,22.631084
1,1.36,20.04528,1,17.274807
1,1.37,11.46061,1,11.166639
1,1.38,2.64467,1,4.2261925
1,1.39,-5.74114,1,-3.1472077
1,1.4,-13.04361,1,-10.101206
1,1.41,-18.67008,1,-15.762814
1,1.42,-22.13916,1,-19.341036
1,1.43,-23.12571,1,-20.180117
1,1.44,-21.49558,1,-18.102798
1,1.45,-17.32664,1,-13.073017
1,1.46,-10.91208,1,-5.074021
1,1.47,-2.74567,1,2.3495522
1,1.48,6.51137,1,7.9593077
1,1.49,16.08068,1,11.684253
1,1.5,25.13091,1,18.324862
1,1.51,32.85022,1,33.353317
1,1.52,38.52134,1,37.568413
1,1.53,41.59271,1,39.88623
1,1.54,41.73734,1,39.099335
1,1.55,38.89418,1,33.763607
1,1.56,33.28585,1,27.910017
1,1.57,25.40932,1,23.33233
1,1.58,15.99887,1,13.617861
1,1.59,5.96286,1,3.1534228
1,1.6,-3.70088,1,-3.889052
1,1.61,-12.00383,1,-6.9392486
1,1.62,-18.07004,1,-7.0942483
1,1.63,-21.23315,1,-5.6121716
1,1.64,-21.11648,1,-3.6345963
1,1.65,-17.68559,1,-1.7446485
1,1.66,-11.26629,1,-0.13153839
1,1.67,-2.52375,1,1.1854253
1,1.68,7.59915,1,2.2469234
1,1.69,17.97644,1,3.1051116
1,1.7,27.42181,1,3.8054528
1,1.71,34.8236,1,4.383355
1,1.72,39.27802,1,4.865262
1,1.73,40.20567,1,5.2710886
1,1.74,37.4334,1,5.6159325
1,1.75,31.23233,1,5.911474
1,1.76,22.30241,1,6.1667814
1,1.77,11.70321,1,6.3888726
1,1.78,0.73585,1,6.58327
1,1.79,-9.21246,1,6.754435
1,1.8,-16.84314,1,6.905948
1,1.81,-21.11813,1,7.0407076
1,1.82,-21.40733,1,7.1611543
1,1.83,-17.58894,1,7.269244
1,1.84,-10.08612,1,7.3665843
1,1.85,0.16763,1,7.454664
1,1.86,11.83594,1,7.534588
1,1.87,23.34797,1,7.6074123
1,1.88,33.10757,1,7.6739917
1,1.89,39.71787,1,7.734998
1,1.9,42.18608,1,7.7911434
1,1.91,40.08284,1,7.842932
1,1.92,33.62489,1,7.8907914
1,1.93,23.66865,1,7.935202
1,1.94,11.60753,1,7.9765024
1,1.95,-0.81588,1,8.014973
1,1.96,-11.75843,1,8.050913
1,1.97,-19.55363,1,8.084557
1,1.98,-22.97325,1,8.116098
1,1.99,-21.43403,1,8.145767
1,2.0,-15.11168,1,8.17369
1,2.01,-4.93946,1,8.200022
1,2.02,7.51454,1,8.224952
1,2.03,20.281,1,8.248533
1,2.04,31.29612,1,8.2708435
1,2.05,38.74046,1,8.29206
1,2.06,41.3489,1,8.312249
1,2.07,38.64145,1,8.331455
1,2.08,31.02936,1,8.34978
1,2.09,19.7728,1,8.367262
1,2.1,6.78821,1,8.384005
1,2.11,-5.66549,1,8.399984
1,2.12,-15.37689,1,8.415321
1,2.13,-20.57741,1,8.430017
1,2.14,-20.27556,1,8.444147
1,2.15,-14.4613,1,8.457707
1,2.16,-4.13978,1,8.470734
1,2.17,8.82323,1,8.483307
1,2.18,22.0233,1,8.495427
1,2.19,32.95509,1,8.507087
1,2.2,39.48686,1,8.518348
1,2.21,40.28352,1,8.529209
1,2.22,35.09148,1,8.53972
1,2.23,24.82354,1,8.549881
1,2.24,11.41692,1,8.559725
1,2.25,-2.51859,1,8.569269
1,2.26,-14.2018,1,8.578457
1,2.27,-21.2358,1,8.587399
1,2.28,-22.10839,1,8.596065
1,2.29,-16.53093,1,8.604453
1,2.3,-5.53737,1,8.612627
1,2.31,8.68822,1,8.620544
1,2.32,23.23402,1,8.628254
1,2.33,35.05318,1,8.635713
1,2.34,41.61005,1,8.642967
1,2.35,41.43944,1,8.650001
1,2.36,34.4967,1,8.65685
1,2.37,22.20831,1,8.663541
1,2.38,7.20087,1,8.670012
1,2.39,-7.24842,1,8.676334
1,2.4,-17.92689,1,8.682495
1,2.41,-22.4136,1,8.688464
1,2.42,-19.6519,1,8.6943035
1,2.43,-10.22768,1,8.700001
1,2.44,3.72274,1,8.705551
1,2.45,18.97138,1,8.710939
1,2.46,31.9316,1,8.716165
1,2.47,39.50184,1,8.721312
1,2.48,39.82302,1,8.7263
1,2.49,32.7626,1,8.731179
1,2.5,19.99262,1,8.735957
1,2.51,4.62631,1,8.740578
1,2.52,-9.51778,1,8.745105
1,2.53,-18.85483,1,8.749528
1,2.54,-20.94662,1,8.753832
1,2.55,-15.15581,1,8.758041
1,2.56,-2.86051,1,8.762177
1,2.57,12.84537,1,8.766148
1,2.58,27.90845,1,8.770097
1,2.59,38.35256,1,8.773927
1,2.6,41.33146,1,8.777645
1,2.61,35.9189,1,8.781298
1,2.62,23.41313,1,8.784879
1,2.63,7.05173,1,8.788375
1,2.64,-8.80964,1,8.791776
1,2.65,-19.85613,1,8.795118
1,2.66,-23.00096,1,8.798352
1,2.67,-17.27378,1,8.801566
1,2.68,-4.14676,1,8.804692
1,2.69,12.81467,1,8.807707
1,2.7,28.90647,1,8.810695
1,2.71,39.59231,1,8.813608
1,2.72,41.80512,1,8.816488
1,2.73,34.86407,1,8.819268
1,2.74,20.72642,1,8.821983
1,2.75,3.47489,1,8.824654
1,2.76,-11.83752,1,8.82728
1,2.77,-20.66825,1,8.829829
1,2.78,-20.35537,1,8.832312
1,2.79,-10.96278,1,8.834774
1,2.8,4.68096,1,8.837165
1,2.81,21.79061,1,8.839508
1,2.82,35.0609,1,8.841816
1,2.83,40.30616,1,8.844092
1,2.84,35.79773,1,8.84626
1,2.85,22.86782,1,8.848434
1,2.86,5.55944,1,8.85056
1,2.87,-10.59982,1,8.852649
1,2.88,-20.34334,1,8.854667
1,2.89,-20.38513,1,8.856649
1,2.9,-10.54653,1,8.858603
1,2.91,6.10063,1,8.860511
1,2.92,24.16531,1,8.862397
1,2.93,37.66862,1,8.864243
1,2.94,42.03004,1,8.866026
1,2.95,35.64408,1,8.867779
1,2.96,20.50049,1,8.869503
1,2.97,1.59779,1,8.871203
1,2.98,-14.6909,1,8.872875
1,2.99,-22.77849,1,8.874516
1,3.0,-19.81692,1,8.876078
1,3.01,-6.75401,1,8.877648
1,3.02,11.91573,1,8.879189
1,3.03,29.66477,1,8.880674
1,3.04,40.2156,1,8.882151
1,3.05,39.79295,1,8.883607
1,3.06,28.53354,1,8.885037
1,3.07,10.50906,1,8.886409
1,3.08,-7.68942,1,8.887777
1,3.09,-19.33383,1,8.889103
1,3.1,-20.05499,1,8.890421
1,3.11,-9.52497,1,8.89172
1,3.12,8.33793,1,8.8929615
1,3.13,26.76937,1,8.894203
1,3.14,38.6823,1,8.89542
1,3.15,39.38565,1,8.896618
1,3.16,28.45155,1,8.897792
1,3.17,9.97882,1,8.898902
1,3.18,-8.90491,1,8.900067
1,3.19,-20.77007,1,8.901155
1,3.2,-20.81205,1,8.902247
1,3.21,-8.82006,1,8.903294
1,3.22,10.62738,1,8.904331
1,3.23,29.8839,1,8.905378
1,3.24,41.24215,1,8.906379
1,3.25,40.05217,1,8.907341
1,3.26,26.67789,1,8.908326
1,3.27,6.45302,1,8.909269
1,3.28,-12.4111,1,8.910209
1,3.29,-22.16565,1,8.91111
1,3.3,-18.75653,1,8.912014
1,3.31,-3.58845,1,8.912901
1,3.32,16.97143,1,8.913769
1,3.33,34.20879,1,8.91461
1,3.34,40.74821,1,8.9154215
1,3.35,33.75186,1,8.916244
1,3.36,16.23193,1,8.917036
1,3.37,-4.1597,1,8.917809
1,3.38,-18.41063,1,8.918611
1,3.39,-20.11353,1,8.919344
1,3.4,-8.37311,1,8.920103
1,3.41,11.67781,1,8.920814
1,3.42,31.06332,1,8.921524
1,3.43,40.94617,1,8.9222
1,3.44,36.65482,1,8.922909
1,3.45,19.91645,1,8.923567
1,3.46,-1.7899,1,8.92421
1,3.47,-18.55299,1,8.924872
1,3.48,-22.56948,1,8.925499
1,3.49,-11.82199,1,8.9261265
1,3.5,8.85994,1,8.926747
1,3.51,29.93243,1,8.927342
1,3.52,41.5472,1,8.927928
1,3.53,38.20947,1,8.928496
1,3.54,21.46732,1,8.929077
1,3.55,-0.71559,1,8.929642
1,3.56,-17.69596,1,8.93019
1,3.57,-21.27109,1,8.930685
1,3.58,-9.71736,1,8.931225
1,3.59,11.26839,1,8.931734
1,3.6,31.27756,1,8.932225
1,3.61,40.29625,1,8.932708
1,3.62,33.72665,1,8.933204
1,3.63,14.79403,1,8.933682
1,3.64,-6.94195,1,8.934116
1,3.65,-20.33964,1,8.934577
1,3.66,-18.36061,1,8.93499
1,3.67,-1.78597,1,8.935444
1,3.68,21.01661,1,8.935859
1,3.69,38.27979,1,8.936297
1,3.7,40.90683,1,8.936709
1,3.71,27.297,1,8.937096
1,3.72,4.34801,1,8.937497
1,3.73,-16.00848,1,8.93785
1,3.74,-23.03259,1,8.938232
1,3.75,-12.92085,1,8.938592
1,3.76,9.03133,1,8.938978
1,3.77,31.13108,1,8.939301
1,3.78,41.51161,1,8.9396715
1,3.79,34.58063,1,8.939998
1,3.8,14.15799,1,8.940311
1,3.81,-8.49993,1,8.94065
1,3.82,-20.83,1,8.94095
1,3.83,-15.94258,1,8.941259
1,3.84,3.43769,1,8.941563
1,3.85,26.36508,1,8.941843
1,3.86,39.7571,1,8.94215
1,3.87,35.82221,1,8.942413
1,3.88,16.6194,1,8.942707
1,3.89,-6.94722,1,8.942968
1,3.9,-21.25826,1,8.943203
1,3.91,-17.83138,1,8.943458
1,3.92,1.62957,1,8.943729
1,3.93,26.01998,1,8.943955
1,3.94,41.15934,1,8.944175
1,3.95,38.08237,1,8.944387
1,3.96,18.43156,1,8.944627
1,3.97,-6.33219,1,8.944858
1,3.98,-21.59347,1,8.945059
1,3.99,-18.27735,1,8.94527
1,4.0,1.61529,1,8.945472
1,4.01,26.06593,1,8.945647
2,0.0,8.1875,2,11.457304
2,0.01,8.16027,2,10.88898
2,0.02,8.07838,2,10.33411
2,0.03,7.9418,2,9.777356
2,0.04,7.75057,2,9.208246
2,0.05,7.5047,2,8.620536
2,0.06,7.20443,2,8.010887
2,0.07,6.84975,2,7.3775725
2,0.08,6.44073,2,6.719727
2,0.09,5.97792,2,6.0370016
2,0.1,5.46129,2,5.329388
2,0.11,4.89173,2,4.597222
2,0.12,4.26964,2,3.8410752
2,0.13,3.59603,2,3.0616965
2,0.14,2.87193,2,2.2602792
2,0.15,2.09869,2,1.4378676
2,0.16,1.27817,2,0.5958476
2,0.17,0.41224,2,-0.26443768
2,0.18,-0.49651,2,-1.1417947
2,0.19,-1.44528,2,-2.0349183
2,0.2,-2.43065,2,-2.942618
2,0.21,-3.44857,2,-3.8633103
2,0.22,-4.49457,2,-4.7939105
2,0.23,-5.56344,2,-5.7265906
2,0.24,-6.64947,2,-6.6352086
2,0.25,-7.74603,2,-7.4501176
2,0.26,-8.84594,2,-8.163977
2,0.27,-9.94101,2,-8.982401
2,0.28,-11.02258,2,-9.920586
2,0.29,-12.08098,2,-10.893536
2,0.3,-13.10596,2,-11.867664
2,0.31,-14.08627,2,-12.83197
2,0.32,-15.0102,2,-13.778988
2,0.33,-15.86544,2,-14.700346
2,0.34,-16.63871,2,-15.585426
2,0.35,-17.31664,2,-16.421011
2,0.36,-17.88525,2,-17.191032
2,0.37,-18.33039,2,-17.876528
2,0.38,-18.63802,2,-18.455896
2,0.39,-18.79405,2,-18.904518
2,0.4,-18.78471,2,-19.194387
2,0.41,-18.59713,2,-19.293127
2,0.42,-18.21898,2,-19.168724
2,0.43,-17.63928,2,-18.84026
2,0.44,-16.84842,2,-18.336647
2,0.45,-15.83864,2,-17.225372
2,0.46,-14.60438,2,-15.465532
2,0.47,-13.14273,2,-13.202173
2,0.48,-11.45328,2,-10.679771
2,0.49,-9.53901,2,-8.483208
2,0.5,-7.40652,2,-7.3784165
2,0.51,-5.06601,2,-3.7921405
2,0.52,-2.53208,2,-0.9560828
2,0.53,0.17677,2,1.9150887
2,0.54,3.0373,2,4.7482896
2,0.55,6.02192,2,7.4675155
2,0.56,9.09853,2,10.361905
2,0.57,12.23057,2,13.351795
2,0.58,15.37742,2,15.910349
2,0.59,18.4948,2,18.424013
2,0.6,21.53506,2,20.819641
2,0.61,24.44779,2,23.171263
2,0.62,27.18097,2,25.747175
2,0.63,29.68152,2,28.690374
2,0.64,31.89655,2,31.807148
2,0.65,33.77434,2,34.192944
2,0.66,35.26608,2,35.813686
2,0.67,36.32674,2,37.506935
2,0.68,36.9169,2,38.276875
2,0.69,37.00413,2,37.469696
2,0.7,36.56438,2,36.632355
2,0.71,35.58353,2,35.387093
2,0.72,34.05865,2,33.84277
2,0.73,31.99907,2,32.03887
2,0.74,29.42739,2,29.725368
2,0.75,26.38032,2,26.826674
2,0.76,22.90836,2,23.347012
2,0.77,19.07624,2,19.326519
2,0.78,14.96243,2,14.975084
2,0.79,10.65765,2,10.7055025
2,0.8,6.26369,2,6.681735
2,0.81,1.89119,2,2.7609186
2,0.82,-2.34294,2,-1.2638421
2,0.83,-6.31838,2,-5.8626723
2,0.84,-9.91529,2,-10.131279
2,0.85,-13.0177,2,-13.186464
2,0.86,-15.51815,2,-17.867846
2,0.87,-17.32143,2,-19.277884
2,0.88,-18.34918,2,-19.224445
2,0.89,-18.5437,2,-18.296806
2,0.9,-17.87184,2,-16.82557
2,0.91,-16.32787,2,-14.986177
2,0.92,-13.9359,2,-12.859043
2,0.93,-10.75144,2,-10.175991
2,0.94,-6.86147,2,-5.996535
2,0.95,-2.3837,2,-0.94224787
2,0.96,2.5362,2,3.6243181
2,0.97,7.72779,2,8.266287
2,0.98,13.00113,2,13.464943
2,0.99,18.15364,2,18.104177
2,1.0,22.97713,2,22.139898
2,1.01,27.26675,2,25.842388
2,1.02,30.82987,2,29.229631
2,1.03,33.4958,2,32.253124
2,1.04,35.12473,2,34.808098
2,1.05,35.6165,2,36.71466
2,1.06,34.9178,2,37.560963
2,1.07,33.02813,2,36.086773
2,1.08,30.00298,2,30.65095
2,1.09,25.95507,2,24.626833
2,1.1,21.05239,2,18.156319
2,1.11,15.51309,2,12.432873
2,1.12,9.59757,2,8.321212
2,1.13,3.59747,2,4.15059
2,1.14,-2.17793,2,-0.67983055
2,1.15,-7.41776,2,-8.354645
2,1.16,-11.82593,2,-12.244724
2,1.17,-15.13928,2,-15.69977
2,1.18,-17.14433,2,-20.672844
2,1.19,-17.69279,2,-20.68762
2,1.2,-16.71418,2,-18.083319
2,1.21,-14.22477,2,-13.592804
2,1.22,-10.33179,2,-7.9173474
2,1.23,-5.23239,2,-1.8002849
2,1.24,0.79352,2,4.2409506
2,1.25,7.39639,2,9.931086
2,1.26,14.17489,2,15.160845
2,1.27,20.69977,2,19.913702
2,1.28,26.54023,2,24.169437
2,1.29,31.2932,2,27.836863
2,1.3,34.61213,2,30.988163
2,1.31,36.23434,2,33.73628
2,1.32,36.004,2,34.374325
2,1.33,33.88922,2,31.462606
2,1.34,29.99136,2,27.316833
2,1.35,24.54447,2,22.61114
2,1.36,17.90567,2,17.286356
2,1.37,10.53447,2,11.322694
2,1.38,2.96354,2,4.536567
2,1.39,-4.23886,2,-2.8316674
2,1.4,-10.51137,2,-9.932571
2,1.41,-15.34479,2,-15.769928
2,1.42,-18.32529,2,-19.442265
2,1.43,-19.17364,2,-20.254074
2,1.44,-17.77451,2,-18.1151
2,1.45,-14.19454,2,-13.168568
2,1.46,-8.68571,2,-5.3932853
2,1.47,-1.6723,2,2.1178775
2,1.48,6.27752,2,7.8963428
2,1.49,14.49483,2,11.705767
2,1.5,22.26512,2,17.658682
2,1.51,28.89055,2,31.56134
2,1.52,33.75471,2,35.66032
2,1.53,36.38353,2,38.042995
2,1.54,36.49596,2,37.48418
2,1.55,34.03981,2,32.736027
2,1.56,29.2067,2,27.809177
2,1.57,22.4243,2,23.21048
2,1.58,14.32429,2,13.110388
2,1.59,5.68827,2,2.642527
2,1.6,-2.6253,2,-4.1917806
2,1.61,-9.76602,2,-7.0364375
2,1.62,-14.98016,2,-7.0283074
2,1.63,-17.69447,2,-5.473021
2,1.64,-17.5848,2,-3.4887013
2,1.65,-14.62168,2,-1.6155715
2,1.66,-9.08559,2,-0.022472858
2,1.67,-1.54893,2,1.2782087
2,1.68,7.17646,2,2.3280625
2,1.69,16.12125,2,3.1782389
2,1.7,24.26403,2,3.873157
2,1.71,30.64713,2,4.447229
2,1.72,34.49205,2,4.9262667
2,1.73,35.29921,2,5.329847
2,1.74,32.9188,2,5.6728635
2,1.75,27.58353,2,5.9669
2,1.76,19.89557,2,6.220801
2,1.77,10.76694,2,6.441644
2,1.78,1.31773,2,6.634883
2,1.79,-7.25753,2,6.8049684
2,1.8,-13.84032,2,6.95542
2,1.81,-17.53645,2,7.089218
2,1.82,-17.80282,2,7.2087507
2,1.83,-14.53371,2,7.3158793
2,1.84,-8.09251,2,7.4123945
2,1.85,0.71804,2,7.4997025
2,1.86,10.74857,2,7.5788913
2,1.87,20.64787,2,7.650992
2,1.88,29.04274,2,7.716893
2,1.89,34.73137,2,7.7773185
2,1.9,36.8597,2,7.832867
2,1.91,35.05814,2,7.884107
2,1.92,29.51306,2,7.931473
2,1.93,20.9609,2,7.9753966
2,1.94,10.6,2,8.016262
2,1.95,-0.07098,2,8.054346
2,1.96,-9.46734,2,8.089886
2,1.97,-16.1563,2,8.12318
2,1.98,-19.0826,2,8.154376
2,1.99,-17.74591,2,8.18374
2,2.0,-12.29867,2,8.211377
2,2.01,-3.54489,2,8.237452
2,2.02,7.16623,2,8.262084
2,2.03,18.14074,2,8.285439
2,2.04,27.60419,2,8.307534
2,2.05,33.99266,2,8.328542
2,2.06,36.21914,2,8.348518
2,2.07,33.87209,2,8.367535
2,2.08,27.30648,2,8.385679
2,2.09,17.60716,2,8.402994
2,2.1,6.42352,2,8.4195795
2,2.11,-4.30058,2,8.435416
2,2.12,-12.66215,2,8.450597
2,2.13,-17.13953,2,8.465161
2,2.14,-16.87923,2,8.479134
2,2.15,-11.87265,2,8.492575
2,2.16,-2.98434,2,8.505503
2,2.17,8.18033,2,8.517933
2,2.18,19.55237,2,8.529931
2,2.19,28.9758,2,8.541505
2,2.2,34.61546,2,8.552658
2,2.21,35.32109,2,8.563421
2,2.22,30.87235,2,8.5738325
2,2.23,22.05239,2,8.583918
2,2.24,10.52584,2,8.593638
2,2.25,-1.46331,2,8.603071
2,2.26,-11.52234,2,8.612224
2,2.27,-17.58795,2,8.621074
2,2.28,-18.35717,2,8.629666
2,2.29,-13.57928,2,8.637974
2,2.3,-4.14178,2,8.646029
2,2.31,8.07809,2,8.653886
2,2.32,20.57664,2,8.661522
2,2.33,30.73334,2,8.668909
2,2.34,36.36705,2,8.6761
2,2.35,36.21753,2,8.683113
2,2.36,30.24613,2,8.68991
2,2.37,19.67997,2,8.696493
2,2.38,6.77841,2,8.702923
2,2.39,-5.63946,2,8.709197
2,2.4,-14.81032,2,8.715287
2,2.41,-18.65208,2,8.721215
2,2.42,-16.25684,2,8.726997
2,2.43,-8.13067,2,8.732632
2,2.44,3.88623,2,8.7381115
2,2.45,17.01444,2,8.743456
2,2.46,28.16677,2,8.748679
2,2.47,34.67451,2,8.753757
2,2.48,34.93916,2,8.758707
2,2.49,28.84836,2,8.763555
2,2.5,17.84276,2,8.768276
2,2.51,4.60279,2,8.77285
2,2.52,-7.58466,2,8.777334
2,2.53,-15.63381,2,8.781719
2,2.54,-17.44591,2,8.785979
2,2.55,-12.47165,2,8.790148
2,2.56,-1.89611,2,8.794248
2,2.57,11.61934,2,8.798205
2,2.58,24.58754,2,8.802126
2,2.59,33.58738,2,8.805897
2,2.6,36.16931,2,8.809633
2,2.61,31.53492,2,8.8132305
2,2.62,20.79882,2,8.816745
2,2.63,6.74321,2,8.820196
2,2.64,-6.88814,2,8.823607
2,2.65,-16.38568,2,8.826891
2,2.66,-19.09488,2,8.830149
2,2.67,-14.18007,2,8.833306
2,2.68,-2.90522,2,8.83637
2,2.69,11.66564,2,8.839407
2,2.7,25.48852,2,8.842346
2,2.71,34.66325,2,8.845238
2,2.72,36.55259,2,8.848081
2,2.73,30.57143,2,8.850827
2,2.74,18.40382,2,8.853543
2,2.75,3.56199,2,8.856165
2,2.76,-9.60682,2,8.858782
2,2.77,-17.19468,2,8.861322
2,2.78,-16.91146,2,8.863789
2,2.79,-8.81265,2,8.866241
2,2.8,4.66692,2,8.868602
2,2.81,19.40793,2,8.87094
2,2.82,30.84266,2,8.873226
2,2.83,35.36661,2,8.875446
2,2.84,31.4899,2,8.877631
2,2.85,20.35815,2,8.879759
2,2.86,5.45104,2,8.8819065
2,2.87,-8.47295,2,8.883936
2,2.88,-16.87917,2,8.885963
2,2.89,-16.93724,2,8.887938
2,2.9,-8.49085,2,8.889853
2,2.91,5.81918,2,8.891755
2,2.92,21.35595,2,8.893593
2,2.93,32.97596,2,8.895423
2,2.94,36.73817,2,8.897204
2,2.95,31.26059,2,8.898929
2,2.96,18.25338,2,8.90066
2,2.97,2.0142,2,8.90234
2,2.98,-11.977,2,8.903983
2,2.99,-18.91751,2,8.90558
2,3.0,-16.36048,2,8.907172
2,3.01,-5.12338,2,8.9087105
2,3.02,10.92765,2,8.910248
2,3.03,26.17966,2,8.911725
2,3.04,35.23591,2,8.913197
2,3.05,34.8519,2,8.914622
2,3.06,25.14754,2,8.916042
2,3.07,9.62706,2,8.917402
2,3.08,-6.03853,2,8.918758
2,3.09,-16.06023,2,8.920081
2,3.1,-16.6784,2,8.9213705
2,3.11,-7.61015,2,8.922656
2,3.12,7.77359,2,8.923909
2,3.13,23.65237,2,8.925114
2,3.14,33.92637,2,8.926333
2,3.15,34.5553,2,8.927505
2,3.16,25.16539,2,8.928676
2,3.17,9.27814,2,8.929812
2,3.18,-6.97614,2,8.930929
2,3.19,-17.20345,2,8.931975
2,3.2,-17.26522,2,8.933079
2,3.21,-6.97453,2,8.934152
2,3.22,9.73438,2,8.935183
2,3.23,26.28616,2,8.936188
2,3.24,36.05136,2,8.937185
2,3.25,35.02964,2,8.938164
2,3.26,23.53308,2,8.939105
2,3.27,6.14889,2,8.940044
2,3.28,-10.06039,2,8.940983
2,3.29,-18.43057,2,8.941892
2,3.3,-15.47674,2,8.942766
2,3.31,-2.41145,2,8.943653
2,3.32,15.28366,2,8.944489
2,3.33,30.10962,2,8.945344
2,3.34,35.72239,2,8.946158
2,3.35,29.68394,2,8.946963
2,3.36,14.58946,2,8.947731
2,3.37,-2.97497,2,8.948532
2,3.38,-15.25305,2,8.949291
2,3.39,-16.73015,2,8.950028
2,3.4,-6.63378,2,8.950749
2,3.41,10.6214,2,8.951461
2,3.42,27.3139,2,8.952149
2,3.43,35.83942,2,8.952867
2,3.44,32.17558,2,8.953577
2,3.45,17.80234,2,8.954238
2,3.46,-0.8535,2,8.954879
2,3.47,-15.27079,2,8.955512
2,3.48,-18.73755,2,8.956164
2,3.49,-9.51401,2,8.956767
2,3.5,8.25206,2,8.957386
2,3.51,26.35643,2,8.957948
2,3.52,36.33089,2,8.958547
2,3.53,33.44986,2,8.95913
2,3.54,19.04486,2,8.959672
2,3.55,-0.03393,2,8.960214
2,3.56,-14.63101,2,8.960784
2,3.57,-17.68985,2,8.961302
2,3.58,-7.72876,2,8.961815
2,3.59,10.34834,2,8.962351
2,3.6,27.58166,2,8.962837
2,3.61,35.3502,2,8.963311
2,3.62,29.69495,2,8.963772
2,3.63,13.39117,2,8.96427
2,3.64,-5.33284,2,8.964708
2,3.65,-16.88601,2,8.965189
2,3.66,-15.20726,2,8.965614
2,3.67,-0.9639,2,8.966032
2,3.68,18.64838,2,8.966461
2,3.69,33.50709,2,8.966876
2,3.7,35.78531,2,8.967278
2,3.71,24.10272,2,8.967686
2,3.72,4.38804,2,8.968065
2,3.73,-13.1009,2,8.96846
2,3.74,-19.13142,2,8.9688225
2,3.75,-10.43516,2,8.96918
2,3.76,8.43407,2,8.969538
2,3.77,27.42321,2,8.969889
2,3.78,36.33013,2,8.970218
2,3.79,30.34838,2,8.970569
2,3.8,12.76584,2,8.970886
2,3.81,-6.73344,2,8.971213
2,3.82,-17.34077,2,8.971527
2,3.83,-13.12768,2,8.971856
2,3.84,3.5627,2,8.972135
2,3.85,23.31249,2,8.9724245
2,3.86,34.86161,2,8.972727
2,3.87,31.49829,2,8.972995
2,3.88,14.98521,2,8.973251
2,3.89,-5.30061,2,8.97353
2,3.9,-17.63814,2,8.973789
2,3.91,-14.72129,2,8.974054
2,3.92,1.99347,2,8.974304
2,3.93,22.9593,2,8.974522
2,3.94,35.9796,2,8.974756
2,3.95,33.34111,2,8.974996
2,3.96,16.45396,2,8.975215
2,3.97,-4.82617,2,8.97543
2,3.98,-17.9305,2,8.975658
2,3.99,-15.05742,2,8.975866
2,4.0,2.0662,2,8.976064
2,4.01,23.09759,2,8.9762745
3,0.0,8.2017,3,11.330738
3,0.01,8.17362,3,10.798215
3,0.02,8.08921,3,10.267191
3,0.03,7.94849,3,9.726952
3,0.04,7.75133,3,9.170579
3,0.05,7.49808,3,8.594173
3,0.06,7.18847,3,7.995617
3,0.07,6.82284,3,7.3737645
3,0.08,6.40145,3,6.7280416
3,0.09,5.92436,3,6.058264
3,0.1,5.39192,3,5.3645697
3,0.11,4.80485,3,4.647231
3,0.12,4.16364,3,3.9069412
3,0.13,3.46939,3,3.1444721
3,0.14,2.72318,3,2.3608375
3,0.15,1.92621,3,1.5571628
3,0.16,1.08046,3,0.7346368
3,0.17,0.18804,3,-0.1054678
3,0.18,-0.74858,3,-0.9620366
3,0.19,-1.72644,3,-1.8339114
3,0.2,-2.74186,3,-2.7199883
3,0.21,-3.79107,3,-3.618713
3,0.22,-4.86913,3,-4.527266
3,0.23,-5.97082,3,-5.438232
3,0.24,-7.09008,3,-6.327931
3,0.25,-8.22023,3,-7.1317306
3,0.26,-9.35372,3,-7.8347745
3,0.27,-10.48231,3,-8.628958
3,0.28,-11.59698,3,-9.53751
3,0.29,-12.6877,3,-10.477213
3,0.3,-13.74406,3,-11.41296
3,0.31,-14.75435,3,-12.3319645
3,0.32,-15.70656,3,-13.224949
3,0.33,-16.58785,3,-14.081409
3,0.34,-17.38468,3,-14.888922
3,0.35,-18.08327,3,-15.6326275
3,0.36,-18.66925,3,-16.295418
3,0.37,-19.12802,3,-16.85818
3,0.38,-19.44503,3,-17.299871
3,0.39,-19.60582,3,-17.597542
3,0.4,-19.59619,3,-17.725418
3,0.41,-19.40283,3,-17.654226
3,0.42,-19.01309,3,-17.357267
3,0.43,-18.41563,3,-16.866987
3,0.44,-17.60061,3,-16.237972
3,0.45,-16.55998,3,-15.047972
3,0.46,-15.28812,3,-13.288929
3,0.47,-13.78168,3,-11.158878
3,0.48,-12.04056,3,-8.904947
3,0.49,-10.06783,3,-7.1729493
3,0.5,-7.87012,3,-5.9602513
3,0.51,-5.45814,3,-2.915073
3,0.52,-2.84681,3,-0.42678785
3,0.53,-0.05519,3,2.1541114
3,0.54,2.89279,3,4.7810097
3,0.55,5.96859,3,7.306332
3,0.56,9.13913,3,9.864649
3,0.57,12.36686,3,12.645288
3,0.58,15.60989,3,14.968036
3,0.59,18.8225,3,17.212969
3,0.6,21.95564,3,19.344166
3,0.61,24.95735,3,21.324272
3,0.62,27.77396,3,23.327671
3,0.63,30.35089,3,25.567907
3,0.64,32.63346,3,28.073696
3,0.65,34.56855,3,30.515553
3,0.66,36.10578,3,32.517807
3,0.67,37.19883,3,34.033726
3,0.68,37.80696,3,34.157196
3,0.69,37.89673,3,33.391064
3,0.7,37.44345,3,32.82335
3,0.71,36.43252,3,31.86896
3,0.72,34.86093,3,30.4495
3,0.73,32.73832,3,28.772455
3,0.74,30.08809,3,26.664753
3,0.75,26.94775,3,24.059149
3,0.76,23.36965,3,21.00493
3,0.77,19.42051,3,17.606575
3,0.78,15.18096,3,14.008627
3,0.79,10.7447,3,10.38532
3,0.8,6.21661,3,6.8688283
3,0.81,1.71063,3,3.3739083
3,0.82,-2.65251,3,-0.2567873
3,0.83,-6.74913,3,-4.217406
3,0.84,-10.45554,3,-8.055605
3,0.85,-13.65236,3,-11.188862
3,0.86,-16.22857,3,-15.999287
3,0.87,-18.0863,3,-17.676874
3,0.88,-19.14479,3,-17.934175
3,0.89,-19.34448,3,-17.26424
3,0.9,-18.65134,3,-16.001995
3,0.91,-17.05937,3,-14.335098
3,0.92,-14.59353,3,-12.330605
3,0.93,-11.31099,3,-9.627893
3,0.94,-7.30149,3,-5.550781
3,0.95,-2.68614,3,-1.1457524
3,0.96,2.38467,3,2.835092
3,0.97,7.73532,3,6.7965674
3,0.98,13.17023,3,11.289076
3,0.99,18.48042,3,16.092249
3,1.0,23.45145,3,20.161934
3,1.01,27.8722,3,23.74362
3,1.02,31.54409,3,26.951641
3,1.03,34.29116,3,29.778511
3,1.04,35.96946,3,32.14771
3,1.05,36.47565,3,33.902515
3,1.06,35.75501,3,34.672478
3,1.07,33.80673,3,33.330585
3,1.08,30.68819,3,28.543858
3,1.09,26.51541,3,23.77662
3,1.1,21.46166,3,19.798944
3,1.11,15.75167,3,13.802559
3,1.12,9.65398,3,7.797614
3,1.13,3.46908,3,3.2754197
3,1.14,-2.48442,3,-1.6584983
3,1.15,-7.88581,3,-8.824638
3,1.16,-12.42996,3,-10.603447
3,1.17,-15.84574,3,-14.508257
3,1.18,-17.91294,3,-20.425922
3,1.19,-18.4787,3,-20.6563
3,1.2,-17.47039,3,-17.987713
3,1.21,-14.90477,3,-13.528238
3,1.22,-10.89239,3,-7.9492583
3,1.23,-5.63629,3,-1.94733
3,1.24,0.575,3,3.9875286
3,1.25,7.38107,3,9.589659
3,1.26,14.36837,3,14.750101
3,1.27,21.09448,3,19.45016
3,1.28,27.11534,3,23.666767
3,1.29,32.01546,3,27.297796
3,1.3,35.43762,3,30.35545
3,1.31,37.11107,3,33.01314
3,1.32,36.87506,3,34.25599
3,1.33,34.69678,3,31.956663
3,1.34,30.68049,3,27.59366
3,1.35,25.06755,3,22.706718
3,1.36,18.22589,3,17.358744
3,1.37,10.6291,3,11.510756
3,1.38,2.82617,3,4.89959
3,1.39,-4.59715,3,-2.4272494
3,1.4,-11.0624,3,-9.679785
3,1.41,-16.04459,3,-15.727064
3,1.42,-19.11724,3,-19.521608
3,1.43,-19.99248,3,-20.333036
3,1.44,-18.55137,3,-18.180042
3,1.45,-14.86269,3,-13.384867
3,1.46,-9.18591,3,-5.900624
3,1.47,-1.95842,3,1.7023425
3,1.48,6.23422,3,7.6843243
3,1.49,14.70247,3,11.667429
3,1.5,22.70997,3,16.54448
3,1.51,29.53754,3,29.760246
3,1.52,34.54982,3,33.819286
3,1.53,37.25815,3,36.29928
3,1.54,37.3731,3,36.0611
3,1.55,34.84075,3,31.978218
3,1.56,29.85878,3,27.839106
3,1.57,22.86796,3,23.238405
3,1.58,14.5195,3,12.872622
3,1.59,5.61897,3,2.3609343
3,1.6,-2.94893,3,-4.369415
3,1.61,-10.30755,3,-7.0990434
3,1.62,-15.68024,3,-6.990561
3,1.63,-18.47602,3,-5.39204
3,1.64,-18.36102,3,-3.4054914
3,1.65,-15.30489,3,-1.5434136
3,1.66,-9.59682,3,0.038110733
3,1.67,-1.82694,3,1.3302889
3,1.68,7.16781,3,2.3748603
3,1.69,16.38833,3,3.2221365
3,1.7,24.78184,3,3.915453
3,1.71,31.3611,3,4.488687
3,1.72,35.32386,3,4.967334
3,1.73,36.15511,3,5.370756
3,1.74,33.70053,3,5.713661
3,1.75,28.20009,3,6.007579
3,1.76,20.27453,3,6.261359
3,1.77,10.86399,3,6.481992
3,1.78,1.12302,3,6.6750355
3,1.79,-7.71712,3,6.8447986
3,1.8,-14.50367,3,6.994976
3,1.81,-18.31482,3,7.1283836
3,1.82,-18.59074,3,7.247506
3,1.83,-15.22251,3,7.354277
3,1.84,-8.58462,3,7.4504128
3,1.85,0.49578,3,7.537284
3,1.86,10.83392,3,7.616098
3,1.87,21.03718,3,7.687852
3,1.88,29.69029,3,7.7534084
3,1.89,35.55455,3,7.813474
3,1.9,37.74973,3,7.868678
3,1.91,35.89474,3,7.919626
3,1.92,30.18165,3,7.9667244
3,1.93,21.36937,3,8.010348
3,1.94,10.69289,3,8.050933
3,1.95,-0.30338,3,8.088767
3,1.96,-9.98614,3,8.124095
3,1.97,-16.87894,3,8.157129
3,1.98,-19.8942,3,8.188153
3,1.99,-18.51629,3,8.217306
3,2.0,-12.90237,3,8.244751
3,2.01,-3.88096,3,8.270677
3,2.02,7.1572,3,8.295166
3,2.03,18.46651,3,8.318338
3,2.04,28.21805,3,8.340296
3,2.05,34.80001,3,8.361207
3,2.06,37.09232,3,8.381013
3,2.07,34.67094,3,8.399923
3,2.08,27.90172,3,8.417938
3,2.09,17.90312,3,8.435155
3,2.1,6.37525,3,8.451597
3,2.11,-4.6784,3,8.467351
3,2.12,-13.29634,3,8.48244
3,2.13,-17.9101,3,8.4969015
3,2.14,-17.64012,3,8.510797
3,2.15,-12.47761,3,8.524168
3,2.16,-3.31385,3,8.5370035
3,2.17,8.19634,3,8.549341
3,2.18,19.9203,3,8.561262
3,2.19,29.63551,3,8.572742
3,2.2,35.45035,3,8.58383
3,2.21,36.17907,3,8.59456
3,2.22,31.59439,3,8.604914
3,2.23,22.50357,3,8.614922
3,2.24,10.62218,3,8.624592
3,2.25,-1.73659,3,8.633936
3,2.26,-12.10646,3,8.643046
3,2.27,-18.36064,3,8.651831
3,2.28,-19.15604,3,8.660368
3,2.29,-14.23405,3,8.668631
3,2.3,-4.50929,3,8.676668
3,2.31,8.08358,3,8.684456
3,2.32,20.96404,3,8.692042
3,2.33,31.43135,3,8.699378
3,2.34,37.23757,3,8.706526
3,2.35,37.08381,3,8.71348
3,2.36,30.93039,3,8.720217
3,2.37,20.042,3,8.726805
3,2.38,6.74725,3,8.733195
3,2.39,-6.04855,3,8.739429
3,2.4,-15.49739,3,8.745484
3,2.41,-19.45378,3,8.751384
3,2.42,-16.98232,3,8.757116
3,2.43,-8.60486,3,8.762706
3,2.44,3.78154,3,8.768188
3,2.45,17.31226,3,8.773506
3,2.46,28.80519,3,8.778667
3,2.47,35.51001,3,8.783729
3,2.48,35.77952,3,8.78866
3,2.49,29.49825,3,8.793456
3,2.5,18.15143,3,8.7981615
3,2.51,4.50206,3,8.802735
3,2.52,-8.06172,3,8.807176
3,2.53,-16.35935,3,8.81155
3,2.54,-18.22748,3,8.815798
3,2.55,-13.10001,3,8.819952
3,2.56,-2.19839,3,8.823994
3,2.57,11.73425,3,8.827964
3,2.58,25.10342,3,8.8318205
3,2.59,34.38281,3,8.835567
3,2.6,37.04728,3,8.839289
3,2.61,32.27367,3,8.842879
3,2.62,21.21039,3,8.846396
3,2.63,6.72489,3,8.84984
3,2.64,-7.32441,3,8.853197
3,2.65,-17.11414,3,8.856497
3,2.66,-19.90818,3,8.859704
3,2.67,-14.84507,3,8.862839
3,2.68,-3.22735,3,8.8658905
3,2.69,11.78726,3,8.868933
3,2.7,26.03092,3,8.87186
3,2.71,35.48412,3,8.874746
3,2.72,37.4291,3,8.877574
3,2.73,31.26307,3,8.880297
3,2.74,18.72202,3,8.883015
3,2.75,3.42606,3,8.885658
3,2.76,-10.14426,3,8.888209
3,2.77,-17.96126,3,8.890737
3,2.78,-17.66498,3,8.893225
3,2.79,-9.31325,3,8.895636
3,2.8,4.58371,3,8.898011
3,2.81,19.77959,3,8.900319
3,2.82,31.5661,3,8.902603
3,2.83,36.22803,3,8.904812
3,2.84,32.22992,3,8.906984
3,2.85,20.75305,3,8.909122
3,2.86,5.38449,3,8.911214
3,2.87,-8.97077,3,8.913245
3,2.88,-17.63842,3,8.915265
3,2.89,-17.70086,3,8.917237
3,2.9,-8.99679,3,8.919144
3,2.91,5.75204,3,8.921043
3,2.92,21.76638,3,8.922858
3,2.93,33.74486,3,8.924684
3,2.94,37.62531,3,8.926487
3,2.95,31.98317,3,8.928206
3,2.96,18.58057,3,8.929887
3,2.97,1.84682,3,8.931582
3,2.98,-12.57069,3,8.933212
3,2.99,-19.72224,3,8.934816
3,3.0,-17.08631,3,8.936402
3,3.01,-5.50567,3,8.937947
3,3.02,11.03514,3,8.939456
3,3.03,26.7512,3,8.940952
3,3.04,36.0807,3,8.942361
3,3.05,35.68037,3,8.943817
3,3.06,25.67448,3,8.945206
3,3.07,9.67539,3,8.946586
3,3.08,-6.47141,3,8.947937
3,3.09,-16.79921,3,8.9492445
3,3.1,-17.43306,3,8.950559
3,3.11,-8.08196,3,8.951812
3,3.12,7.7788,3,8.953079
3,3.13,24.14947,3,8.95429
3,3.14,34.74217,3,8.955502
3,3.15,35.39207,3,8.956682
3,3.16,25.71379,3,8.957827
3,3.17,9.33698,3,8.958955
3,3.18,-7.41928,3,8.960049
3,3.19,-17.96431,3,8.961162
3,3.2,-18.03196,3,8.962201
3,3.21,-7.42911,3,8.96327
3,3.22,9.78964,3,8.964285
3,3.23,26.84747,3,8.965307
3,3.24,36.91174,3,8.96629
3,3.25,35.8596,3,8.967269
3,3.26,24.01279,3,8.9682255
3,3.27,6.09906,3,8.969164
3,3.28,-10.60281,3,8.970068
3,3.29,-19.22488,3,8.97097
3,3.3,-16.17636,3,8.971858
3,3.31,-2.70791,3,8.972727
3,3.32,15.53004,3,8.973591
3,3.33,30.80827,3,8.974447
3,3.34,36.58871,3,8.975247
3,3.35,30.35935,3,8.976044
3,3.36,14.79621,3,8.976865
3,3.37,-3.31131,3,8.9776325
3,3.38,-15.96825,3,8.97837
3,3.39,-17.49054,3,8.979126
3,3.4,-7.08205,3,8.979866
3,3.41,10.70652,3,8.980578
3,3.42,27.91589,3,8.981278
3,3.43,36.70776,3,8.98198
3,3.44,32.93542,3,8.98265
3,3.45,18.12359,3,8.983328
3,3.46,-1.10393,3,8.983948
3,3.47,-15.96458,3,8.984619
3,3.48,-19.54024,3,8.985233
3,3.49,-10.03742,3,8.98585
3,3.5,8.26929,3,8.986441
3,3.51,26.92458,3,8.987068
3,3.52,37.20129,3,8.987623
3,3.53,34.2295,3,8.988224
3,3.54,19.38229,3,8.988774
3,3.55,-0.27974,3,8.989312
3,3.56,-15.32013,3,8.989856
3,3.57,-18.46684,3,8.990392
3,3.58,-8.194,3,8.990885
3,3.59,10.4424,3,8.991425
3,3.6,28.20643,3,8.9919405
3,3.61,36.21209,3,8.992405
3,3.62,30.37921,3,8.992882
3,3.63,13.56951,3,8.993353
3,3.64,-5.73475,3,8.993796
3,3.65,-17.647,3,8.994272
3,3.66,-15.91945,3,8.994726
3,3.67,-1.23955,3,8.995126
3,3.68,18.97595,3,8.995573
3,3.69,34.29362,3,8.995998
3,3.7,36.64581,3,8.996385
3,3.71,24.60928,3,8.996779
3,3.72,4.29407,3,8.9971895
3,3.73,-13.72809,3,8.997565
3,3.74,-19.94202,3,8.997938
3,3.75,-10.97959,3,8.998324
3,3.76,8.4655,3,8.998688
3,3.77,28.03213,3,8.999039
3,3.78,37.20622,3,8.999371
3,3.79,31.03536,3,8.999723
3,3.8,12.90982,3,9.000052
3,3.81,-7.18818,3,9.000366
3,3.82,-18.11799,3,9.000667
3,3.83,-13.76999,3,9.001
3,3.84,3.43924,3,9.001301
3,3.85,23.80103,3,9.001604
3,3.86,35.7082,3,9.001878
3,3.87,32.24215,3,9.002163
3,3.88,15.21984,3,9.002472
3,3.89,-5.69288,3,9.002755
3,3.9,-18.41418,3,9.00301
3,3.91,-15.41253,3,9.003251
3,3.92,1.81154,3,9.003523
3,3.93,23.41865,3,9.003765
3,3.94,36.83823,3,9.003988
3,3.95,34.12055,3,9.004221
3,3.96,16.719,3,9.004457
3,3.97,-5.20864,3,9.004682
3,3.98,-18.70913,3,9.004901
3,3.99,-15.74303,3,9.005105
3,4.0,1.90797,3,9.005338
3,4.01,23.58286,3,9.005546
3,0.0,7.63657,3,11.330738
3,0.01,7.61422,3,10.798215
3,0.02,7.5471,3,10.267191
3,0.03,7.43514,3,9.726952
3,0.04,7.27868,3,9.170579
3,0.05,7.07733,3,8.594173
3,0.06,6.83138,3,7.995617
3,0.07,6.54085,3,7.3737645
3,0.08,6.20591,3,6.7280416
3,0.09,5.82667,3,6.058264
3,0.1,5.4035,3,5.3645697
3,0.11,4.93693,3,4.647231
3,0.12,4.42728,3,3.9069412
3,0.13,3.87528,3,3.1444721
3,0.14,3.28186,3,2.3608375
3,0.15,2.64809,3,1.5571628
3,0.16,1.97546,3,0.7346368
3,0.17,1.26551,3,-0.1054678
3,0.18,0.52023,3,-0.9620366
3,0.19,-0.25785,3,-1.8339114
3,0.2,-1.06611,3,-2.7199883
3,0.21,-1.90122,3,-3.618713
3,0.22,-2.75961,3,-4.527266
3,0.23,-3.63701,3,-5.438232
3,0.24,-4.5287,3,-6.327931
3,0.25,-5.42933,3,-7.1317306
3,0.26,-6.33292,3,-7.8347745
3,0.27,-7.23301,3,-8.628958
3,0.28,-8.12232,3,-9.53751
3,0.29,-8.99315,3,-10.477213
3,0.3,-9.83685,3,-11.41296
3,0.31,-10.6445,3,-12.3319645
3,0.32,-11.40632,3,-13.224949
3,0.33,-12.11228,3,-14.081409
3,0.34,-12.75166,3,-14.888922
3,0.35,-13.31347,3,-15.6326275
3,0.36,-13.78606,3,-16.295418
3,0.37,-14.15817,3,-16.85818
3,0.38,-14.41803,3,-17.299871
3,0.39,-14.55417,3,-17.597542
3,0.4,-14.5554,3,-17.725418
3,0.41,-14.41103,3,-17.654226
3,0.42,-14.11094,3,-17.357267
3,0.43,-13.64613,3,-16.866987
3,0.44,-13.0088,3,-16.237972
3,0.45,-12.1925,3,-15.047972
3,0.46,-11.19264,3,-13.288929
3,0.47,-10.00663,3,-11.158878
3,0.48,-8.63424,3,-8.904947
3,0.49,-7.078,3,-7.1729493
3,0.5,-5.34306,3,-5.9602513
3,0.51,-3.43783,3,-2.915073
3,0.52,-1.37402,3,-0.42678785
3,0.53,0.83303,3,2.1541114
3,0.54,3.16449,3,4.7810097
3,0.55,5.59774,3,7.306332
3,0.56,8.1066,3,9.864649
3,0.57,10.66111,3,12.645288
3,0.58,13.2282,3,14.968036
3,0.59,15.77152,3,17.212969
3,0.6,18.25212,3,19.344166
3,0.61,20.62879,3,21.324272
3,0.62,22.85896,3,23.327671
3,0.63,24.89921,3,25.567907
3,0.64,26.7063,3,28.073696
3,0.65,28.23798,3,30.515553
3,0.66,29.45419,3,32.517807
3,0.67,30.31817,3,34.033726
3,0.68,30.79768,3,34.157196
3,0.69,30.86618,3,33.391064
3,0.7,30.50409,3,32.82335
3,0.71,29.69979,3,31.86896
3,0.72,28.4509,3,30.4495
3,0.73,26.7652,3,28.772455
3,0.74,24.6612,3,26.664753
3,0.75,22.16883,3,24.059149
3,0.76,19.32958,3,21.00493
3,0.77,16.19657,3,17.606575
3,0.78,12.83397,3,14.008627
3,0.79,9.31608,3,10.38532
3,0.8,5.72626,3,6.8688283
3,0.81,2.1551,3,3.3739083
3,0.82,-1.30155,3,-0.2567873
3,0.83,-4.5453,3,-4.217406
3,0.84,-7.478,3,-8.055605
3,0.85,-10.00477,3,-11.188862
3,0.86,-12.03758,3,-15.999287
3,0.87,-13.49867,3,-17.676874
3,0.88,-14.32385,3,-17.934175
3,0.89,-14.46615,3,-17.26424
3,0.9,-13.89845,3,-16.001995
3,0.91,-12.6164,3,-14.335098
3,0.92,-10.63996,3,-12.330605
3,0.93,-8.01491,3,-9.627893
3,0.94,-4.81274,3,-5.550781
3,0.95,-1.13021,3,-1.1457524
3,0.96,2.91295,3,2.835092
3,0.97,7.17677,3,6.7965674
3,0.98,11.50553,3,11.289076
3,0.99,15.73289,3,16.092249
3,1.0,19.68814,3,20.161934
3,1.01,23.20331,3,23.74362
3,1.02,26.12049,3,26.951641
3,1.03,28.2999,3,29.778511
3,1.04,29.6271,3,32.14771
3,1.05,30.02015,3,33.902515
3,1.06,29.43569,3,34.672478
3,1.07,27.87344,3,33.330585
3,1.08,25.37922,3,28.543858
3,1.09,22.04568,3,23.77662
3,1.1,18.01071,3,19.798944
3,1.11,13.45346,3,13.802559
3,1.12,8.58767,3,7.797614
3,1.13,3.65252,3,3.2754197
3,1.14,-1.09835,3,-1.6584983
3,1.15,-5.4097,3,-8.824638
3,1.16,-9.03882,3,-10.603447
3,1.17,-11.76977,3,-14.508257
3,1.18,-13.42739,3,-20.425922
3,1.19,-13.88998,3,-20.6563
3,1.2,-13.09958,3,-17.987713
3,1.21,-11.06942,3,-13.528238
3,1.22,-7.8871,3,-7.9492583
3,1.23,-3.71399,3,-1.94733
3,1.24,1.22079,3,3.9875286
3,1.25,6.63087,3,9.589659
3,1.26,12.18775,3,14.750101
3,1.27,17.5398,3,19.45016
3,1.28,22.3342,3,23.666767
3,1.29,26.2408,3,27.297796
3,1.3,28.9756,3,30.35545
3,1.31,30.32338,3,33.01314
3,1.32,30.15621,3,34.25599
3,1.33,28.44756,3,31.956663
3,1.34,25.27985,3,27.59366
3,1.35,20.84415,3,22.706718
3,1.36,15.43222,3,17.358744
3,1.37,9.41935,3,11.510756
3,1.38,3.2408,3,4.89959
3,1.39,-2.63888,3,-2.4272494
3,1.4,-7.76108,3,-9.679785
3,1.41,-11.70942,3,-15.727064
3,1.42,-14.14572,3,-19.521608
3,1.43,-14.84145,3,-20.333036
3,1.44,-13.70224,3,-18.180042
3,1.45,-10.78238,3,-13.384867
3,1.46,-6.28756,3,-5.900624
3,1.47,-0.56448,3,1.7023425
3,1.48,5.9224,3,7.6843243
3,1.49,12.62631,3,11.667429
3,1.5,18.96322,3,16.54448
3,1.51,24.3626,3,29.760246
3,1.52,28.32059,3,33.819286
3,1.53,30.44975,3,36.29928
3,1.54,30.52078,3,36.0611
3,1.55,28.49144,3,31.978218
3,1.56,24.51918,3,27.839106
3,1.57,18.95444,3,23.238405
3,1.58,12.31485,3,12.872622
3,1.59,5.24053,3,2.3609343
3,1.6,-1.56551,3,-4.369415
3,1.61,-7.40676,3,-7.0990434
3,1.62,-11.66613,3,-6.990561
3,1.63,-13.87423,3,-5.39204
3,1.64,-13.76585,3,-3.4054914
3,1.65,-11.31729,3,-1.5434136
3,1.66,-6.75874,3,0.038110733
3,1.67,-0.55979,3,1.3302889
3,1.68,6.6137,3,2.3748603
3,1.69,13.96676,3,3.2221365
3,1.7,20.6613,3,3.915453
3,1.71,25.91162,3,4.488687
3,1.72,29.07868,3,4.967334
3,1.73,29.75183,3,5.370756
3,1.74,27.80749,3,5.713661
3,1.75,23.43573,3,6.007579
3,1.76,17.12975,3,6.261359
3,1.77,9.63712,3,6.481992
3,1.78,1.8762,3,6.6750355
3,1.79,-5.17327,3,6.8447986
3,1.8,-10.59375,3,6.994976
3,1.81,-13.65116,3,7.1283836
3,1.82,-13.89918,3,7.247506
3,1.83,-11.24965,3,7.354277
3,1.84,-5.99898,3,7.4504128
3,1.85,1.19656,3,7.537284
3,1.86,9.39645,3,7.616098
3,1.87,17.49468,3,7.687852
3,1.88,24.36715,3,7.7534084
3,1.89,29.0298,3,7.813474
3,1.9,30.78316,3,7.868678
3,1.91,29.3242,3,7.919626
3,1.92,24.80507,3,7.9667244
3,1.93,17.82803,3,8.010348
3,1.94,9.37305,3,8.050933
3,1.95,0.66603,3,8.088767
3,1.96,-6.99714,3,8.124095
3,1.97,-12.44534,3,8.157129
3,1.98,-14.81659,3,8.188153
3,1.99,-13.70338,3,8.217306
3,2.0,-9.23236,3,8.244751
3,2.01,-2.06279,3,8.270677
3,2.02,6.70015,3,8.295166
3,2.03,15.67025,3,8.318338
3,2.04,23.39604,3,8.340296
3,2.05,28.59896,3,8.361207
3,2.06,30.39126,3,8.381013
3,2.07,28.43812,3,8.399923
3,2.08,23.03203,3,8.417938
3,2.09,15.06294,3,8.435155
3,2.1,5.88277,3,8.451597
3,2.11,-2.91574,3,8.467351
3,2.12,-9.77342,3,8.48244
3,2.13,-13.44353,3,8.4969015
3,2.14,-13.22684,3,8.510797
3,2.15,-9.11601,3,8.524168
3,2.16,-1.81933,3,8.5370035
3,2.17,7.34796,3,8.549341
3,2.18,16.69062,3,8.561262
3,2.19,24.44125,3,8.572742
3,2.2,29.09485,3,8.58383
3,2.21,29.70645,3,8.59456
3,2.22,26.09224,3,8.604914
3,2.23,18.89017,3,8.614922
3,2.24,9.4607,3,8.624592
3,2.25,-0.36002,3,8.633936
3,2.26,-8.61236,3,8.643046
3,2.27,-13.60476,3,8.651831
3,2.28,-14.26727,3,8.660368
3,2.29,-10.391,3,8.668631
3,2.3,-2.6992,3,8.676668
3,2.31,7.27402,3,8.684456
3,2.32,17.48074,3,8.692042
3,2.33,25.77692,3,8.699378
3,2.34,30.37761,3,8.706526
3,2.35,30.25135,3,8.71348
3,2.36,25.36654,3,8.720217
3,2.37,16.72753,3,8.726805
3,2.38,6.18369,3,8.733195
3,2.39,-3.95776,3,8.739429
3,2.4,-11.43551,3,8.745484
3,2.41,-14.54679,3,8.751384
3,2.42,-12.55094,3,8.757116
3,2.43,-5.86583,3,8.762706
3,2.44,3.99796,3,8.768188
3,2.45,14.76129,3,8.773506
3,2.46,23.89416,3,8.778667
3,2.47,29.21103,3,8.783729
3,2.48,29.40479,3,8.78866
3,2.49,24.3863,3,8.793456
3,2.5,15.33882,3,8.7981615
3,2.51,4.46066,3,8.802735
3,2.52,-5.5533,3,8.807176
3,2.53,-12.1734,3,8.81155
3,2.54,-13.67863,3,8.815798
3,2.55,-9.61738,3,8.819952
3,2.56,-0.95895,3,8.823994
3,2.57,10.11788,3,8.827964
3,2.58,20.75721,3,8.8318205
3,2.59,28.15646,3,8.835567
3,2.6,30.30758,3,8.839289
3,2.61,26.55347,3,8.842879
3,2.62,17.80214,3,8.846396
3,2.63,6.32644,3,8.84984
3,2.64,-4.81321,3,8.853197
3,2.65,-12.58299,3,8.856497
3,2.66,-14.81047,3,8.859704
3,2.67,-10.80954,3,8.862839
3,2.68,-1.61106,3,8.8658905
3,2.69,10.28115,3,8.868933
3,2.7,21.56104,3,8.87186
3,2.71,29.03916,3,8.874746
3,2.72,30.55912,3,8.877574
3,2.73,25.64361,3,8.880297
3,2.74,15.67243,3,8.883015
3,2.75,3.52165,3,8.885658
3,2.76,-7.24921,3,8.888209
3,2.77,-13.44068,3,8.890737
3,2.78,-13.17853,3,8.893225
3,2.79,-6.5103,3,8.895636
3,2.8,4.56671,3,8.898011
3,2.81,16.67446,3,8.900319
3,2.82,26.06691,3,8.902603
3,2.83,29.78714,3,8.904812
3,2.84,26.61188,3,8.906984
3,2.85,17.47896,3,8.909122
3,2.86,5.24058,3,8.911214
3,2.87,-6.20167,3,8.913245
3,2.88,-13.12852,3,8.915265
3,2.89,-13.21634,3,8.917237
3,2.9,-6.33202,3,8.919144
3,2.91,5.36554,3,8.921043
3,2.92,18.08132,3,8.922858
3,2.93,27.60435,3,8.924684
3,2.94,30.70674,3,8.926487
3,2.95,26.25465,3,8.928206
3,2.96,15.64465,3,8.929887
3,2.97,2.39078,3,8.931582
3,2.98,-9.02608,3,8.933212
3,2.99,-14.67979,3,8.934816
3,3.0,-12.57219,3,8.936402
3,3.01,-3.37534,3,8.937947
3,3.02,9.74633,3,8.939456
3,3.03,22.20136,3,8.940952
3,3.04,29.57709,3,8.942361
3,3.05,29.22301,3,8.943817
3,3.06,21.24213,3,8.945206
3,3.07,8.50706,3,8.946586
3,3.08,-4.33646,3,8.947937
3,3.09,-12.54656,3,8.9492445
3,3.1,-13.04353,3,8.950559
3,3.11,-5.59559,3,8.951812
3,3.12,7.03579,3,8.953079
3,3.13,20.08106,3,8.95429
3,3.14,28.53945,3,8.955502
3,3.15,29.09456,3,8.956682
3,3.16,21.43147,3,8.957827
3,3.17,8.427,3,8.958955
3,3.18,-4.90079,3,8.960049
3,3.19,-13.3121,3,8.961162
3,3.2,-13.40996,3,8.962201
3,3.21,-5.03168,3,8.96327
3,3.22,8.60942,3,8.964285
3,3.23,22.13493,3,8.965307
3,3.24,30.11956,3,8.96629
3,3.25,29.28815,3,8.967269
3,3.26,19.89481,3,8.9682255
3,3.27,5.69254,3,8.969164
3,3.28,-7.53978,3,8.970068
3,3.29,-14.35067,3,8.97097
3,3.3,-11.89301,3,8.971858
3,3.31,-1.16704,3,8.972727
3,3.32,13.33252,3,8.973591
3,3.33,25.4627,3,8.974447
3,3.34,30.03128,3,8.975247
3,3.35,25.04782,3,8.976044
3,3.36,12.64456,3,8.976865
3,3.37,-1.77891,3,8.9776325
3,3.38,-11.86563,3,8.97837
3,3.39,-13.09512,3,8.979126
3,3.4,-4.83116,3,8.979866
3,3.41,9.313,3,8.980578
3,3.42,23.01382,3,8.981278
3,3.43,30.04079,3,8.98198
3,3.44,27.09256,3,8.98265
3,3.45,15.37003,3,8.983328
3,3.46,0.12386,3,8.983948
3,3.47,-11.67713,3,8.984619
3,3.48,-14.53795,3,8.985233
3,3.49,-7.02723,3,8.98585
3,3.5,7.47,3,8.986441
3,3.51,22.24745,3,8.987068
3,3.52,30.37947,3,8.987623
3,3.53,28.00093,3,8.988224
3,3.54,16.20301,3,8.988774
3,3.55,0.59365,3,8.989312
3,3.56,-11.3324,3,8.989856
3,3.57,-13.79973,3,8.990392
3,3.58,-5.59941,3,8.990885
3,3.59,9.24581,3,8.991425
3,3.6,23.38968,3,8.9919405
3,3.61,29.76392,3,8.992405
3,3.62,25.12215,3,8.992882
3,3.63,11.73897,3,8.993353
3,3.64,-3.64026,3,8.993796
3,3.65,-13.1515,3,8.994272
3,3.66,-11.82086,3,8.994726
3,3.67,-0.18573,3,8.995126
3,3.68,15.8671,3,8.995573
3,3.69,28.05057,3,8.995998
3,3.7,29.95318,3,8.996385
3,3.71,20.43783,3,8.996779
3,3.72,4.34831,3,8.9971895
3,3.73,-9.92908,3,8.997565
3,3.74,-14.84593,3,8.997938
3,3.75,-7.73175,3,8.998324
3,3.76,7.68772,3,8.998688
3,3.77,23.19124,3,8.999039
3,3.78,30.43727,3,8.999371
3,3.79,25.49974,3,8.999723
3,3.8,11.07612,3,9.000052
3,3.81,-4.90166,3,9.000366
3,3.82,-13.58186,3,9.000667
3,3.83,-10.10916,3,9.001
3,3.84,3.59662,3,9.001301
3,3.85,19.81837,3,9.001604
3,3.86,29.32523,3,9.001878
3,3.87,26.60673,3,9.002163
3,3.88,13.09315,3,9.002472
3,3.89,-3.54151,3,9.002755
3,3.9,-13.69262,3,9.00301
3,3.91,-11.3625,3,9.003251
3,3.92,2.27237,3,9.003523
3,3.93,19.40715,3,9.003765
3,3.94,30.061,3,9.003988
3,3.95,27.91819,3,9.004221
3,3.96,14.12824,3,9.004457
3,3.97,-3.24745,3,9.004682
3,3.98,-13.92789,3,9.004901
3,3.99,-11.53655,3,9.005105
3,4.0,2.50206,3,9.005338
3,4.01,19.71418,3,9.005546
5,0.0,7.49853,5,10.869234
5,0.01,7.47709,5,10.374695
5,0.02,7.4124,5,9.866467
5,0.03,7.30489,5,9.340858
5,0.04,7.15422,5,8.795606
5,0.05,6.9606,5,8.229421
5,0.06,6.72406,5,7.6415434
5,0.07,6.44474,5,7.0315394
5,0.08,6.12257,5,6.3993745
5,0.09,5.75794,5,5.745019
5,0.1,5.351,5,5.0688157
5,0.11,4.90219,5,4.37123
5,0.12,4.41191,5,3.6529305
5,0.13,3.88102,5,2.9147224
5,0.14,3.31026,5,2.157547
5,0.15,2.70072,5,1.3824329
5,0.16,2.05381,5,0.590291
5,0.17,1.37093,5,-0.21792507
5,0.18,0.65411,5,-1.0412736
5,0.19,-0.0943,5,-1.8788972
5,0.2,-0.87182,5,-2.729773
5,0.21,-1.67527,5,-3.592506
5,0.22,-2.50114,5,-4.464475
5,0.23,-3.34513,5,-5.339086
5,0.24,-4.20311,5,-6.1961465
5,0.25,-5.06968,5,-6.9787984
5,0.26,-5.93915,5,-7.6630282
5,0.27,-6.80533,5,-8.417166
5,0.28,-7.66128,5,-9.269899
5,0.29,-8.49949,5,-10.141865
5,0.3,-9.31176,5,-10.996485
5,0.31,-10.08938,5,-11.817965
5,0.32,-10.82311,5,-12.59355
5,0.33,-11.5032,5,-13.30957
5,0.34,-12.11925,5,-13.950846
5,0.35,-12.66075,5,-14.501137
5,0.36,-13.11679,5,-14.943377
5,0.37,-13.47615,5,-15.260191
5,0.38,-13.72772,5,-15.433695
5,0.39,-13.86044,5,-15.444876
5,0.4,-13.86352,5,-15.272783
5,0.41,-13.72668,5,-14.894827
5,0.42,-13.44022,5,-14.30628
5,0.43,-12.99543,5,-13.610989
5,0.44,-12.38481,5,-12.773043
5,0.45,-11.60224,5,-11.402422
5,0.46,-10.64318,5,-9.684593
5,0.47,-9.50526,5,-7.842034
5,0.48,-8.18818,5,-6.1394706
5,0.49,-6.69433,5,-5.7286267
5,0.5,-5.02857,5,-3.9648433
5,0.51,-3.19912,5,-1.8260179
5,0.52,-1.21726,5,0.36311197
5,0.53,0.9024,5,2.775549
5,0.54,3.1417,5,5.1713905
5,0.55,5.47894,5,7.4148164
5,0.56,7.88883,5,9.579926
5,0.57,10.34282,5,11.996401
5,0.58,12.80892,5,14.055897
5,0.59,15.25223,5,15.979408
5,0.6,17.63533,5,17.82363
5,0.61,19.9186,5,19.493786
5,0.62,22.06112,5,21.009321
5,0.63,24.02116,5,22.540396
5,0.64,25.7571,5,24.249943
5,0.65,27.22836,5,26.272245
5,0.66,28.39651,5,28.518795
5,0.67,29.22604,5,29.8163
5,0.68,29.68617,5,29.54174
5,0.69,29.75126,5,29.197475
5,0.7,29.40244,5,28.746857
5,0.71,28.62871,5,27.811855
5,0.72,27.42765,5,26.491556
5,0.73,25.80678,5,25.006388
5,0.74,23.78395,5,23.195074
5,0.75,21.38794,5,20.99205
5,0.76,18.6587,5,18.459955
5,0.77,15.64721,5,15.695568
5,0.78,12.41521,5,12.809603
5,0.79,9.03421,5,9.892643
5,0.8,5.58431,5,6.990809
5,0.81,2.15266,5,4.124111
5,0.82,-1.16865,5,1.2001405
5,0.83,-4.285,5,-1.8730054
5,0.84,-7.10192,5,-4.905068
5,0.85,-9.52824,5,-9.12928
5,0.86,-11.47938,5,-12.9482
5,0.87,-12.88045,5,-14.992617
5,0.88,-13.66994,5,-15.743347
5,0.89,-13.80263,5,-15.50095
5,0.9,-13.25253,5,-14.578228
5,0.91,-12.01543,5,-13.184456
5,0.92,-10.11069,5,-11.355913
5,0.93,-7.58233,5,-8.617052
5,0.94,-4.49925,5,-4.8841805
5,0.95,-0.95451,5,-1.2473226
5,0.96,2.93664,5,2.17698
5,0.97,7.03964,5,5.5873227
5,0.98,11.20446,5,9.186347
5,0.99,15.27127,5,13.30352
5,1.0,19.07575,5,17.529404
5,1.01,22.45642,5,21.016077
5,1.02,25.26141,5,23.975595
5,1.03,27.35622,5,26.491491
5,1.04,28.63092,5,28.550507
5,1.05,29.00669,5,30.05089
5,1.06,28.44184,5,30.70863
5,1.07,26.93617,5,29.612232
5,1.08,24.53382,5,25.673185
5,1.09,21.32393,5,21.710545
5,1.1,17.43917,5,18.566727
5,1.11,13.05193,5,14.694156
5,1.12,8.36777,5,9.384097
5,1.13,3.6168,5,3.42193
5,1.14,-0.95686,5,-2.8604302
5,1.15,-5.10779,5,-7.508222
5,1.16,-8.60238,5,-9.227932
5,1.17,-11.23292,5,-12.704008
5,1.18,-12.83091,5,-19.508911
5,1.19,-13.27916,5,-20.677477
5,1.2,-12.52195,5,-17.907688
5,1.21,-10.57176,5,-13.513041
5,1.22,-7.51299,5,-8.116346
5,1.23,-3.5007,5,-2.3250384
5,1.24,1.24485,5,3.417797
5,1.25,6.44823,5,8.862022
5,1.26,11.79355,5,13.900658
5,1.27,16.94261,5,18.513226
5,1.28,21.55618,5,22.676071
5,1.29,25.31666,5,26.278034
5,1.3,27.95102,5,29.264732
5,1.31,29.25203,5,31.753576
5,1.32,29.09667,5,33.486053
5,1.33,27.45932,5,32.699295
5,1.34,24.41904,5,28.596308
5,1.35,20.15951,5,23.282993
5,1.36,14.96099,5,17.720476
5,1.37,9.18417,5,11.965475
5,1.38,3.2475,5,5.6951456
5,1.39,-2.4026,5,-1.438026
5,1.4,-7.32528,5,-8.949327
5,1.41,-11.12026,5,-15.482899
5,1.42,-13.46237,5,-19.598042
5,1.43,-14.13195,5,-20.50799
5,1.44,-13.03819,5,-18.475763
5,1.45,-10.23321,5,-14.131102
5,1.46,-5.91469,5,-7.4036775
5,1.47,-0.41591,5,0.2969718
5,1.48,5.81674,5,6.7859077
5,1.49,12.25759,5,11.359179
5,1.5,18.34525,5,13.675816
5,1.51,23.53132,5,26.121613
5,1.52,27.33142,5,30.370075
5,1.53,29.37326,5,33.090553
5,1.54,29.43648,5,33.66503
5,1.55,27.48061,5,31.00259
5,1.56,23.65716,5,28.121063
5,1.57,18.30329,5,23.791378
5,1.58,11.91681,5,13.222334
5,1.59,5.11339,5,2.450335
5,1.6,-1.43093,5,-4.3878474
5,1.61,-7.04639,5,-7.149895
5,1.62,-11.13948,5,-7.0140166
5,1.63,-13.25902,5,-5.4009595
5,1.64,-13.14996,5,-3.4167762
5,1.65,-10.78957,5,-1.5587916
5,1.66,-6.39953,5,0.022767544
5,1.67,-0.43156,5,1.3193727
5,1.68,6.47372,5,2.3709288
5,1.69,13.55138,5,3.2260633
5,1.7,19.99531,5,3.9271722
5,1.71,25.04946,5,4.5075183
5,1.72,28.09895,5,4.9924393
5,1.73,28.74861,5,5.4012804
5,1.74,26.87967,5,5.7488604
5,1.75,22.67461,5,6.046703
5,1.76,16.60781,5,6.3037825
5,1.77,9.39832,5,6.527094
5,1.78,1.92951,5,6.722342
5,1.79,-4.85612,5,6.893891
5,1.8,-10.07581,5,7.0454483
5,1.81,-13.02335,5,7.180012
5,1.82,-13.26905,5,7.2999787
5,1.83,-10.72783,5,7.407437
5,1.84,-5.68437,5,7.50411
5,1.85,1.23045,5,7.591352
5,1.86,9.11244,5,7.6704836
5,1.87,16.89814,5,7.7424526
5,1.88,23.50669,5,7.808117
5,1.89,27.99173,5,7.86827
5,1.9,29.68076,5,7.92354
5,1.91,28.28221,5,7.974493
5,1.92,23.94226,5,8.021571
5,1.93,17.23963,5,8.06521
5,1.94,9.11655,5,8.105777
5,1.95,0.75134,5,8.143545
5,1.96,-6.61021,5,8.178808
5,1.97,-11.84246,5,8.211838
5,1.98,-14.11705,5,8.242792
5,1.99,-13.04248,5,8.27189
5,2.0,-8.74092,5,8.299277
5,2.01,-1.84659,5,8.32513
5,2.02,6.57777,5,8.349554
5,2.03,15.19941,5,8.372659
5,2.04,22.62285,5,8.394566
5,2.05,27.61912,5,8.415385
5,2.06,29.335,5,8.435212
5,2.07,27.44909,5,8.454028
5,2.08,22.24311,5,8.472034
5,2.09,14.57326,5,8.489148
5,2.1,5.73988,5,8.505543
5,2.11,-2.72505,5,8.521261
5,2.12,-9.32203,5,8.53628
5,2.13,-12.85194,5,8.550738
5,2.14,-12.64225,5,8.564562
5,2.15,-8.68589,5,8.577898
5,2.16,-1.66412,5,8.590659
5,2.17,7.15814,5,8.602988
5,2.18,16.15022,5,8.614889
5,2.19,23.6121,5,8.626329
5,2.2,28.09584,5,8.63736
5,2.21,28.69201,5,8.648048
5,2.22,25.22311,5,8.658372
5,2.23,18.30174,5,8.668347
5,2.24,9.23572,5,8.677971
5,2.25,-0.20946,5,8.687299
5,2.26,-8.14931,5,8.696366
5,2.27,-12.95669,5,8.705099
5,2.28,-13.60195,5,8.713631
5,2.29,-9.88335,5,8.721842
5,2.3,-2.49564,5,8.72986
5,2.31,7.0867,5,8.737639
5,2.32,16.89492,5,8.74518
5,2.33,24.86767,5,8.752499
5,2.34,29.28889,5,8.759613
5,2.35,29.16683,5,8.766564
5,2.36,24.47104,5,8.773287
5,2.37,16.16735,5,8.779846
5,2.38,6.03377,5,8.786217
5,2.39,-3.71124,5,8.792425
5,2.4,-10.89369,5,8.798455
5,2.41,-13.87678,5,8.804324
5,2.42,-11.94899,5,8.810045
5,2.43,-5.513,5,8.815661
5,2.44,3.97769,5,8.821089
5,2.45,14.33073,5,8.826422
5,2.46,23.11269,5,8.831594
5,2.47,28.22209,5,8.8366165
5,2.48,28.4023,5,8.841553
5,2.49,23.56841,5,8.846326
5,2.5,14.85908,5,8.851012
5,2.51,4.38918,5,8.855573
5,2.52,-5.24907,5,8.86003
5,2.53,-11.62233,5,8.864379
5,2.54,-13.07493,5,8.868641
5,2.55,-9.17218,5,8.872823
5,2.56,-0.84581,5,8.876842
5,2.57,9.80897,5,8.880801
5,2.58,20.04576,5,8.884673
5,2.59,27.16905,5,8.888442
5,2.6,29.24732,5,8.892128
5,2.61,25.64755,5,8.895717
5,2.62,17.24184,5,8.899227
5,2.63,6.21452,5,8.902679
5,2.64,-4.4927,5,8.906054
5,2.65,-11.96309,5,8.909353
5,2.66,-14.10781,5,8.912582
5,2.67,-10.26664,5,8.91572
5,2.68,-1.42985,5,8.918793
5,2.69,9.99612,5,8.921818
5,2.7,20.83325,5,8.924727
5,2.71,28.01556,5,8.927645
5,2.72,29.47031,5,8.93046
5,2.73,24.739,5,8.933191
5,2.74,15.14878,5,8.935884
5,2.75,3.46536,5,8.93853
5,2.76,-6.88844,5,8.941128
5,2.77,-12.83603,5,8.943653
5,2.78,-12.57564,5,8.946147
5,2.79,-6.15363,5,8.948583
5,2.8,4.5083,5,8.950947
5,2.81,16.16049,5,8.953281
5,2.82,25.19925,5,8.955576
5,2.83,28.77998,5,8.957776
5,2.84,25.72569,5,8.959961
5,2.85,16.93822,5,8.962122
5,2.86,5.16116,5,8.964209
5,2.87,-5.85249,5,8.966242
5,2.88,-12.52457,5,8.968283
5,2.89,-12.61913,5,8.970259
5,2.9,-6.00696,5,8.972197
5,2.91,5.23686,5,8.9740715
5,2.92,17.46345,5,8.975939
5,2.93,26.62362,5,8.977739
5,2.94,29.61304,5,8.979541
5,2.95,25.34076,5,8.981283
5,2.96,15.14873,5,8.983003
5,2.97,2.41463,5,8.984663
5,2.98,-8.55426,5,8.986333
5,2.99,-13.98389,5,8.987926
5,3.0,-11.95422,5,8.989513
5,3.01,-3.11194,5,8.991102
5,3.02,9.50029,5,8.992583
5,3.03,21.46844,5,8.994103
5,3.04,28.55066,5,8.995551
5,3.05,28.19982,5,8.997012
5,3.06,20.51624,5,8.998423
5,3.07,8.26319,5,8.999772
5,3.08,-4.0912,5,9.001156
5,3.09,-11.98668,5,9.00248
5,3.1,-12.46146,5,9.0037775
5,3.11,-5.29279,5,9.005051
5,3.12,6.86335,5,9.006301
5,3.13,19.41929,5,9.00756
5,3.14,27.5646,5,9.008778
5,3.15,28.10806,5,9.009942
5,3.16,20.74476,5,9.011103
5,3.17,8.23984,5,9.012241
5,3.18,-4.58157,5,9.013373
5,3.19,-12.67973,5,9.014477
5,3.2,-12.78593,5,9.015554
5,3.21,-4.74152,5,9.016607
5,3.22,8.36566,5,9.017655
5,3.23,21.36511,5,9.018698
5,3.24,29.04054,5,9.019693
5,3.25,28.24275,5,9.020661
5,3.26,19.21566,5,9.021613
5,3.27,5.56741,5,9.022583
5,3.28,-7.14624,5,9.023502
5,3.29,-13.68442,5,9.0244255
5,3.3,-11.31118,5,9.02533
5,3.31,-0.99017,5,9.0262
5,3.32,12.95493,5,9.027058
5,3.33,24.61651,5,9.027918
5,3.34,29.00223,5,9.028748
5,3.35,24.19961,5,9.029546
5,3.36,12.26094,5,9.030388
5,3.37,-1.61969,5,9.031152
5,3.38,-11.32764,5,9.031924
5,3.39,-12.51465,5,9.0326805
5,3.4,-4.56803,5,9.033451
5,3.41,9.03798,5,9.034166
5,3.42,22.22202,5,9.0348835
5,3.43,28.99151,5,9.035605
5,3.44,26.16971,5,9.036289
5,3.45,14.90857,5,9.036954
5,3.46,0.2545,5,9.037634
5,3.47,-11.093,5,9.038275
5,3.48,-13.85005,5,9.038924
5,3.49,-6.63843,5,9.039554
5,3.5,7.28943,5,9.0401945
5,3.51,21.48745,5,9.040802
5,3.52,29.29808,5,9.041403
5,3.53,27.00576,5,9.041989
5,3.54,15.66023,5,9.042535
5,3.55,0.65385,5,9.043132
5,3.56,-10.80686,5,9.043678
5,3.57,-13.16907,5,9.044191
5,3.58,-5.27169,5,9.044729
5,3.59,9.01478,5,9.045288
5,3.6,22.62366,5,9.045784
5,3.61,28.75582,5,9.046278
5,3.62,24.28861,5,9.046787
5,3.63,11.41004,5,9.047291
5,3.64,-3.39151,5,9.047754
5,3.65,-12.55094,5,9.048232
5,3.66,-11.28248,5,9.048687
5,3.67,-0.10074,5,9.049151
5,3.68,15.33483,5,9.049571
5,3.69,27.05562,5,9.050001
5,3.7,28.89536,5,9.050452
5,3.71,19.75864,5,9.050852
5,3.72,4.30039,5,9.051269
5,3.73,-9.41823,5,9.051675
5,3.74,-14.14136,5,9.052061
5,3.75,-7.30224,5,9.05244
5,3.76,7.51725,5,9.052833
5,3.77,22.41372,5,9.053199
5,3.78,29.36897,5,9.053539
5,3.79,24.61031,5,9.053897
5,3.8,10.73322,5,9.054276
5,3.81,-4.63396,5,9.054619
5,3.82,-12.97884,5,9.054952
5,3.83,-9.63248,5,9.055268
5,3.84,3.55827,5,9.055603
5,3.85,19.17071,5,9.05592
5,3.86,28.32527,5,9.056218
5,3.87,25.71939,5,9.05652
5,3.88,12.72563,5,9.0568495
5,3.89,-3.27736,5,9.057126
5,3.9,-13.05165,5,9.057425
5,3.91,-10.82604,5,9.057696
5,3.92,2.27228,5,9.05796
5,3.93,18.74109,5,9.058234
5,3.94,28.98429,5,9.058495
5,3.95,26.92867,5,9.058736
5,3.96,13.67827,5,9.059009
5,3.97,-3.0173,5,9.05924
5,3.98,-13.27466,5,9.059478
5,3.99,-10.96512,5,9.059741
5,4.0,2.5389,5,9.059947
5,4.01,19.08761,5,9.060178
