Re,Eta,Pi_val,combo,p_Pi_val
1,0.0,8.61074,1,
1,0.01,8.5788,1,
1,0.02,8.48344,1,
1,0.03,8.32468,1,
1,0.04,8.10245,1,
1,0.05,7.81672,1,
1,0.06,7.46791,1,
1,0.07,7.05558,1,
1,0.08,6.58037,1,
1,0.09,6.04243,1,
1,0.1,5.44224,1,
1,0.11,4.78025,1,
1,0.12,4.05762,1,
1,0.13,3.27493,1,
1,0.14,2.43387,1,
1,0.15,1.53563,1,
1,0.16,0.58252,1,
1,0.17,-0.42317,1,
1,0.18,-1.4786,1,
1,0.19,-2.58027,1,
1,0.2,-3.72423,1,
1,0.21,-4.90582,1,
1,0.22,-6.11997,1,
1,0.23,-7.36047,1,
1,0.24,-8.62061,1,
1,0.25,-9.89268,1,
1,0.26,-11.1682,1,
1,0.27,-12.43804,1,
1,0.28,-13.69186,1,
1,0.29,-14.91829,1,
1,0.3,-16.10566,1,
1,0.31,-17.24079,1,
1,0.32,-18.31002,1,
1,0.33,-19.29889,1,
1,0.34,-20.19234,1,
1,0.35,-20.97455,1,
1,0.36,-21.62939,1,
1,0.37,-22.14056,1,
1,0.38,-22.4915,1,
1,0.39,-22.66587,1,
1,0.4,-22.64807,1,
1,0.41,-22.42257,1,
1,0.42,-21.97551,1,
1,0.43,-21.2939,1,
1,0.44,-20.36687,1,
1,0.45,-19.1853,1,
1,0.46,-17.74282,1,
1,0.47,-16.03585,1,
1,0.48,-14.06414,1,
1,0.49,-11.83122,1,
1,0.5,-9.34479,1,
1,0.51,-6.61658,1,
1,0.52,-3.66372,1,
1,0.53,-0.50779,1,
1,0.54,2.82434,1,
1,0.55,6.30044,1,
1,0.56,9.88312,1,
1,0.57,13.53003,1,
1,0.58,17.19397,1,
1,0.59,20.82323,1,
1,0.6,24.36242,1,
1,0.61,27.75318,1,
1,0.62,30.93478,1,
1,0.63,33.84566,1,
1,0.64,36.42415,1,
1,0.65,38.61035,1,
1,0.66,40.34731,1,
1,0.67,41.58281,1,
1,0.68,42.2709,1,
1,0.69,42.37395,1,
1,0.7,41.86406,1,
1,0.71,40.72459,1,
1,0.72,38.95229,1,
1,0.73,36.55788,1,
1,0.74,33.56778,1,
1,0.75,30.02439,1,
1,0.76,25.98655,1,
1,0.77,21.52948,1,
1,0.78,16.74439,1,
1,0.79,11.73662,1,
1,0.8,6.62449,1,
1,0.81,1.53659,1,
1,0.82,-3.39113,1,
1,0.83,-8.01892,1,
1,0.84,-12.20749,1,
1,0.85,-15.82217,1,
1,0.86,-18.73775,1,
1,0.87,-20.84388,1,
1,0.88,-22.04921,1,
1,0.89,-22.28674,1,
1,0.9,-21.51772,1,
1,0.91,-19.73548,1,
1,0.92,-16.9679,1,
1,0.93,-13.27938,1,
1,0.94,-8.77065,1,
1,0.95,-3.57808,1,
1,0.96,2.12901,1,
1,0.97,8.15294,1,
1,0.98,14.27346,1,
1,0.99,20.25519,1,
1,1.0,25.85657,1,
1,1.01,30.83975,1,
1,1.02,34.98091,1,
1,1.03,38.08175,1,
1,1.04,39.97977,1,
1,1.05,40.55848,1,
1,1.06,39.75573,1,
1,1.07,37.57058,1,
1,1.08,34.06746,1,
1,1.09,29.37677,1,
1,1.1,23.69337,1,
1,1.11,17.27045,1,
1,1.12,10.41041,1,
1,1.13,3.45175,1,
1,1.14,-3.24644,1,
1,1.15,-9.32299,1,
1,1.16,-14.43393,1,
1,1.17,-18.27368,1,
1,1.18,-20.59417,1,
1,1.19,-21.2232,1,
1,1.2,-20.07894,1,
1,1.21,-17.18028,1,
1,1.22,-12.65193,1,
1,1.23,-6.72301,1,
1,1.24,0.28127,1,
1,1.25,7.95425,1,
1,1.26,15.82973,1,
1,1.27,23.40877,1,
1,1.28,30.19049,1,
1,1.29,35.70648,1,
1,1.3,39.55402,1,
1,1.31,41.42765,1,
1,1.32,41.14649,1,
1,1.33,38.67355,1,
1,1.34,34.12691,1,
1,1.35,27.77896,1,
1,1.36,20.04528,1,
1,1.37,11.46061,1,
1,1.38,2.64467,1,
1,1.39,-5.74114,1,
1,1.4,-13.04361,1,
1,1.41,-18.67008,1,
1,1.42,-22.13916,1,
1,1.43,-23.12571,1,
1,1.44,-21.49558,1,
1,1.45,-17.32664,1,
1,1.46,-10.91208,1,
1,1.47,-2.74567,1,
1,1.48,6.51137,1,
1,1.49,16.08068,1,
1,1.5,25.13091,1,
1,1.51,32.85022,1,
1,1.52,38.52134,1,
1,1.53,41.59271,1,
1,1.54,41.73734,1,
1,1.55,38.89418,1,
1,1.56,33.28585,1,
1,1.57,25.40932,1,
1,1.58,15.99887,1,
1,1.59,5.96286,1,
1,1.6,-3.70088,1,
1,1.61,-12.00383,1,
1,1.62,-18.07004,1,
1,1.63,-21.23315,1,
1,1.64,-21.11648,1,
1,1.65,-17.68559,1,
1,1.66,-11.26629,1,
1,1.67,-2.52375,1,
1,1.68,7.59915,1,
1,1.69,17.97644,1,
1,1.7,27.42181,1,
1,1.71,34.8236,1,
1,1.72,39.27802,1,
1,1.73,40.20567,1,
1,1.74,37.4334,1,
1,1.75,31.23233,1,
1,1.76,22.30241,1,
1,1.77,11.70321,1,
1,1.78,0.73585,1,
1,1.79,-9.21246,1,
1,1.8,-16.84314,1,
1,1.81,-21.11813,1,
1,1.82,-21.40733,1,
1,1.83,-17.58894,1,
1,1.84,-10.08612,1,
1,1.85,0.16763,1,
1,1.86,11.83594,1,
1,1.87,23.34797,1,
1,1.88,33.10757,1,
1,1.89,39.71787,1,
1,1.9,42.18608,1,
1,1.91,40.08284,1,
1,1.92,33.62489,1,
1,1.93,23.66865,1,
1,1.94,11.60753,1,
1,1.95,-0.81588,1,
1,1.96,-11.75843,1,
1,1.97,-19.55363,1,
1,1.98,-22.97325,1,
1,1.99,-21.43403,1,
1,2.0,-15.11168,1,
1,2.01,-4.93946,1,
1,2.02,7.51454,1,
1,2.03,20.281,1,
1,2.04,31.29612,1,
1,2.05,38.74046,1,
1,2.06,41.3489,1,
1,2.07,38.64145,1,
1,2.08,31.02936,1,
1,2.09,19.7728,1,
1,2.1,6.78821,1,
1,2.11,-5.66549,1,
1,2.12,-15.37689,1,
1,2.13,-20.57741,1,
1,2.14,-20.27556,1,
1,2.15,-14.4613,1,
1,2.16,-4.13978,1,
1,2.17,8.82323,1,
1,2.18,22.0233,1,
1,2.19,32.95509,1,
1,2.2,39.48686,1,
1,2.21,40.28352,1,
1,2.22,35.09148,1,
1,2.23,24.82354,1,
1,2.24,11.41692,1,
1,2.25,-2.51859,1,
1,2.26,-14.2018,1,
1,2.27,-21.2358,1,
1,2.28,-22.10839,1,
1,2.29,-16.53093,1,
1,2.3,-5.53737,1,
1,2.31,8.68822,1,
1,2.32,23.23402,1,
1,2.33,35.05318,1,
1,2.34,41.61005,1,
1,2.35,41.43944,1,
1,2.36,34.4967,1,
1,2.37,22.20831,1,
1,2.38,7.20087,1,
1,2.39,-7.24842,1,
1,2.4,-17.92689,1,
1,2.41,-22.4136,1,
1,2.42,-19.6519,1,
1,2.43,-10.22768,1,
1,2.44,3.72274,1,
1,2.45,18.97138,1,
1,2.46,31.9316,1,
1,2.47,39.50184,1,
1,2.48,39.82302,1,
1,2.49,32.7626,1,
1,2.5,19.99262,1,
1,2.51,4.62631,1,
1,2.52,-9.51778,1,
1,2.53,-18.85483,1,
1,2.54,-20.94662,1,
1,2.55,-15.15581,1,
1,2.56,-2.86051,1,
1,2.57,12.84537,1,
1,2.58,27.90845,1,
1,2.59,38.35256,1,
1,2.6,41.33146,1,
1,2.61,35.9189,1,
1,2.62,23.41313,1,
1,2.63,7.05173,1,
1,2.64,-8.80964,1,
1,2.65,-19.85613,1,
1,2.66,-23.00096,1,
1,2.67,-17.27378,1,
1,2.68,-4.14676,1,
1,2.69,12.81467,1,
1,2.7,28.90647,1,
1,2.71,39.59231,1,
1,2.72,41.80512,1,
1,2.73,34.86407,1,
1,2.74,20.72642,1,
1,2.75,3.47489,1,
1,2.76,-11.83752,1,
1,2.77,-20.66825,1,
1,2.78,-20.35537,1,
1,2.79,-10.96278,1,
1,2.8,4.68096,1,
1,2.81,21.79061,1,
1,2.82,35.0609,1,
1,2.83,40.30616,1,
1,2.84,35.79773,1,
1,2.85,22.86782,1,
1,2.86,5.55944,1,
1,2.87,-10.59982,1,
1,2.88,-20.34334,1,
1,2.89,-20.38513,1,
1,2.9,-10.54653,1,
1,2.91,6.10063,1,
1,2.92,24.16531,1,
1,2.93,37.66862,1,
1,2.94,42.03004,1,
1,2.95,35.64408,1,
1,2.96,20.50049,1,
1,2.97,1.59779,1,
1,2.98,-14.6909,1,
1,2.99,-22.77849,1,
1,3.0,-19.81692,1,
1,3.01,-6.75401,1,
1,3.02,11.91573,1,
1,3.03,29.66477,1,
1,3.04,40.2156,1,
1,3.05,39.79295,1,
1,3.06,28.53354,1,
1,3.07,10.50906,1,
1,3.08,-7.68942,1,
1,3.09,-19.33383,1,
1,3.1,-20.05499,1,
1,3.11,-9.52497,1,
1,3.12,8.33793,1,
1,3.13,26.76937,1,
1,3.14,38.6823,1,
1,3.15,39.38565,1,
1,3.16,28.45155,1,
1,3.17,9.97882,1,
1,3.18,-8.90491,1,
1,3.19,-20.77007,1,
1,3.2,-20.81205,1,
1,3.21,-8.82006,1,
1,3.22,10.62738,1,
1,3.23,29.8839,1,
1,3.24,41.24215,1,
1,3.25,40.05217,1,
1,3.26,26.67789,1,
1,3.27,6.45302,1,
1,3.28,-12.4111,1,
1,3.29,-22.16565,1,
1,3.3,-18.75653,1,
1,3.31,-3.58845,1,
1,3.32,16.97143,1,
1,3.33,34.20879,1,
1,3.34,40.74821,1,
1,3.35,33.75186,1,
1,3.36,16.23193,1,
1,3.37,-4.1597,1,
1,3.38,-18.41063,1,
1,3.39,-20.11353,1,
1,3.4,-8.37311,1,
1,3.41,11.67781,1,
1,3.42,31.06332,1,
1,3.43,40.94617,1,
1,3.44,36.65482,1,
1,3.45,19.91645,1,
1,3.46,-1.7899,1,
1,3.47,-18.55299,1,
1,3.48,-22.56948,1,
1,3.49,-11.82199,1,
1,3.5,8.85994,1,
1,3.51,29.93243,1,
1,3.52,41.5472,1,
1,3.53,38.20947,1,
1,3.54,21.46732,1,
1,3.55,-0.71559,1,
1,3.56,-17.69596,1,
1,3.57,-21.27109,1,
1,3.58,-9.71736,1,
1,3.59,11.26839,1,
1,3.6,31.27756,1,
1,3.61,40.29625,1,
1,3.62,33.72665,1,
1,3.63,14.79403,1,
1,3.64,-6.94195,1,
1,3.65,-20.33964,1,
1,3.66,-18.36061,1,
1,3.67,-1.78597,1,
1,3.68,21.01661,1,
1,3.69,38.27979,1,
1,3.7,40.90683,1,
1,3.71,27.297,1,
1,3.72,4.34801,1,
1,3.73,-16.00848,1,
1,3.74,-23.03259,1,
1,3.75,-12.92085,1,
1,3.76,9.03133,1,
1,3.77,31.13108,1,
1,3.78,41.51161,1,
1,3.79,34.58063,1,
1,3.8,14.15799,1,
1,3.81,-8.49993,1,
1,3.82,-20.83,1,
1,3.83,-15.94258,1,
1,3.84,3.43769,1,
1,3.85,26.36508,1,
1,3.86,39.7571,1,
1,3.87,35.82221,1,
1,3.88,16.6194,1,
1,3.89,-6.94722,1,
1,3.9,-21.25826,1,
1,3.91,-17.83138,1,
1,3.92,1.62957,1,
1,3.93,26.01998,1,
1,3.94,41.15934,1,
1,3.95,38.08237,1,
1,3.96,18.43156,1,
1,3.97,-6.33219,1,
1,3.98,-21.59347,1,
1,3.99,-18.27735,1,
1,4.0,1.61529,1,
1,4.01,26.06593,1,
2,0.0,8.1875,2,
2,0.01,8.16027,2,
2,0.02,8.07838,2,
2,0.03,7.9418,2,
2,0.04,7.75057,2,
2,0.05,7.5047,2,
2,0.06,7.20443,2,
2,0.07,6.84975,2,
2,0.08,6.44073,2,
2,0.09,5.97792,2,
2,0.1,5.46129,2,
2,0.11,4.89173,2,
2,0.12,4.26964,2,
2,0.13,3.59603,2,
2,0.14,2.87193,2,
2,0.15,2.09869,2,
2,0.16,1.27817,2,
2,0.17,0.41224,2,
2,0.18,-0.49651,2,
2,0.19,-1.44528,2,
2,0.2,-2.43065,2,
2,0.21,-3.44857,2,
2,0.22,-4.49457,2,
2,0.23,-5.56344,2,
2,0.24,-6.64947,2,
2,0.25,-7.74603,2,
2,0.26,-8.84594,2,
2,0.27,-9.94101,2,
2,0.28,-11.02258,2,
2,0.29,-12.08098,2,
2,0.3,-13.10596,2,
2,0.31,-14.08627,2,
2,0.32,-15.0102,2,
2,0.33,-15.86544,2,
2,0.34,-16.63871,2,
2,0.35,-17.31664,2,
2,0.36,-17.88525,2,
2,0.37,-18.33039,2,
2,0.38,-18.63802,2,
2,0.39,-18.79405,2,
2,0.4,-18.78471,2,
2,0.41,-18.59713,2,
2,0.42,-18.21898,2,
2,0.43,-17.63928,2,
2,0.44,-16.84842,2,
2,0.45,-15.83864,2,
2,0.46,-14.60438,2,
2,0.47,-13.14273,2,
2,0.48,-11.45328,2,
2,0.49,-9.53901,2,
2,0.5,-7.40652,2,
2,0.51,-5.06601,2,
2,0.52,-2.53208,2,
2,0.53,0.17677,2,
2,0.54,3.0373,2,
2,0.55,6.02192,2,
2,0.56,9.09853,2,
2,0.57,12.23057,2,
2,0.58,15.37742,2,
2,0.59,18.4948,2,
2,0.6,21.53506,2,
2,0.61,24.44779,2,
2,0.62,27.18097,2,
2,0.63,29.68152,2,
2,0.64,31.89655,2,
2,0.65,33.77434,2,
2,0.66,35.26608,2,
2,0.67,36.32674,2,
2,0.68,36.9169,2,
2,0.69,37.00413,2,
2,0.7,36.56438,2,
2,0.71,35.58353,2,
2,0.72,34.05865,2,
2,0.73,31.99907,2,
2,0.74,29.42739,2,
2,0.75,26.38032,2,
2,0.76,22.90836,2,
2,0.77,19.07624,2,
2,0.78,14.96243,2,
2,0.79,10.65765,2,
2,0.8,6.26369,2,
2,0.81,1.89119,2,
2,0.82,-2.34294,2,
2,0.83,-6.31838,2,
2,0.84,-9.91529,2,
2,0.85,-13.0177,2,
2,0.86,-15.51815,2,
2,0.87,-17.32143,2,
2,0.88,-18.34918,2,
2,0.89,-18.5437,2,
2,0.9,-17.87184,2,
2,0.91,-16.32787,2,
2,0.92,-13.9359,2,
2,0.93,-10.75144,2,
2,0.94,-6.86147,2,
2,0.95,-2.3837,2,
2,0.96,2.5362,2,
2,0.97,7.72779,2,
2,0.98,13.00113,2,
2,0.99,18.15364,2,
2,1.0,22.97713,2,
2,1.01,27.26675,2,
2,1.02,30.82987,2,
2,1.03,33.4958,2,
2,1.04,35.12473,2,
2,1.05,35.6165,2,
2,1.06,34.9178,2,
2,1.07,33.02813,2,
2,1.08,30.00298,2,
2,1.09,25.95507,2,
2,1.1,21.05239,2,
2,1.11,15.51309,2,
2,1.12,9.59757,2,
2,1.13,3.59747,2,
2,1.14,-2.17793,2,
2,1.15,-7.41776,2,
2,1.16,-11.82593,2,
2,1.17,-15.13928,2,
2,1.18,-17.14433,2,
2,1.19,-17.69279,2,
2,1.2,-16.71418,2,
2,1.21,-14.22477,2,
2,1.22,-10.33179,2,
2,1.23,-5.23239,2,
2,1.24,0.79352,2,
2,1.25,7.39639,2,
2,1.26,14.17489,2,
2,1.27,20.69977,2,
2,1.28,26.54023,2,
2,1.29,31.2932,2,
2,1.3,34.61213,2,
2,1.31,36.23434,2,
2,1.32,36.004,2,
2,1.33,33.88922,2,
2,1.34,29.99136,2,
2,1.35,24.54447,2,
2,1.36,17.90567,2,
2,1.37,10.53447,2,
2,1.38,2.96354,2,
2,1.39,-4.23886,2,
2,1.4,-10.51137,2,
2,1.41,-15.34479,2,
2,1.42,-18.32529,2,
2,1.43,-19.17364,2,
2,1.44,-17.77451,2,
2,1.45,-14.19454,2,
2,1.46,-8.68571,2,
2,1.47,-1.6723,2,
2,1.48,6.27752,2,
2,1.49,14.49483,2,
2,1.5,22.26512,2,
2,1.51,28.89055,2,
2,1.52,33.75471,2,
2,1.53,36.38353,2,
2,1.54,36.49596,2,
2,1.55,34.03981,2,
2,1.56,29.2067,2,
2,1.57,22.4243,2,
2,1.58,14.32429,2,
2,1.59,5.68827,2,
2,1.6,-2.6253,2,
2,1.61,-9.76602,2,
2,1.62,-14.98016,2,
2,1.63,-17.69447,2,
2,1.64,-17.5848,2,
2,1.65,-14.62168,2,
2,1.66,-9.08559,2,
2,1.67,-1.54893,2,
2,1.68,7.17646,2,
2,1.69,16.12125,2,
2,1.7,24.26403,2,
2,1.71,30.64713,2,
2,1.72,34.49205,2,
2,1.73,35.29921,2,
2,1.74,32.9188,2,
2,1.75,27.58353,2,
2,1.76,19.89557,2,
2,1.77,10.76694,2,
2,1.78,1.31773,2,
2,1.79,-7.25753,2,
2,1.8,-13.84032,2,
2,1.81,-17.53645,2,
2,1.82,-17.80282,2,
2,1.83,-14.53371,2,
2,1.84,-8.09251,2,
2,1.85,0.71804,2,
2,1.86,10.74857,2,
2,1.87,20.64787,2,
2,1.88,29.04274,2,
2,1.89,34.73137,2,
2,1.9,36.8597,2,
2,1.91,35.05814,2,
2,1.92,29.51306,2,
2,1.93,20.9609,2,
2,1.94,10.6,2,
2,1.95,-0.07098,2,
2,1.96,-9.46734,2,
2,1.97,-16.1563,2,
2,1.98,-19.0826,2,
2,1.99,-17.74591,2,
2,2.0,-12.29867,2,
2,2.01,-3.54489,2,
2,2.02,7.16623,2,
2,2.03,18.14074,2,
2,2.04,27.60419,2,
2,2.05,33.99266,2,
2,2.06,36.21914,2,
2,2.07,33.87209,2,
2,2.08,27.30648,2,
2,2.09,17.60716,2,
2,2.1,6.42352,2,
2,2.11,-4.30058,2,
2,2.12,-12.66215,2,
2,2.13,-17.13953,2,
2,2.14,-16.87923,2,
2,2.15,-11.87265,2,
2,2.16,-2.98434,2,
2,2.17,8.18033,2,
2,2.18,19.55237,2,
2,2.19,28.9758,2,
2,2.2,34.61546,2,
2,2.21,35.32109,2,
2,2.22,30.87235,2,
2,2.23,22.05239,2,
2,2.24,10.52584,2,
2,2.25,-1.46331,2,
2,2.26,-11.52234,2,
2,2.27,-17.58795,2,
2,2.28,-18.35717,2,
2,2.29,-13.57928,2,
2,2.3,-4.14178,2,
2,2.31,8.07809,2,
2,2.32,20.57664,2,
2,2.33,30.73334,2,
2,2.34,36.36705,2,
2,2.35,36.21753,2,
2,2.36,30.24613,2,
2,2.37,19.67997,2,
2,2.38,6.77841,2,
2,2.39,-5.63946,2,
2,2.4,-14.81032,2,
2,2.41,-18.65208,2,
2,2.42,-16.25684,2,
2,2.43,-8.13067,2,
2,2.44,3.88623,2,
2,2.45,17.01444,2,
2,2.46,28.16677,2,
2,2.47,34.67451,2,
2,2.48,34.93916,2,
2,2.49,28.84836,2,
2,2.5,17.84276,2,
2,2.51,4.60279,2,
2,2.52,-7.58466,2,
2,2.53,-15.63381,2,
2,2.54,-17.44591,2,
2,2.55,-12.47165,2,
2,2.56,-1.89611,2,
2,2.57,11.61934,2,
2,2.58,24.58754,2,
2,2.59,33.58738,2,
2,2.6,36.16931,2,
2,2.61,31.53492,2,
2,2.62,20.79882,2,
2,2.63,6.74321,2,
2,2.64,-6.88814,2,
2,2.65,-16.38568,2,
2,2.66,-19.09488,2,
2,2.67,-14.18007,2,
2,2.68,-2.90522,2,
2,2.69,11.66564,2,
2,2.7,25.48852,2,
2,2.71,34.66325,2,
2,2.72,36.55259,2,
2,2.73,30.57143,2,
2,2.74,18.40382,2,
2,2.75,3.56199,2,
2,2.76,-9.60682,2,
2,2.77,-17.19468,2,
2,2.78,-16.91146,2,
2,2.79,-8.81265,2,
2,2.8,4.66692,2,
2,2.81,19.40793,2,
2,2.82,30.84266,2,
2,2.83,35.36661,2,
2,2.84,31.4899,2,
2,2.85,20.35815,2,
2,2.86,5.45104,2,
2,2.87,-8.47295,2,
2,2.88,-16.87917,2,
2,2.89,-16.93724,2,
2,2.9,-8.49085,2,
2,2.91,5.81918,2,
2,2.92,21.35595,2,
2,2.93,32.97596,2,
2,2.94,36.73817,2,
2,2.95,31.26059,2,
2,2.96,18.25338,2,
2,2.97,2.0142,2,
2,2.98,-11.977,2,
2,2.99,-18.91751,2,
2,3.0,-16.36048,2,
2,3.01,-5.12338,2,
2,3.02,10.92765,2,
2,3.03,26.17966,2,
2,3.04,35.23591,2,
2,3.05,34.8519,2,
2,3.06,25.14754,2,
2,3.07,9.62706,2,
2,3.08,-6.03853,2,
2,3.09,-16.06023,2,
2,3.1,-16.6784,2,
2,3.11,-7.61015,2,
2,3.12,7.77359,2,
2,3.13,23.65237,2,
2,3.14,33.92637,2,
2,3.15,34.5553,2,
2,3.16,25.16539,2,
2,3.17,9.27814,2,
2,3.18,-6.97614,2,
2,3.19,-17.20345,2,
2,3.2,-17.26522,2,
2,3.21,-6.97453,2,
2,3.22,9.73438,2,
2,3.23,26.28616,2,
2,3.24,36.05136,2,
2,3.25,35.02964,2,
2,3.26,23.53308,2,
2,3.27,6.14889,2,
2,3.28,-10.06039,2,
2,3.29,-18.43057,2,
2,3.3,-15.47674,2,
2,3.31,-2.41145,2,
2,3.32,15.28366,2,
2,3.33,30.10962,2,
2,3.34,35.72239,2,
2,3.35,29.68394,2,
2,3.36,14.58946,2,
2,3.37,-2.97497,2,
2,3.38,-15.25305,2,
2,3.39,-16.73015,2,
2,3.4,-6.63378,2,
2,3.41,10.6214,2,
2,3.42,27.3139,2,
2,3.43,35.83942,2,
2,3.44,32.17558,2,
2,3.45,17.80234,2,
2,3.46,-0.8535,2,
2,3.47,-15.27079,2,
2,3.48,-18.73755,2,
2,3.49,-9.51401,2,
2,3.5,8.25206,2,
2,3.51,26.35643,2,
2,3.52,36.33089,2,
2,3.53,33.44986,2,
2,3.54,19.04486,2,
2,3.55,-0.03393,2,
2,3.56,-14.63101,2,
2,3.57,-17.68985,2,
2,3.58,-7.72876,2,
2,3.59,10.34834,2,
2,3.6,27.58166,2,
2,3.61,35.3502,2,
2,3.62,29.69495,2,
2,3.63,13.39117,2,
2,3.64,-5.33284,2,
2,3.65,-16.88601,2,
2,3.66,-15.20726,2,
2,3.67,-0.9639,2,
2,3.68,18.64838,2,
2,3.69,33.50709,2,
2,3.7,35.78531,2,
2,3.71,24.10272,2,
2,3.72,4.38804,2,
2,3.73,-13.1009,2,
2,3.74,-19.13142,2,
2,3.75,-10.43516,2,
2,3.76,8.43407,2,
2,3.77,27.42321,2,
2,3.78,36.33013,2,
2,3.79,30.34838,2,
2,3.8,12.76584,2,
2,3.81,-6.73344,2,
2,3.82,-17.34077,2,
2,3.83,-13.12768,2,
2,3.84,3.5627,2,
2,3.85,23.31249,2,
2,3.86,34.86161,2,
2,3.87,31.49829,2,
2,3.88,14.98521,2,
2,3.89,-5.30061,2,
2,3.9,-17.63814,2,
2,3.91,-14.72129,2,
2,3.92,1.99347,2,
2,3.93,22.9593,2,
2,3.94,35.9796,2,
2,3.95,33.34111,2,
2,3.96,16.45396,2,
2,3.97,-4.82617,2,
2,3.98,-17.9305,2,
2,3.99,-15.05742,2,
2,4.0,2.0662,2,
2,4.01,23.09759,2,
3,0.0,8.2017,3,
3,0.01,8.17362,3,
3,0.02,8.08921,3,
3,0.03,7.94849,3,
3,0.04,7.75133,3,
3,0.05,7.49808,3,
3,0.06,7.18847,3,
3,0.07,6.82284,3,
3,0.08,6.40145,3,
3,0.09,5.92436,3,
3,0.1,5.39192,3,
3,0.11,4.80485,3,
3,0.12,4.16364,3,
3,0.13,3.46939,3,
3,0.14,2.72318,3,
3,0.15,1.92621,3,
3,0.16,1.08046,3,
3,0.17,0.18804,3,
3,0.18,-0.74858,3,
3,0.19,-1.72644,3,
3,0.2,-2.74186,3,
3,0.21,-3.79107,3,
3,0.22,-4.86913,3,
3,0.23,-5.97082,3,
3,0.24,-7.09008,3,
3,0.25,-8.22023,3,
3,0.26,-9.35372,3,
3,0.27,-10.48231,3,
3,0.28,-11.59698,3,
3,0.29,-12.6877,3,
3,0.3,-13.74406,3,
3,0.31,-14.75435,3,
3,0.32,-15.70656,3,
3,0.33,-16.58785,3,
3,0.34,-17.38468,3,
3,0.35,-18.08327,3,
3,0.36,-18.66925,3,
3,0.37,-19.12802,3,
3,0.38,-19.44503,3,
3,0.39,-19.60582,3,
3,0.4,-19.59619,3,
3,0.41,-19.40283,3,
3,0.42,-19.01309,3,
3,0.43,-18.41563,3,
3,0.44,-17.60061,3,
3,0.45,-16.55998,3,
3,0.46,-15.28812,3,
3,0.47,-13.78168,3,
3,0.48,-12.04056,3,
3,0.49,-10.06783,3,
3,0.5,-7.87012,3,
3,0.51,-5.45814,3,
3,0.52,-2.84681,3,
3,0.53,-0.05519,3,
3,0.54,2.89279,3,
3,0.55,5.96859,3,
3,0.56,9.13913,3,
3,0.57,12.36686,3,
3,0.58,15.60989,3,
3,0.59,18.8225,3,
3,0.6,21.95564,3,
3,0.61,24.95735,3,
3,0.62,27.77396,3,
3,0.63,30.35089,3,
3,0.64,32.63346,3,
3,0.65,34.56855,3,
3,0.66,36.10578,3,
3,0.67,37.19883,3,
3,0.68,37.80696,3,
3,0.69,37.89673,3,
3,0.7,37.44345,3,
3,0.71,36.43252,3,
3,0.72,34.86093,3,
3,0.73,32.73832,3,
3,0.74,30.08809,3,
3,0.75,26.94775,3,
3,0.76,23.36965,3,
3,0.77,19.42051,3,
3,0.78,15.18096,3,
3,0.79,10.7447,3,
3,0.8,6.21661,3,
3,0.81,1.71063,3,
3,0.82,-2.65251,3,
3,0.83,-6.74913,3,
3,0.84,-10.45554,3,
3,0.85,-13.65236,3,
3,0.86,-16.22857,3,
3,0.87,-18.0863,3,
3,0.88,-19.14479,3,
3,0.89,-19.34448,3,
3,0.9,-18.65134,3,
3,0.91,-17.05937,3,
3,0.92,-14.59353,3,
3,0.93,-11.31099,3,
3,0.94,-7.30149,3,
3,0.95,-2.68614,3,
3,0.96,2.38467,3,
3,0.97,7.73532,3,
3,0.98,13.17023,3,
3,0.99,18.48042,3,
3,1.0,23.45145,3,
3,1.01,27.8722,3,
3,1.02,31.54409,3,
3,1.03,34.29116,3,
3,1.04,35.96946,3,
3,1.05,36.47565,3,
3,1.06,35.75501,3,
3,1.07,33.80673,3,
3,1.08,30.68819,3,
3,1.09,26.51541,3,
3,1.1,21.46166,3,
3,1.11,15.75167,3,
3,1.12,9.65398,3,
3,1.13,3.46908,3,
3,1.14,-2.48442,3,
3,1.15,-7.88581,3,
3,1.16,-12.42996,3,
3,1.17,-15.84574,3,
3,1.18,-17.91294,3,
3,1.19,-18.4787,3,
3,1.2,-17.47039,3,
3,1.21,-14.90477,3,
3,1.22,-10.89239,3,
3,1.23,-5.63629,3,
3,1.24,0.575,3,
3,1.25,7.38107,3,
3,1.26,14.36837,3,
3,1.27,21.09448,3,
3,1.28,27.11534,3,
3,1.29,32.01546,3,
3,1.3,35.43762,3,
3,1.31,37.11107,3,
3,1.32,36.87506,3,
3,1.33,34.69678,3,
3,1.34,30.68049,3,
3,1.35,25.06755,3,
3,1.36,18.22589,3,
3,1.37,10.6291,3,
3,1.38,2.82617,3,
3,1.39,-4.59715,3,
3,1.4,-11.0624,3,
3,1.41,-16.04459,3,
3,1.42,-19.11724,3,
3,1.43,-19.99248,3,
3,1.44,-18.55137,3,
3,1.45,-14.86269,3,
3,1.46,-9.18591,3,
3,1.47,-1.95842,3,
3,1.48,6.23422,3,
3,1.49,14.70247,3,
3,1.5,22.70997,3,
3,1.51,29.53754,3,
3,1.52,34.54982,3,
3,1.53,37.25815,3,
3,1.54,37.3731,3,
3,1.55,34.84075,3,
3,1.56,29.85878,3,
3,1.57,22.86796,3,
3,1.58,14.5195,3,
3,1.59,5.61897,3,
3,1.6,-2.94893,3,
3,1.61,-10.30755,3,
3,1.62,-15.68024,3,
3,1.63,-18.47602,3,
3,1.64,-18.36102,3,
3,1.65,-15.30489,3,
3,1.66,-9.59682,3,
3,1.67,-1.82694,3,
3,1.68,7.16781,3,
3,1.69,16.38833,3,
3,1.7,24.78184,3,
3,1.71,31.3611,3,
3,1.72,35.32386,3,
3,1.73,36.15511,3,
3,1.74,33.70053,3,
3,1.75,28.20009,3,
3,1.76,20.27453,3,
3,1.77,10.86399,3,
3,1.78,1.12302,3,
3,1.79,-7.71712,3,
3,1.8,-14.50367,3,
3,1.81,-18.31482,3,
3,1.82,-18.59074,3,
3,1.83,-15.22251,3,
3,1.84,-8.58462,3,
3,1.85,0.49578,3,
3,1.86,10.83392,3,
3,1.87,21.03718,3,
3,1.88,29.69029,3,
3,1.89,35.55455,3,
3,1.9,37.74973,3,
3,1.91,35.89474,3,
3,1.92,30.18165,3,
3,1.93,21.36937,3,
3,1.94,10.69289,3,
3,1.95,-0.30338,3,
3,1.96,-9.98614,3,
3,1.97,-16.87894,3,
3,1.98,-19.8942,3,
3,1.99,-18.51629,3,
3,2.0,-12.90237,3,
3,2.01,-3.88096,3,
3,2.02,7.1572,3,
3,2.03,18.46651,3,
3,2.04,28.21805,3,
3,2.05,34.80001,3,
3,2.06,37.09232,3,
3,2.07,34.67094,3,
3,2.08,27.90172,3,
3,2.09,17.90312,3,
3,2.1,6.37525,3,
3,2.11,-4.6784,3,
3,2.12,-13.29634,3,
3,2.13,-17.9101,3,
3,2.14,-17.64012,3,
3,2.15,-12.47761,3,
3,2.16,-3.31385,3,
3,2.17,8.19634,3,
3,2.18,19.9203,3,
3,2.19,29.63551,3,
3,2.2,35.45035,3,
3,2.21,36.17907,3,
3,2.22,31.59439,3,
3,2.23,22.50357,3,
3,2.24,10.62218,3,
3,2.25,-1.73659,3,
3,2.26,-12.10646,3,
3,2.27,-18.36064,3,
3,2.28,-19.15604,3,
3,2.29,-14.23405,3,
3,2.3,-4.50929,3,
3,2.31,8.08358,3,
3,2.32,20.96404,3,
3,2.33,31.43135,3,
3,2.34,37.23757,3,
3,2.35,37.08381,3,
3,2.36,30.93039,3,
3,2.37,20.042,3,
3,2.38,6.74725,3,
3,2.39,-6.04855,3,
3,2.4,-15.49739,3,
3,2.41,-19.45378,3,
3,2.42,-16.98232,3,
3,2.43,-8.60486,3,
3,2.44,3.78154,3,
3,2.45,17.31226,3,
3,2.46,28.80519,3,
3,2.47,35.51001,3,
3,2.48,35.77952,3,
3,2.49,29.49825,3,
3,2.5,18.15143,3,
3,2.51,4.50206,3,
3,2.52,-8.06172,3,
3,2.53,-16.35935,3,
3,2.54,-18.22748,3,
3,2.55,-13.10001,3,
3,2.56,-2.19839,3,
3,2.57,11.73425,3,
3,2.58,25.10342,3,
3,2.59,34.38281,3,
3,2.6,37.04728,3,
3,2.61,32.27367,3,
3,2.62,21.21039,3,
3,2.63,6.72489,3,
3,2.64,-7.32441,3,
3,2.65,-17.11414,3,
3,2.66,-19.90818,3,
3,2.67,-14.84507,3,
3,2.68,-3.22735,3,
3,2.69,11.78726,3,
3,2.7,26.03092,3,
3,2.71,35.48412,3,
3,2.72,37.4291,3,
3,2.73,31.26307,3,
3,2.74,18.72202,3,
3,2.75,3.42606,3,
3,2.76,-10.14426,3,
3,2.77,-17.96126,3,
3,2.78,-17.66498,3,
3,2.79,-9.31325,3,
3,2.8,4.58371,3,
3,2.81,19.77959,3,
3,2.82,31.5661,3,
3,2.83,36.22803,3,
3,2.84,32.22992,3,
3,2.85,20.75305,3,
3,2.86,5.38449,3,
3,2.87,-8.97077,3,
3,2.88,-17.63842,3,
3,2.89,-17.70086,3,
3,2.9,-8.99679,3,
3,2.91,5.75204,3,
3,2.92,21.76638,3,
3,2.93,33.74486,3,
3,2.94,37.62531,3,
3,2.95,31.98317,3,
3,2.96,18.58057,3,
3,2.97,1.84682,3,
3,2.98,-12.57069,3,
3,2.99,-19.72224,3,
3,3.0,-17.08631,3,
3,3.01,-5.50567,3,
3,3.02,11.03514,3,
3,3.03,26.7512,3,
3,3.04,36.0807,3,
3,3.05,35.68037,3,
3,3.06,25.67448,3,
3,3.07,9.67539,3,
3,3.08,-6.47141,3,
3,3.09,-16.79921,3,
3,3.1,-17.43306,3,
3,3.11,-8.08196,3,
3,3.12,7.7788,3,
3,3.13,24.14947,3,
3,3.14,34.74217,3,
3,3.15,35.39207,3,
3,3.16,25.71379,3,
3,3.17,9.33698,3,
3,3.18,-7.41928,3,
3,3.19,-17.96431,3,
3,3.2,-18.03196,3,
3,3.21,-7.42911,3,
3,3.22,9.78964,3,
3,3.23,26.84747,3,
3,3.24,36.91174,3,
3,3.25,35.8596,3,
3,3.26,24.01279,3,
3,3.27,6.09906,3,
3,3.28,-10.60281,3,
3,3.29,-19.22488,3,
3,3.3,-16.17636,3,
3,3.31,-2.70791,3,
3,3.32,15.53004,3,
3,3.33,30.80827,3,
3,3.34,36.58871,3,
3,3.35,30.35935,3,
3,3.36,14.79621,3,
3,3.37,-3.31131,3,
3,3.38,-15.96825,3,
3,3.39,-17.49054,3,
3,3.4,-7.08205,3,
3,3.41,10.70652,3,
3,3.42,27.91589,3,
3,3.43,36.70776,3,
3,3.44,32.93542,3,
3,3.45,18.12359,3,
3,3.46,-1.10393,3,
3,3.47,-15.96458,3,
3,3.48,-19.54024,3,
3,3.49,-10.03742,3,
3,3.5,8.26929,3,
3,3.51,26.92458,3,
3,3.52,37.20129,3,
3,3.53,34.2295,3,
3,3.54,19.38229,3,
3,3.55,-0.27974,3,
3,3.56,-15.32013,3,
3,3.57,-18.46684,3,
3,3.58,-8.194,3,
3,3.59,10.4424,3,
3,3.6,28.20643,3,
3,3.61,36.21209,3,
3,3.62,30.37921,3,
3,3.63,13.56951,3,
3,3.64,-5.73475,3,
3,3.65,-17.647,3,
3,3.66,-15.91945,3,
3,3.67,-1.23955,3,
3,3.68,18.97595,3,
3,3.69,34.29362,3,
3,3.7,36.64581,3,
3,3.71,24.60928,3,
3,3.72,4.29407,3,
3,3.73,-13.72809,3,
3,3.74,-19.94202,3,
3,3.75,-10.97959,3,
3,3.76,8.4655,3,
3,3.77,28.03213,3,
3,3.78,37.20622,3,
3,3.79,31.03536,3,
3,3.8,12.90982,3,
3,3.81,-7.18818,3,
3,3.82,-18.11799,3,
3,3.83,-13.76999,3,
3,3.84,3.43924,3,
3,3.85,23.80103,3,
3,3.86,35.7082,3,
3,3.87,32.24215,3,
3,3.88,15.21984,3,
3,3.89,-5.69288,3,
3,3.9,-18.41418,3,
3,3.91,-15.41253,3,
3,3.92,1.81154,3,
3,3.93,23.41865,3,
3,3.94,36.83823,3,
3,3.95,34.12055,3,
3,3.96,16.719,3,
3,3.97,-5.20864,3,
3,3.98,-18.70913,3,
3,3.99,-15.74303,3,
3,4.0,1.90797,3,
3,4.01,23.58286,3,
4,0.0,7.63657,4,
4,0.01,7.61422,4,
4,0.02,7.5471,4,
4,0.03,7.43514,4,
4,0.04,7.27868,4,
4,0.05,7.07733,4,
4,0.06,6.83138,4,
4,0.07,6.54085,4,
4,0.08,6.20591,4,
4,0.09,5.82667,4,
4,0.1,5.4035,4,
4,0.11,4.93693,4,
4,0.12,4.42728,4,
4,0.13,3.87528,4,
4,0.14,3.28186,4,
4,0.15,2.64809,4,
4,0.16,1.97546,4,
4,0.17,1.26551,4,
4,0.18,0.52023,4,
4,0.19,-0.25785,4,
4,0.2,-1.06611,4,
4,0.21,-1.90122,4,
4,0.22,-2.75961,4,
4,0.23,-3.63701,4,
4,0.24,-4.5287,4,
4,0.25,-5.42933,4,
4,0.26,-6.33292,4,
4,0.27,-7.23301,4,
4,0.28,-8.12232,4,
4,0.29,-8.99315,4,
4,0.3,-9.83685,4,
4,0.31,-10.6445,4,
4,0.32,-11.40632,4,
4,0.33,-12.11228,4,
4,0.34,-12.75166,4,
4,0.35,-13.31347,4,
4,0.36,-13.78606,4,
4,0.37,-14.15817,4,
4,0.38,-14.41803,4,
4,0.39,-14.55417,4,
4,0.4,-14.5554,4,
4,0.41,-14.41103,4,
4,0.42,-14.11094,4,
4,0.43,-13.64613,4,
4,0.44,-13.0088,4,
4,0.45,-12.1925,4,
4,0.46,-11.19264,4,
4,0.47,-10.00663,4,
4,0.48,-8.63424,4,
4,0.49,-7.078,4,
4,0.5,-5.34306,4,
4,0.51,-3.43783,4,
4,0.52,-1.37402,4,
4,0.53,0.83303,4,
4,0.54,3.16449,4,
4,0.55,5.59774,4,
4,0.56,8.1066,4,
4,0.57,10.66111,4,
4,0.58,13.2282,4,
4,0.59,15.77152,4,
4,0.6,18.25212,4,
4,0.61,20.62879,4,
4,0.62,22.85896,4,
4,0.63,24.89921,4,
4,0.64,26.7063,4,
4,0.65,28.23798,4,
4,0.66,29.45419,4,
4,0.67,30.31817,4,
4,0.68,30.79768,4,
4,0.69,30.86618,4,
4,0.7,30.50409,4,
4,0.71,29.69979,4,
4,0.72,28.4509,4,
4,0.73,26.7652,4,
4,0.74,24.6612,4,
4,0.75,22.16883,4,
4,0.76,19.32958,4,
4,0.77,16.19657,4,
4,0.78,12.83397,4,
4,0.79,9.31608,4,
4,0.8,5.72626,4,
4,0.81,2.1551,4,
4,0.82,-1.30155,4,
4,0.83,-4.5453,4,
4,0.84,-7.478,4,
4,0.85,-10.00477,4,
4,0.86,-12.03758,4,
4,0.87,-13.49867,4,
4,0.88,-14.32385,4,
4,0.89,-14.46615,4,
4,0.9,-13.89845,4,
4,0.91,-12.6164,4,
4,0.92,-10.63996,4,
4,0.93,-8.01491,4,
4,0.94,-4.81274,4,
4,0.95,-1.13021,4,
4,0.96,2.91295,4,
4,0.97,7.17677,4,
4,0.98,11.50553,4,
4,0.99,15.73289,4,
4,1.0,19.68814,4,
4,1.01,23.20331,4,
4,1.02,26.12049,4,
4,1.03,28.2999,4,
4,1.04,29.6271,4,
4,1.05,30.02015,4,
4,1.06,29.43569,4,
4,1.07,27.87344,4,
4,1.08,25.37922,4,
4,1.09,22.04568,4,
4,1.1,18.01071,4,
4,1.11,13.45346,4,
4,1.12,8.58767,4,
4,1.13,3.65252,4,
4,1.14,-1.09835,4,
4,1.15,-5.4097,4,
4,1.16,-9.03882,4,
4,1.17,-11.76977,4,
4,1.18,-13.42739,4,
4,1.19,-13.88998,4,
4,1.2,-13.09958,4,
4,1.21,-11.06942,4,
4,1.22,-7.8871,4,
4,1.23,-3.71399,4,
4,1.24,1.22079,4,
4,1.25,6.63087,4,
4,1.26,12.18775,4,
4,1.27,17.5398,4,
4,1.28,22.3342,4,
4,1.29,26.2408,4,
4,1.3,28.9756,4,
4,1.31,30.32338,4,
4,1.32,30.15621,4,
4,1.33,28.44756,4,
4,1.34,25.27985,4,
4,1.35,20.84415,4,
4,1.36,15.43222,4,
4,1.37,9.41935,4,
4,1.38,3.2408,4,
4,1.39,-2.63888,4,
4,1.4,-7.76108,4,
4,1.41,-11.70942,4,
4,1.42,-14.14572,4,
4,1.43,-14.84145,4,
4,1.44,-13.70224,4,
4,1.45,-10.78238,4,
4,1.46,-6.28756,4,
4,1.47,-0.56448,4,
4,1.48,5.9224,4,
4,1.49,12.62631,4,
4,1.5,18.96322,4,
4,1.51,24.3626,4,
4,1.52,28.32059,4,
4,1.53,30.44975,4,
4,1.54,30.52078,4,
4,1.55,28.49144,4,
4,1.56,24.51918,4,
4,1.57,18.95444,4,
4,1.58,12.31485,4,
4,1.59,5.24053,4,
4,1.6,-1.56551,4,
4,1.61,-7.40676,4,
4,1.62,-11.66613,4,
4,1.63,-13.87423,4,
4,1.64,-13.76585,4,
4,1.65,-11.31729,4,
4,1.66,-6.75874,4,
4,1.67,-0.55979,4,
4,1.68,6.6137,4,
4,1.69,13.96676,4,
4,1.7,20.6613,4,
4,1.71,25.91162,4,
4,1.72,29.07868,4,
4,1.73,29.75183,4,
4,1.74,27.80749,4,
4,1.75,23.43573,4,
4,1.76,17.12975,4,
4,1.77,9.63712,4,
4,1.78,1.8762,4,
4,1.79,-5.17327,4,
4,1.8,-10.59375,4,
4,1.81,-13.65116,4,
4,1.82,-13.89918,4,
4,1.83,-11.24965,4,
4,1.84,-5.99898,4,
4,1.85,1.19656,4,
4,1.86,9.39645,4,
4,1.87,17.49468,4,
4,1.88,24.36715,4,
4,1.89,29.0298,4,
4,1.9,30.78316,4,
4,1.91,29.3242,4,
4,1.92,24.80507,4,
4,1.93,17.82803,4,
4,1.94,9.37305,4,
4,1.95,0.66603,4,
4,1.96,-6.99714,4,
4,1.97,-12.44534,4,
4,1.98,-14.81659,4,
4,1.99,-13.70338,4,
4,2.0,-9.23236,4,
4,2.01,-2.06279,4,
4,2.02,6.70015,4,
4,2.03,15.67025,4,
4,2.04,23.39604,4,
4,2.05,28.59896,4,
4,2.06,30.39126,4,
4,2.07,28.43812,4,
4,2.08,23.03203,4,
4,2.09,15.06294,4,
4,2.1,5.88277,4,
4,2.11,-2.91574,4,
4,2.12,-9.77342,4,
4,2.13,-13.44353,4,
4,2.14,-13.22684,4,
4,2.15,-9.11601,4,
4,2.16,-1.81933,4,
4,2.17,7.34796,4,
4,2.18,16.69062,4,
4,2.19,24.44125,4,
4,2.2,29.09485,4,
4,2.21,29.70645,4,
4,2.22,26.09224,4,
4,2.23,18.89017,4,
4,2.24,9.4607,4,
4,2.25,-0.36002,4,
4,2.26,-8.61236,4,
4,2.27,-13.60476,4,
4,2.28,-14.26727,4,
4,2.29,-10.391,4,
4,2.3,-2.6992,4,
4,2.31,7.27402,4,
4,2.32,17.48074,4,
4,2.33,25.77692,4,
4,2.34,30.37761,4,
4,2.35,30.25135,4,
4,2.36,25.36654,4,
4,2.37,16.72753,4,
4,2.38,6.18369,4,
4,2.39,-3.95776,4,
4,2.4,-11.43551,4,
4,2.41,-14.54679,4,
4,2.42,-12.55094,4,
4,2.43,-5.86583,4,
4,2.44,3.99796,4,
4,2.45,14.76129,4,
4,2.46,23.89416,4,
4,2.47,29.21103,4,
4,2.48,29.40479,4,
4,2.49,24.3863,4,
4,2.5,15.33882,4,
4,2.51,4.46066,4,
4,2.52,-5.5533,4,
4,2.53,-12.1734,4,
4,2.54,-13.67863,4,
4,2.55,-9.61738,4,
4,2.56,-0.95895,4,
4,2.57,10.11788,4,
4,2.58,20.75721,4,
4,2.59,28.15646,4,
4,2.6,30.30758,4,
4,2.61,26.55347,4,
4,2.62,17.80214,4,
4,2.63,6.32644,4,
4,2.64,-4.81321,4,
4,2.65,-12.58299,4,
4,2.66,-14.81047,4,
4,2.67,-10.80954,4,
4,2.68,-1.61106,4,
4,2.69,10.28115,4,
4,2.7,21.56104,4,
4,2.71,29.03916,4,
4,2.72,30.55912,4,
4,2.73,25.64361,4,
4,2.74,15.67243,4,
4,2.75,3.52165,4,
4,2.76,-7.24921,4,
4,2.77,-13.44068,4,
4,2.78,-13.17853,4,
4,2.79,-6.5103,4,
4,2.8,4.56671,4,
4,2.81,16.67446,4,
4,2.82,26.06691,4,
4,2.83,29.78714,4,
4,2.84,26.61188,4,
4,2.85,17.47896,4,
4,2.86,5.24058,4,
4,2.87,-6.20167,4,
4,2.88,-13.12852,4,
4,2.89,-13.21634,4,
4,2.9,-6.33202,4,
4,2.91,5.36554,4,
4,2.92,18.08132,4,
4,2.93,27.60435,4,
4,2.94,30.70674,4,
4,2.95,26.25465,4,
4,2.96,15.64465,4,
4,2.97,2.39078,4,
4,2.98,-9.02608,4,
4,2.99,-14.67979,4,
4,3.0,-12.57219,4,
4,3.01,-3.37534,4,
4,3.02,9.74633,4,
4,3.03,22.20136,4,
4,3.04,29.57709,4,
4,3.05,29.22301,4,
4,3.06,21.24213,4,
4,3.07,8.50706,4,
4,3.08,-4.33646,4,
4,3.09,-12.54656,4,
4,3.1,-13.04353,4,
4,3.11,-5.59559,4,
4,3.12,7.03579,4,
4,3.13,20.08106,4,
4,3.14,28.53945,4,
4,3.15,29.09456,4,
4,3.16,21.43147,4,
4,3.17,8.427,4,
4,3.18,-4.90079,4,
4,3.19,-13.3121,4,
4,3.2,-13.40996,4,
4,3.21,-5.03168,4,
4,3.22,8.60942,4,
4,3.23,22.13493,4,
4,3.24,30.11956,4,
4,3.25,29.28815,4,
4,3.26,19.89481,4,
4,3.27,5.69254,4,
4,3.28,-7.53978,4,
4,3.29,-14.35067,4,
4,3.3,-11.89301,4,
4,3.31,-1.16704,4,
4,3.32,13.33252,4,
4,3.33,25.4627,4,
4,3.34,30.03128,4,
4,3.35,25.04782,4,
4,3.36,12.64456,4,
4,3.37,-1.77891,4,
4,3.38,-11.86563,4,
4,3.39,-13.09512,4,
4,3.4,-4.83116,4,
4,3.41,9.313,4,
4,3.42,23.01382,4,
4,3.43,30.04079,4,
4,3.44,27.09256,4,
4,3.45,15.37003,4,
4,3.46,0.12386,4,
4,3.47,-11.67713,4,
4,3.48,-14.53795,4,
4,3.49,-7.02723,4,
4,3.5,7.47,4,
4,3.51,22.24745,4,
4,3.52,30.37947,4,
4,3.53,28.00093,4,
4,3.54,16.20301,4,
4,3.55,0.59365,4,
4,3.56,-11.3324,4,
4,3.57,-13.79973,4,
4,3.58,-5.59941,4,
4,3.59,9.24581,4,
4,3.6,23.38968,4,
4,3.61,29.76392,4,
4,3.62,25.12215,4,
4,3.63,11.73897,4,
4,3.64,-3.64026,4,
4,3.65,-13.1515,4,
4,3.66,-11.82086,4,
4,3.67,-0.18573,4,
4,3.68,15.8671,4,
4,3.69,28.05057,4,
4,3.7,29.95318,4,
4,3.71,20.43783,4,
4,3.72,4.34831,4,
4,3.73,-9.92908,4,
4,3.74,-14.84593,4,
4,3.75,-7.73175,4,
4,3.76,7.68772,4,
4,3.77,23.19124,4,
4,3.78,30.43727,4,
4,3.79,25.49974,4,
4,3.8,11.07612,4,
4,3.81,-4.90166,4,
4,3.82,-13.58186,4,
4,3.83,-10.10916,4,
4,3.84,3.59662,4,
4,3.85,19.81837,4,
4,3.86,29.32523,4,
4,3.87,26.60673,4,
4,3.88,13.09315,4,
4,3.89,-3.54151,4,
4,3.9,-13.69262,4,
4,3.91,-11.3625,4,
4,3.92,2.27237,4,
4,3.93,19.40715,4,
4,3.94,30.061,4,
4,3.95,27.91819,4,
4,3.96,14.12824,4,
4,3.97,-3.24745,4,
4,3.98,-13.92789,4,
4,3.99,-11.53655,4,
4,4.0,2.50206,4,
4,4.01,19.71418,4,
5,0.0,7.49853,5,
5,0.01,7.47709,5,
5,0.02,7.4124,5,
5,0.03,7.30489,5,
5,0.04,7.15422,5,
5,0.05,6.9606,5,
5,0.06,6.72406,5,
5,0.07,6.44474,5,
5,0.08,6.12257,5,
5,0.09,5.75794,5,
5,0.1,5.351,5,
5,0.11,4.90219,5,
5,0.12,4.41191,5,
5,0.13,3.88102,5,
5,0.14,3.31026,5,
5,0.15,2.70072,5,
5,0.16,2.05381,5,
5,0.17,1.37093,5,
5,0.18,0.65411,5,
5,0.19,-0.0943,5,
5,0.2,-0.87182,5,
5,0.21,-1.67527,5,
5,0.22,-2.50114,5,
5,0.23,-3.34513,5,
5,0.24,-4.20311,5,
5,0.25,-5.06968,5,
5,0.26,-5.93915,5,
5,0.27,-6.80533,5,
5,0.28,-7.66128,5,
5,0.29,-8.49949,5,
5,0.3,-9.31176,5,
5,0.31,-10.08938,5,
5,0.32,-10.82311,5,
5,0.33,-11.5032,5,
5,0.34,-12.11925,5,
5,0.35,-12.66075,5,
5,0.36,-13.11679,5,
5,0.37,-13.47615,5,
5,0.38,-13.72772,5,
5,0.39,-13.86044,5,
5,0.4,-13.86352,5,
5,0.41,-13.72668,5,
5,0.42,-13.44022,5,
5,0.43,-12.99543,5,
5,0.44,-12.38481,5,
5,0.45,-11.60224,5,
5,0.46,-10.64318,5,
5,0.47,-9.50526,5,
5,0.48,-8.18818,5,
5,0.49,-6.69433,5,
5,0.5,-5.02857,5,
5,0.51,-3.19912,5,
5,0.52,-1.21726,5,
5,0.53,0.9024,5,
5,0.54,3.1417,5,
5,0.55,5.47894,5,
5,0.56,7.88883,5,
5,0.57,10.34282,5,
5,0.58,12.80892,5,
5,0.59,15.25223,5,
5,0.6,17.63533,5,
5,0.61,19.9186,5,
5,0.62,22.06112,5,
5,0.63,24.02116,5,
5,0.64,25.7571,5,
5,0.65,27.22836,5,
5,0.66,28.39651,5,
5,0.67,29.22604,5,
5,0.68,29.68617,5,
5,0.69,29.75126,5,
5,0.7,29.40244,5,
5,0.71,28.62871,5,
5,0.72,27.42765,5,
5,0.73,25.80678,5,
5,0.74,23.78395,5,
5,0.75,21.38794,5,
5,0.76,18.6587,5,
5,0.77,15.64721,5,
5,0.78,12.41521,5,
5,0.79,9.03421,5,
5,0.8,5.58431,5,
5,0.81,2.15266,5,
5,0.82,-1.16865,5,
5,0.83,-4.285,5,
5,0.84,-7.10192,5,
5,0.85,-9.52824,5,
5,0.86,-11.47938,5,
5,0.87,-12.88045,5,
5,0.88,-13.66994,5,
5,0.89,-13.80263,5,
5,0.9,-13.25253,5,
5,0.91,-12.01543,5,
5,0.92,-10.11069,5,
5,0.93,-7.58233,5,
5,0.94,-4.49925,5,
5,0.95,-0.95451,5,
5,0.96,2.93664,5,
5,0.97,7.03964,5,
5,0.98,11.20446,5,
5,0.99,15.27127,5,
5,1.0,19.07575,5,
5,1.01,22.45642,5,
5,1.02,25.26141,5,
5,1.03,27.35622,5,
5,1.04,28.63092,5,
5,1.05,29.00669,5,
5,1.06,28.44184,5,
5,1.07,26.93617,5,
5,1.08,24.53382,5,
5,1.09,21.32393,5,
5,1.1,17.43917,5,
5,1.11,13.05193,5,
5,1.12,8.36777,5,
5,1.13,3.6168,5,
5,1.14,-0.95686,5,
5,1.15,-5.10779,5,
5,1.16,-8.60238,5,
5,1.17,-11.23292,5,
5,1.18,-12.83091,5,
5,1.19,-13.27916,5,
5,1.2,-12.52195,5,
5,1.21,-10.57176,5,
5,1.22,-7.51299,5,
5,1.23,-3.5007,5,
5,1.24,1.24485,5,
5,1.25,6.44823,5,
5,1.26,11.79355,5,
5,1.27,16.94261,5,
5,1.28,21.55618,5,
5,1.29,25.31666,5,
5,1.3,27.95102,5,
5,1.31,29.25203,5,
5,1.32,29.09667,5,
5,1.33,27.45932,5,
5,1.34,24.41904,5,
5,1.35,20.15951,5,
5,1.36,14.96099,5,
5,1.37,9.18417,5,
5,1.38,3.2475,5,
5,1.39,-2.4026,5,
5,1.4,-7.32528,5,
5,1.41,-11.12026,5,
5,1.42,-13.46237,5,
5,1.43,-14.13195,5,
5,1.44,-13.03819,5,
5,1.45,-10.23321,5,
5,1.46,-5.91469,5,
5,1.47,-0.41591,5,
5,1.48,5.81674,5,
5,1.49,12.25759,5,
5,1.5,18.34525,5,
5,1.51,23.53132,5,
5,1.52,27.33142,5,
5,1.53,29.37326,5,
5,1.54,29.43648,5,
5,1.55,27.48061,5,
5,1.56,23.65716,5,
5,1.57,18.30329,5,
5,1.58,11.91681,5,
5,1.59,5.11339,5,
5,1.6,-1.43093,5,
5,1.61,-7.04639,5,
5,1.62,-11.13948,5,
5,1.63,-13.25902,5,
5,1.64,-13.14996,5,
5,1.65,-10.78957,5,
5,1.66,-6.39953,5,
5,1.67,-0.43156,5,
5,1.68,6.47372,5,
5,1.69,13.55138,5,
5,1.7,19.99531,5,
5,1.71,25.04946,5,
5,1.72,28.09895,5,
5,1.73,28.74861,5,
5,1.74,26.87967,5,
5,1.75,22.67461,5,
5,1.76,16.60781,5,
5,1.77,9.39832,5,
5,1.78,1.92951,5,
5,1.79,-4.85612,5,
5,1.8,-10.07581,5,
5,1.81,-13.02335,5,
5,1.82,-13.26905,5,
5,1.83,-10.72783,5,
5,1.84,-5.68437,5,
5,1.85,1.23045,5,
5,1.86,9.11244,5,
5,1.87,16.89814,5,
5,1.88,23.50669,5,
5,1.89,27.99173,5,
5,1.9,29.68076,5,
5,1.91,28.28221,5,
5,1.92,23.94226,5,
5,1.93,17.23963,5,
5,1.94,9.11655,5,
5,1.95,0.75134,5,
5,1.96,-6.61021,5,
5,1.97,-11.84246,5,
5,1.98,-14.11705,5,
5,1.99,-13.04248,5,
5,2.0,-8.74092,5,
5,2.01,-1.84659,5,
5,2.02,6.57777,5,
5,2.03,15.19941,5,
5,2.04,22.62285,5,
5,2.05,27.61912,5,
5,2.06,29.335,5,
5,2.07,27.44909,5,
5,2.08,22.24311,5,
5,2.09,14.57326,5,
5,2.1,5.73988,5,
5,2.11,-2.72505,5,
5,2.12,-9.32203,5,
5,2.13,-12.85194,5,
5,2.14,-12.64225,5,
5,2.15,-8.68589,5,
5,2.16,-1.66412,5,
5,2.17,7.15814,5,
5,2.18,16.15022,5,
5,2.19,23.6121,5,
5,2.2,28.09584,5,
5,2.21,28.69201,5,
5,2.22,25.22311,5,
5,2.23,18.30174,5,
5,2.24,9.23572,5,
5,2.25,-0.20946,5,
5,2.26,-8.14931,5,
5,2.27,-12.95669,5,
5,2.28,-13.60195,5,
5,2.29,-9.88335,5,
5,2.3,-2.49564,5,
5,2.31,7.0867,5,
5,2.32,16.89492,5,
5,2.33,24.86767,5,
5,2.34,29.28889,5,
5,2.35,29.16683,5,
5,2.36,24.47104,5,
5,2.37,16.16735,5,
5,2.38,6.03377,5,
5,2.39,-3.71124,5,
5,2.4,-10.89369,5,
5,2.41,-13.87678,5,
5,2.42,-11.94899,5,
5,2.43,-5.513,5,
5,2.44,3.97769,5,
5,2.45,14.33073,5,
5,2.46,23.11269,5,
5,2.47,28.22209,5,
5,2.48,28.4023,5,
5,2.49,23.56841,5,
5,2.5,14.85908,5,
5,2.51,4.38918,5,
5,2.52,-5.24907,5,
5,2.53,-11.62233,5,
5,2.54,-13.07493,5,
5,2.55,-9.17218,5,
5,2.56,-0.84581,5,
5,2.57,9.80897,5,
5,2.58,20.04576,5,
5,2.59,27.16905,5,
5,2.6,29.24732,5,
5,2.61,25.64755,5,
5,2.62,17.24184,5,
5,2.63,6.21452,5,
5,2.64,-4.4927,5,
5,2.65,-11.96309,5,
5,2.66,-14.10781,5,
5,2.67,-10.26664,5,
5,2.68,-1.42985,5,
5,2.69,9.99612,5,
5,2.7,20.83325,5,
5,2.71,28.01556,5,
5,2.72,29.47031,5,
5,2.73,24.739,5,
5,2.74,15.14878,5,
5,2.75,3.46536,5,
5,2.76,-6.88844,5,
5,2.77,-12.83603,5,
5,2.78,-12.57564,5,
5,2.79,-6.15363,5,
5,2.8,4.5083,5,
5,2.81,16.16049,5,
5,2.82,25.19925,5,
5,2.83,28.77998,5,
5,2.84,25.72569,5,
5,2.85,16.93822,5,
5,2.86,5.16116,5,
5,2.87,-5.85249,5,
5,2.88,-12.52457,5,
5,2.89,-12.61913,5,
5,2.9,-6.00696,5,
5,2.91,5.23686,5,
5,2.92,17.46345,5,
5,2.93,26.62362,5,
5,2.94,29.61304,5,
5,2.95,25.34076,5,
5,2.96,15.14873,5,
5,2.97,2.41463,5,
5,2.98,-8.55426,5,
5,2.99,-13.98389,5,
5,3.0,-11.95422,5,
5,3.01,-3.11194,5,
5,3.02,9.50029,5,
5,3.03,21.46844,5,
5,3.04,28.55066,5,
5,3.05,28.19982,5,
5,3.06,20.51624,5,
5,3.07,8.26319,5,
5,3.08,-4.0912,5,
5,3.09,-11.98668,5,
5,3.1,-12.46146,5,
5,3.11,-5.29279,5,
5,3.12,6.86335,5,
5,3.13,19.41929,5,
5,3.14,27.5646,5,
5,3.15,28.10806,5,
5,3.16,20.74476,5,
5,3.17,8.23984,5,
5,3.18,-4.58157,5,
5,3.19,-12.67973,5,
5,3.2,-12.78593,5,
5,3.21,-4.74152,5,
5,3.22,8.36566,5,
5,3.23,21.36511,5,
5,3.24,29.04054,5,
5,3.25,28.24275,5,
5,3.26,19.21566,5,
5,3.27,5.56741,5,
5,3.28,-7.14624,5,
5,3.29,-13.68442,5,
5,3.3,-11.31118,5,
5,3.31,-0.99017,5,
5,3.32,12.95493,5,
5,3.33,24.61651,5,
5,3.34,29.00223,5,
5,3.35,24.19961,5,
5,3.36,12.26094,5,
5,3.37,-1.61969,5,
5,3.38,-11.32764,5,
5,3.39,-12.51465,5,
5,3.4,-4.56803,5,
5,3.41,9.03798,5,
5,3.42,22.22202,5,
5,3.43,28.99151,5,
5,3.44,26.16971,5,
5,3.45,14.90857,5,
5,3.46,0.2545,5,
5,3.47,-11.093,5,
5,3.48,-13.85005,5,
5,3.49,-6.63843,5,
5,3.5,7.28943,5,
5,3.51,21.48745,5,
5,3.52,29.29808,5,
5,3.53,27.00576,5,
5,3.54,15.66023,5,
5,3.55,0.65385,5,
5,3.56,-10.80686,5,
5,3.57,-13.16907,5,
5,3.58,-5.27169,5,
5,3.59,9.01478,5,
5,3.6,22.62366,5,
5,3.61,28.75582,5,
5,3.62,24.28861,5,
5,3.63,11.41004,5,
5,3.64,-3.39151,5,
5,3.65,-12.55094,5,
5,3.66,-11.28248,5,
5,3.67,-0.10074,5,
5,3.68,15.33483,5,
5,3.69,27.05562,5,
5,3.7,28.89536,5,
5,3.71,19.75864,5,
5,3.72,4.30039,5,
5,3.73,-9.41823,5,
5,3.74,-14.14136,5,
5,3.75,-7.30224,5,
5,3.76,7.51725,5,
5,3.77,22.41372,5,
5,3.78,29.36897,5,
5,3.79,24.61031,5,
5,3.8,10.73322,5,
5,3.81,-4.63396,5,
5,3.82,-12.97884,5,
5,3.83,-9.63248,5,
5,3.84,3.55827,5,
5,3.85,19.17071,5,
5,3.86,28.32527,5,
5,3.87,25.71939,5,
5,3.88,12.72563,5,
5,3.89,-3.27736,5,
5,3.9,-13.05165,5,
5,3.91,-10.82604,5,
5,3.92,2.27228,5,
5,3.93,18.74109,5,
5,3.94,28.98429,5,
5,3.95,26.92867,5,
5,3.96,13.67827,5,
5,3.97,-3.0173,5,
5,3.98,-13.27466,5,
5,3.99,-10.96512,5,
5,4.0,2.5389,5,
5,4.01,19.08761,5,
