Epsilon,N,Eta,k,Cf_val,combo,p_Cfval
0.0,20,0.0,1.0,7.49838,0.0_20,7.9087687
0.0,20,0.005,1.0,7.49832,0.0_20,7.90668
0.0,20,0.01,1.0,7.49836,0.0_20,7.9045258
0.0,20,0.015,1.0,7.49863,0.0_20,7.9023123
0.0,20,0.02,1.0,7.49842,0.0_20,7.9000473
0.0,20,0.025,1.0,7.49877,0.0_20,7.8977365
0.0,20,0.03,1.0,7.49875,0.0_20,7.895385
0.0,20,0.035,1.0,7.49864,0.0_20,7.8930006
0.0,20,0.04,1.0,7.49859,0.0_20,7.8905897
0.0,20,0.045,1.0,7.49856,0.0_20,7.888159
0.0,20,0.05,1.0,7.49853,0.0_20,7.8857117
0.0,20,0.055,1.0,7.49851,0.0_20,7.883257
0.0,20,0.06,1.0,7.49879,0.0_20,7.8807974
0.0,20,0.065,1.0,7.49874,0.0_20,7.87834
0.0,20,0.07,1.0,7.49886,0.0_20,7.875889
0.0,20,0.075,1.0,7.49904,0.0_20,7.8734484
0.0,20,0.08,1.0,7.4988,0.0_20,7.871022
0.0,20,0.085,1.0,7.49871,0.0_20,7.868615
0.0,20,0.09,1.0,7.4988,0.0_20,7.866231
0.0,20,0.095,1.0,7.49882,0.0_20,7.8638716
0.0,20,0.1,1.0,7.49897,0.0_20,7.8615417
0.0,20,0.105,1.0,7.49902,0.0_20,7.8592415
0.0,20,0.11,1.0,7.49925,0.0_20,7.8569756
0.0,20,0.115,1.0,7.49934,0.0_20,7.854745
0.0,20,0.12,1.0,7.4995,0.0_20,7.8525505
0.0,20,0.125,1.0,7.49969,0.0_20,7.8503933
0.0,20,0.13,1.0,7.49976,0.0_20,7.848276
0.0,20,0.135,1.0,7.50012,0.0_20,7.8462
0.0,20,0.14,1.0,7.50029,0.0_20,7.844164
0.0,20,0.145,1.0,7.50083,0.0_20,7.842168
0.0,20,0.15,1.0,7.50113,0.0_20,7.840214
0.0,20,0.155,1.0,7.5018,0.0_20,7.8383007
0.0,20,0.16,1.0,7.50209,0.0_20,7.8364277
0.0,20,0.165,1.0,7.50262,0.0_20,7.8345957
0.0,20,0.17,1.0,7.50298,0.0_20,7.8328037
0.0,20,0.175,1.0,7.50369,0.0_20,7.831051
0.0,20,0.18,1.0,7.50427,0.0_20,7.8293343
0.0,20,0.185,1.0,7.50476,0.0_20,7.8276567
0.0,20,0.19,1.0,7.50555,0.0_20,7.8260126
0.0,20,0.195,1.0,7.50622,0.0_20,7.8244047
0.0,20,0.2,1.0,7.5071,0.0_20,7.8228292
0.0,20,0.205,1.0,7.50828,0.0_20,7.821286
0.0,20,0.21,1.0,7.50944,0.0_20,7.819772
0.0,20,0.215,1.0,7.51041,0.0_20,7.818287
0.0,20,0.22,1.0,7.51147,0.0_20,7.8168287
0.0,20,0.225,1.0,7.51286,0.0_20,7.8153954
0.0,20,0.23,1.0,7.51398,0.0_20,7.813985
0.0,20,0.235,1.0,7.51559,0.0_20,7.8125963
0.0,20,0.24,1.0,7.51715,0.0_20,7.811226
0.0,20,0.245,1.0,7.5186,0.0_20,7.8098736
0.0,20,0.25,1.0,7.52029,0.0_20,7.8085365
0.0,20,0.255,1.0,7.52215,0.0_20,7.807213
0.0,20,0.26,1.0,7.52399,0.0_20,7.8059006
0.0,20,0.265,1.0,7.52601,0.0_20,7.804598
0.0,20,0.27,1.0,7.52841,0.0_20,7.803302
0.0,20,0.275,1.0,7.53082,0.0_20,7.8020096
0.0,20,0.28,1.0,7.53316,0.0_20,7.800721
0.0,20,0.285,1.0,7.53583,0.0_20,7.7994347
0.0,20,0.29,1.0,7.5386,0.0_20,7.7981453
0.0,20,0.295,1.0,7.54147,0.0_20,7.796854
0.0,20,0.3,1.0,7.54445,0.0_20,7.795557
0.0,20,0.305,1.0,7.54756,0.0_20,7.7942524
0.0,20,0.31,1.0,7.55106,0.0_20,7.79294
0.0,20,0.315,1.0,7.55469,0.0_20,7.7916164
0.0,20,0.32,1.0,7.55843,0.0_20,7.790283
0.0,20,0.325,1.0,7.56224,0.0_20,7.7889357
0.0,20,0.33,1.0,7.56635,0.0_20,7.7875767
0.0,20,0.335,1.0,7.57078,0.0_20,7.7862024
0.0,20,0.34,1.0,7.57521,0.0_20,7.784815
0.0,20,0.345,1.0,7.57999,0.0_20,7.783413
0.0,20,0.35,1.0,7.58492,0.0_20,7.7820005
0.0,20,0.355,1.0,7.59003,0.0_20,7.7805758
0.0,20,0.36,1.0,7.59546,0.0_20,7.7791424
0.0,20,0.365,1.0,7.6011,0.0_20,7.7777023
0.0,20,0.37,1.0,7.60696,0.0_20,7.7762594
0.0,20,0.375,1.0,7.61296,0.0_20,7.7748175
0.0,20,0.38,1.0,7.61927,0.0_20,7.7733793
0.0,20,0.385,1.0,7.62589,0.0_20,7.77195
0.0,20,0.39,1.0,7.63278,0.0_20,7.7705317
0.0,20,0.395,1.0,7.63989,0.0_20,7.769129
0.0,20,0.4,1.0,7.64721,0.0_20,7.767743
0.0,20,0.405,1.0,7.65495,0.0_20,7.7663774
0.0,20,0.41,1.0,7.66287,0.0_20,7.765031
0.0,20,0.415,1.0,7.67099,0.0_20,7.7637005
0.0,20,0.42,1.0,7.67939,0.0_20,7.7623835
0.0,20,0.425,1.0,7.68816,0.0_20,7.761075
0.0,20,0.43,1.0,7.69735,0.0_20,7.7597685
0.0,20,0.435,1.0,7.70654,0.0_20,7.7584553
0.0,20,0.44,1.0,7.71599,0.0_20,7.7571287
0.0,20,0.445,1.0,7.72581,0.0_20,7.755784
0.0,20,0.45,1.0,7.73596,0.0_20,7.7544174
0.0,20,0.455,1.0,7.74636,0.0_20,7.753031
0.0,20,0.46,1.0,7.75702,0.0_20,7.75163
0.0,20,0.465,1.0,7.76795,0.0_20,7.750229
0.0,20,0.47,1.0,7.77912,0.0_20,7.748846
0.0,20,0.475,1.0,7.79049,0.0_20,7.747507
0.0,20,0.48,1.0,7.80221,0.0_20,7.7462444
0.0,20,0.485,1.0,7.81404,0.0_20,7.7450914
0.0,20,0.49,1.0,7.82618,0.0_20,7.7440863
0.0,20,0.495,1.0,7.83841,0.0_20,7.743265
0.0,20,0.5,1.0,7.85091,0.0_20,7.7426643
0.0,20,0.505,1.0,7.86134,0.0_20,7.7423162
0.0,20,0.515,1.0,7.88765,0.0_20,7.7424936
0.0,20,0.525,1.0,7.91465,0.0_20,7.7439785
0.0,20,0.535,1.0,7.94188,0.0_20,7.7468815
0.0,20,0.545,1.0,7.96937,0.0_20,7.7512226
0.0,20,0.555,1.0,7.99692,0.0_20,7.756913
0.0,20,0.565,1.0,8.02425,0.0_20,7.763709
0.0,20,0.575,1.0,8.05128,0.0_20,7.7711897
0.0,20,0.585,1.0,8.07779,0.0_20,7.778759
0.0,20,0.595,1.0,8.10355,0.0_20,7.785692
0.0,20,0.605,1.0,8.12845,0.0_20,7.791239
0.0,20,0.615,1.0,8.1519,0.0_20,7.794738
0.0,20,0.625,1.0,8.17393,0.0_20,7.795739
0.0,20,0.635,1.0,8.19434,0.0_20,7.7940865
0.0,20,0.645,1.0,8.21266,0.0_20,7.7899456
0.0,20,0.655,1.0,8.22891,0.0_20,7.783764
0.0,20,0.665,1.0,8.24253,0.0_20,7.7761784
0.0,20,0.675,1.0,8.25346,0.0_20,7.7679005
0.0,20,0.685,1.0,8.26134,0.0_20,7.7596064
0.0,20,0.695,1.0,8.26633,0.0_20,7.751848
0.0,20,0.705,1.0,8.26768,0.0_20,7.745
0.0,20,0.715,1.0,8.26549,0.0_20,7.739259
0.0,20,0.725,1.0,8.25977,0.0_20,7.734664
0.0,20,0.735,1.0,8.25005,0.0_20,7.731138
0.0,20,0.745,1.0,8.23641,0.0_20,7.7285347
0.0,20,0.755,1.0,8.21889,0.0_20,7.726678
0.0,20,0.765,1.0,8.19712,0.0_20,7.725396
0.0,20,0.775,1.0,8.17149,0.0_20,7.724535
0.0,20,0.785,1.0,8.14201,0.0_20,7.7239714
0.0,20,0.795,1.0,8.10868,0.0_20,7.723611
0.0,20,0.805,1.0,8.07191,0.0_20,7.723384
0.0,20,0.815,1.0,8.03165,0.0_20,7.723242
0.0,20,0.825,1.0,7.98851,0.0_20,7.723155
0.0,20,0.835,1.0,7.94268,0.0_20,7.7231016
0.0,20,0.845,1.0,7.89465,0.0_20,7.723069
0.0,20,0.855,1.0,7.84503,0.0_20,7.723049
0.0,20,0.865,1.0,7.79443,0.0_20,7.723037
0.0,20,0.875,1.0,7.74342,0.0_20,7.723028
0.0,20,0.885,1.0,7.69268,0.0_20,7.7230244
0.0,20,0.895,1.0,7.64304,0.0_20,7.7230206
0.0,20,0.905,1.0,7.59525,0.0_20,7.7230177
0.0,20,0.915,1.0,7.55019,0.0_20,7.7230167
0.0,20,0.925,1.0,7.50858,0.0_20,7.723016
0.0,20,0.935,1.0,7.47128,0.0_20,7.723015
0.0,20,0.945,1.0,7.43893,0.0_20,7.723014
0.0,20,0.955,1.0,7.41225,0.0_20,7.723014
0.0,20,0.965,1.0,7.39196,0.0_20,7.723014
0.0,20,0.975,1.0,7.37844,0.0_20,7.723014
0.0,20,0.985,1.0,7.37208,0.0_20,7.723014
0.0,20,0.995,1.0,7.37293,0.0_20,7.723013
0.0,20,1.005,1.0,7.38119,0.0_20,7.723013
0.0,20,1.015,1.0,7.39666,0.0_20,7.723013
0.0,20,1.025,1.0,7.41923,0.0_20,7.723013
0.0,20,1.035,1.0,7.4483,0.0_20,7.723013
0.0,20,1.045,1.0,7.48395,0.0_20,7.723013
0.0,20,1.055,1.0,7.52507,0.0_20,7.723012
0.0,20,1.065,1.0,7.57122,0.0_20,7.723012
0.0,20,1.075,1.0,7.6218,0.0_20,7.723012
0.0,20,1.085,1.0,7.67606,0.0_20,7.723012
0.0,20,1.095,1.0,7.73325,0.0_20,7.723012
0.0,20,1.105,1.0,7.79231,0.0_20,7.723012
0.0,20,1.115,1.0,7.85262,0.0_20,7.723012
0.0,20,1.125,1.0,7.91314,0.0_20,7.723012
0.0,20,1.135,1.0,7.97263,0.0_20,7.723012
0.0,20,1.145,1.0,8.03014,0.0_20,7.723012
0.0,20,1.155,1.0,8.08438,0.0_20,7.723012
0.0,20,1.165,1.0,8.1343,0.0_20,7.723012
0.0,20,1.175,1.0,8.17863,0.0_20,7.723012
0.0,20,1.185,1.0,8.21646,0.0_20,7.723012
0.0,20,1.195,1.0,8.24643,0.0_20,7.723012
0.0,20,1.205,1.0,8.26769,0.0_20,7.723012
0.0,20,1.215,1.0,8.27944,0.0_20,7.723012
0.0,20,1.225,1.0,8.28106,0.0_20,7.723012
0.0,20,1.235,1.0,8.27204,0.0_20,7.723012
0.0,20,1.245,1.0,8.25224,0.0_20,7.723012
0.0,20,1.255,1.0,8.22152,0.0_20,7.723012
0.0,20,1.265,1.0,8.18048,0.0_20,7.723012
0.0,20,1.275,1.0,8.12959,0.0_20,7.723012
0.0,20,1.285,1.0,8.06968,0.0_20,7.723012
0.0,20,1.295,1.0,8.00208,0.0_20,7.723012
0.0,20,1.305,1.0,7.92847,0.0_20,7.723012
0.0,20,1.315,1.0,7.85041,0.0_20,7.723012
0.0,20,1.325,1.0,7.77015,0.0_20,7.723012
0.0,20,1.335,1.0,7.69003,0.0_20,7.723012
0.0,20,1.345,1.0,7.61248,0.0_20,7.723012
0.0,20,1.355,1.0,7.54011,0.0_20,7.723012
0.0,20,1.365,1.0,7.47554,0.0_20,7.723012
0.0,20,1.375,1.0,7.42106,0.0_20,7.723012
0.0,20,1.385,1.0,7.37888,0.0_20,7.723012
0.0,20,1.395,1.0,7.35094,0.0_20,7.723012
0.0,20,1.405,1.0,7.33812,0.0_20,7.723012
0.0,20,1.415,1.0,7.34149,0.0_20,7.723012
0.0,20,1.425,1.0,7.36079,0.0_20,7.723012
0.0,20,1.435,1.0,7.39575,0.0_20,7.723012
0.0,20,1.445,1.0,7.44476,0.0_20,7.723012
0.0,20,1.455,1.0,7.50617,0.0_20,7.723012
0.0,20,1.465,1.0,7.57789,0.0_20,7.723012
0.0,20,1.475,1.0,7.65771,0.0_20,7.723012
0.0,20,1.485,1.0,7.7425,0.0_20,7.723012
0.0,20,1.495,1.0,7.82994,0.0_20,7.723012
0.0,20,1.505,1.0,7.91697,0.0_20,7.723012
0.0,20,1.515,1.0,8.00085,0.0_20,7.723012
0.0,20,1.525,1.0,8.0788,0.0_20,7.723012
0.0,20,1.535,1.0,8.14825,0.0_20,7.723012
0.0,20,1.545,1.0,8.20678,0.0_20,7.723012
0.0,20,1.555,1.0,8.25206,0.0_20,7.723012
0.0,20,1.565,1.0,8.28237,0.0_20,7.723012
0.0,20,1.575,1.0,8.29605,0.0_20,7.723012
0.0,20,1.585,1.0,8.29221,0.0_20,7.723012
0.0,20,1.595,1.0,8.27048,0.0_20,7.723012
0.0,20,1.605,1.0,8.23085,0.0_20,7.723012
0.0,20,1.615,1.0,8.17433,0.0_20,7.723012
0.0,20,1.625,1.0,8.10232,0.0_20,7.723012
0.0,20,1.635,1.0,8.01735,0.0_20,7.723012
0.0,20,1.645,1.0,7.92232,0.0_20,7.723012
0.0,20,1.655,1.0,7.82097,0.0_20,7.723012
0.0,20,1.665,1.0,7.71741,0.0_20,7.723012
0.0,20,1.675,1.0,7.6164,0.0_20,7.723012
0.0,20,1.685,1.0,7.52295,0.0_20,7.723012
0.0,20,1.695,1.0,7.44186,0.0_20,7.723012
0.0,20,1.705,1.0,7.37768,0.0_20,7.723012
0.0,20,1.715,1.0,7.33431,0.0_20,7.723012
0.0,20,1.725,1.0,7.31436,0.0_20,7.723012
0.0,20,1.735,1.0,7.3193,0.0_20,7.723012
0.0,20,1.745,1.0,7.34927,0.0_20,7.723012
0.0,20,1.755,1.0,7.40263,0.0_20,7.723012
0.0,20,1.765,1.0,7.47661,0.0_20,7.723012
0.0,20,1.775,1.0,7.56715,0.0_20,7.723012
0.0,20,1.785,1.0,7.66958,0.0_20,7.723012
0.0,20,1.795,1.0,7.77873,0.0_20,7.723012
0.0,20,1.805,1.0,7.88904,0.0_20,7.723012
0.0,20,1.815,1.0,7.99526,0.0_20,7.723012
0.0,20,1.825,1.0,8.09242,0.0_20,7.723012
0.0,20,1.835,1.0,8.17572,0.0_20,7.723012
0.0,20,1.845,1.0,8.2412,0.0_20,7.723012
0.0,20,1.855,1.0,8.28548,0.0_20,7.723012
0.0,20,1.865,1.0,8.30611,0.0_20,7.723012
0.0,20,1.875,1.0,8.30155,0.0_20,7.723012
0.0,20,1.885,1.0,8.27145,0.0_20,7.723012
0.0,20,1.895,1.0,8.21645,0.0_20,7.723012
0.0,20,1.905,1.0,8.1388,0.0_20,7.723012
0.0,20,1.915,1.0,8.04173,0.0_20,7.723012
0.0,20,1.925,1.0,7.92988,0.0_20,7.723012
0.0,20,1.935,1.0,7.80914,0.0_20,7.723012
0.0,20,1.945,1.0,7.68638,0.0_20,7.723012
0.0,20,1.955,1.0,7.56896,0.0_20,7.723012
0.0,20,1.965,1.0,7.46488,0.0_20,7.723012
0.0,20,1.975,1.0,7.38123,0.0_20,7.723012
0.0,20,1.985,1.0,7.32465,0.0_20,7.723012
0.0,20,1.995,1.0,7.29969,0.0_20,7.723012
0.0,20,2.005,1.0,7.3087,0.0_20,7.723012
0.0,20,2.015,1.0,7.3512,0.0_20,7.723012
0.0,20,2.025,1.0,7.42454,0.0_20,7.723012
0.0,20,2.035,1.0,7.52342,0.0_20,7.723012
0.0,20,2.045,1.0,7.64068,0.0_20,7.723012
0.0,20,2.055,1.0,7.76835,0.0_20,7.723012
0.0,20,2.065,1.0,7.89795,0.0_20,7.723012
0.0,20,2.075,1.0,8.02106,0.0_20,7.723012
0.0,20,2.085,1.0,8.12995,0.0_20,7.723012
0.0,20,2.095,1.0,8.2179,0.0_20,7.723012
0.0,20,2.105,1.0,8.27934,0.0_20,7.723012
0.0,20,2.115,1.0,8.31034,0.0_20,7.723012
0.0,20,2.125,1.0,8.30848,0.0_20,7.723012
0.0,20,2.135,1.0,8.27323,0.0_20,7.723012
0.0,20,2.145,1.0,8.20603,0.0_20,7.723012
0.0,20,2.155,1.0,8.11045,0.0_20,7.723012
0.0,20,2.165,1.0,7.99207,0.0_20,7.723012
0.0,20,2.175,1.0,7.85831,0.0_20,7.723012
0.0,20,2.185,1.0,7.71864,0.0_20,7.723012
0.0,20,2.195,1.0,7.58334,0.0_20,7.723012
0.0,20,2.205,1.0,7.46332,0.0_20,7.723012
0.0,20,2.215,1.0,7.36906,0.0_20,7.723012
0.0,20,2.225,1.0,7.30947,0.0_20,7.723012
0.0,20,2.235,1.0,7.29049,0.0_20,7.723012
0.0,20,2.245,1.0,7.31453,0.0_20,7.723012
0.0,20,2.255,1.0,7.37986,0.0_20,7.723012
0.0,20,2.265,1.0,7.48068,0.0_20,7.723012
0.0,20,2.275,1.0,7.60802,0.0_20,7.723012
0.0,20,2.285,1.0,7.75072,0.0_20,7.723012
0.0,20,2.295,1.0,7.89697,0.0_20,7.723012
0.0,20,2.305,1.0,8.03492,0.0_20,7.723012
0.0,20,2.315,1.0,8.15389,0.0_20,7.723012
0.0,20,2.325,1.0,8.24467,0.0_20,7.723012
0.0,20,2.335,1.0,8.30047,0.0_20,7.723012
0.0,20,2.345,1.0,8.3166,0.0_20,7.723012
0.0,20,2.355,1.0,8.29158,0.0_20,7.723012
0.0,20,2.365,1.0,8.22638,0.0_20,7.723012
0.0,20,2.375,1.0,8.12531,0.0_20,7.723012
0.0,20,2.385,1.0,7.9956,0.0_20,7.723012
0.0,20,2.395,1.0,7.84724,0.0_20,7.723012
0.0,20,2.405,1.0,7.69273,0.0_20,7.723012
0.0,20,2.415,1.0,7.54596,0.0_20,7.723012
0.0,20,2.425,1.0,7.42148,0.0_20,7.723012
0.0,20,2.435,1.0,7.33245,0.0_20,7.723012
0.0,20,2.445,1.0,7.28913,0.0_20,7.723012
0.0,20,2.455,1.0,7.29687,0.0_20,7.723012
0.0,20,2.465,1.0,7.35559,0.0_20,7.723012
0.0,20,2.475,1.0,7.45912,0.0_20,7.723012
0.0,20,2.485,1.0,7.59641,0.0_20,7.723012
0.0,20,2.495,1.0,7.75323,0.0_20,7.723012
0.0,20,2.505,1.0,7.91369,0.0_20,7.723012
0.0,20,2.515,1.0,8.06253,0.0_20,7.723012
0.0,20,2.525,1.0,8.18588,0.0_20,7.723012
0.0,20,2.535,1.0,8.27255,0.0_20,7.723012
0.0,20,2.545,1.0,8.31482,0.0_20,7.723012
0.0,20,2.555,1.0,8.30841,0.0_20,7.723012
0.0,20,2.565,1.0,8.25354,0.0_20,7.723012
0.0,20,2.575,1.0,8.15409,0.0_20,7.723012
0.0,20,2.585,1.0,8.01862,0.0_20,7.723012
0.0,20,2.595,1.0,7.85915,0.0_20,7.723012
0.0,20,2.605,1.0,7.69138,0.0_20,7.723012
0.0,20,2.615,1.0,7.53305,0.0_20,7.723012
0.0,20,2.625,1.0,7.40229,0.0_20,7.723012
0.0,20,2.635,1.0,7.31543,0.0_20,7.723012
0.0,20,2.645,1.0,7.2839,0.0_20,7.723012
0.0,20,2.655,1.0,7.3126,0.0_20,7.723012
0.0,20,2.665,1.0,7.39866,0.0_20,7.723012
0.0,20,2.675,1.0,7.53121,0.0_20,7.723012
0.0,20,2.685,1.0,7.69412,0.0_20,7.723012
0.0,20,2.695,1.0,7.86813,0.0_20,7.723012
0.0,20,2.705,1.0,8.03336,0.0_20,7.723012
0.0,20,2.715,1.0,8.17198,0.0_20,7.723012
0.0,20,2.725,1.0,8.26934,0.0_20,7.723012
0.0,20,2.735,1.0,8.31523,0.0_20,7.723012
0.0,20,2.745,1.0,8.30495,0.0_20,7.723012
0.0,20,2.755,1.0,8.23879,0.0_20,7.723012
0.0,20,2.765,1.0,8.12271,0.0_20,7.723012
0.0,20,2.775,1.0,7.96838,0.0_20,7.723012
0.0,20,2.785,1.0,7.79224,0.0_20,7.723012
0.0,20,2.795,1.0,7.61469,0.0_20,7.723012
0.0,20,2.805,1.0,7.4578,0.0_20,7.723012
0.0,20,2.815,1.0,7.34298,0.0_20,7.723012
0.0,20,2.825,1.0,7.28707,0.0_20,7.723012
0.0,20,2.835,1.0,7.29895,0.0_20,7.723012
0.0,20,2.845,1.0,7.3777,0.0_20,7.723012
0.0,20,2.855,1.0,7.51252,0.0_20,7.723012
0.0,20,2.865,1.0,7.68437,0.0_20,7.723012
0.0,20,2.875,1.0,7.86993,0.0_20,7.723012
0.0,20,2.885,1.0,8.04524,0.0_20,7.723012
0.0,20,2.895,1.0,8.18864,0.0_20,7.723012
0.0,20,2.905,1.0,8.28312,0.0_20,7.723012
0.0,20,2.915,1.0,8.31751,0.0_20,7.723012
0.0,20,2.925,1.0,8.28744,0.0_20,7.723012
0.0,20,2.935,1.0,8.1958,0.0_20,7.723012
0.0,20,2.945,1.0,8.05256,0.0_20,7.723012
0.0,20,2.955,1.0,7.87453,0.0_20,7.723012
0.0,20,2.965,1.0,7.68396,0.0_20,7.723012
0.0,20,2.975,1.0,7.50698,0.0_20,7.723012
0.0,20,2.985,1.0,7.36966,0.0_20,7.723012
0.0,20,2.995,1.0,7.29402,0.0_20,7.723012
0.0,20,3.005,1.0,7.2931,0.0_20,7.723012
0.0,20,3.015,1.0,7.36797,0.0_20,7.723012
0.0,20,3.025,1.0,7.50706,0.0_20,7.723012
0.0,20,3.035,1.0,7.68852,0.0_20,7.723012
0.0,20,3.045,1.0,7.88478,0.0_20,7.723012
0.0,20,3.055,1.0,8.06738,0.0_20,7.723012
0.0,20,3.065,1.0,8.21113,0.0_20,7.723012
0.0,20,3.075,1.0,8.29702,0.0_20,7.723012
0.0,20,3.085,1.0,8.31356,0.0_20,7.723012
0.0,20,3.095,1.0,8.25847,0.0_20,7.723012
0.0,20,3.105,1.0,8.13808,0.0_20,7.723012
0.0,20,3.115,1.0,7.96746,0.0_20,7.723012
0.0,20,3.125,1.0,7.76995,0.0_20,7.723012
0.0,20,3.135,1.0,7.5743,0.0_20,7.723012
0.0,20,3.145,1.0,7.41154,0.0_20,7.723012
0.0,20,3.155,1.0,7.30958,0.0_20,7.723012
0.0,20,3.165,1.0,7.28749,0.0_20,7.723012
0.0,20,3.175,1.0,7.35002,0.0_20,7.723012
0.0,20,3.185,1.0,7.48683,0.0_20,7.723012
0.0,20,3.195,1.0,7.67394,0.0_20,7.723012
0.0,20,3.205,1.0,7.87985,0.0_20,7.723012
0.0,20,3.215,1.0,8.07142,0.0_20,7.723012
0.0,20,3.225,1.0,8.2193,0.0_20,7.723012
0.0,20,3.235,1.0,8.3018,0.0_20,7.723012
0.0,20,3.245,1.0,8.30692,0.0_20,7.723012
0.0,20,3.255,1.0,8.23357,0.0_20,7.723012
0.0,20,3.265,1.0,8.0915,0.0_20,7.723012
0.0,20,3.275,1.0,7.90107,0.0_20,7.723012
0.0,20,3.285,1.0,7.69151,0.0_20,7.723012
0.0,20,3.295,1.0,7.49746,0.0_20,7.723012
0.0,20,3.305,1.0,7.35385,0.0_20,7.723012
0.0,20,3.315,1.0,7.28862,0.0_20,7.723012
0.0,20,3.325,1.0,7.31573,0.0_20,7.723012
0.0,20,3.335,1.0,7.43076,0.0_20,7.723012
0.0,20,3.345,1.0,7.61167,0.0_20,7.723012
0.0,20,3.355,1.0,7.82444,0.0_20,7.723012
0.0,20,3.365,1.0,8.03107,0.0_20,7.723012
0.0,20,3.375,1.0,8.19646,0.0_20,7.723012
0.0,20,3.385,1.0,8.29376,0.0_20,7.723012
0.0,20,3.395,1.0,8.30752,0.0_20,7.723012
0.0,20,3.405,1.0,8.23523,0.0_20,7.723012
0.0,20,3.415,1.0,8.0876,0.0_20,7.723012
0.0,20,3.425,1.0,7.88789,0.0_20,7.723012
0.0,20,3.435,1.0,7.66959,0.0_20,7.723012
0.0,20,3.445,1.0,7.47259,0.0_20,7.723012
0.0,20,3.455,1.0,7.3358,0.0_20,7.723012
0.0,20,3.465,1.0,7.2885,0.0_20,7.723012
0.0,20,3.475,1.0,7.34211,0.0_20,7.723012
0.0,20,3.485,1.0,7.48574,0.0_20,7.723012
0.0,20,3.495,1.0,7.68965,0.0_20,7.723012
0.0,20,3.505,1.0,7.91287,0.0_20,7.723012
0.0,20,3.515,1.0,8.11283,0.0_20,7.723012
0.0,20,3.525,1.0,8.25341,0.0_20,7.723012
0.0,20,3.535,1.0,8.31004,0.0_20,7.723012
0.0,20,3.545,1.0,8.273,0.0_20,7.723012
0.0,20,3.555,1.0,8.14785,0.0_20,7.723012
0.0,20,3.565,1.0,7.95573,0.0_20,7.723012
0.0,20,3.575,1.0,7.73112,0.0_20,7.723012
0.0,20,3.585,1.0,7.51705,0.0_20,7.723012
0.0,20,3.595,1.0,7.35851,0.0_20,7.723012
0.0,20,3.605,1.0,7.29151,0.0_20,7.723012
0.0,20,3.615,1.0,7.33255,0.0_20,7.723012
0.0,20,3.625,1.0,7.47304,0.0_20,7.723012
0.0,20,3.635,1.0,7.68158,0.0_20,7.723012
0.0,20,3.645,1.0,7.91266,0.0_20,7.723012
0.0,20,3.655,1.0,8.11872,0.0_20,7.723012
0.0,20,3.665,1.0,8.25936,0.0_20,7.723012
0.0,20,3.675,1.0,8.30833,0.0_20,7.723012
0.0,20,3.685,1.0,8.25631,0.0_20,7.723012
0.0,20,3.695,1.0,8.11237,0.0_20,7.723012
0.0,20,3.705,1.0,7.90287,0.0_20,7.723012
0.0,20,3.715,1.0,7.66891,0.0_20,7.723012
0.0,20,3.725,1.0,7.46028,0.0_20,7.723012
0.0,20,3.735,1.0,7.32509,0.0_20,7.723012
0.0,20,3.745,1.0,7.29688,0.0_20,7.723012
0.0,20,3.755,1.0,7.38381,0.0_20,7.723012
0.0,20,3.765,1.0,7.56533,0.0_20,7.723012
0.0,20,3.775,1.0,7.79808,0.0_20,7.723012
0.0,20,3.785,1.0,8.02889,0.0_20,7.723012
0.0,20,3.795,1.0,8.20822,0.0_20,7.723012
0.0,20,3.805,1.0,8.29917,0.0_20,7.723012
0.0,20,3.815,1.0,8.28359,0.0_20,7.723012
0.0,20,3.825,1.0,8.16423,0.0_20,7.723012
0.0,20,3.835,1.0,7.96426,0.0_20,7.723012
0.0,20,3.845,1.0,7.72502,0.0_20,7.723012
0.0,20,3.855,1.0,7.4998,0.0_20,7.723012
0.0,20,3.865,1.0,7.34316,0.0_20,7.723012
0.0,20,3.875,1.0,7.29619,0.0_20,7.723012
0.0,20,3.885,1.0,7.37253,0.0_20,7.723012
0.0,20,3.895,1.0,7.55277,0.0_20,7.723012
0.0,20,3.905,1.0,7.7909,0.0_20,7.723012
0.0,20,3.915,1.0,8.02885,0.0_20,7.723012
0.0,20,3.925,1.0,8.2117,0.0_20,7.723012
0.0,20,3.935,1.0,8.2995,0.0_20,7.723012
0.0,20,3.945,1.0,8.27339,0.0_20,7.723012
0.0,20,3.955,1.0,8.13834,0.0_20,7.723012
0.0,20,3.965,1.0,7.92296,0.0_20,7.723012
0.0,20,3.975,1.0,7.67533,0.0_20,7.723012
0.0,20,3.985,1.0,7.45522,0.0_20,7.723012
0.0,20,3.995,1.0,7.32035,0.0_20,7.723012
0.0,20,4.005,1.0,7.3091,0.0_20,7.723012
0.1,20,0.0,2.0,7.49838,0.1_20,8.145828
0.1,20,0.005,2.0,7.47679,0.1_20,7.9661894
0.1,20,0.01,2.0,7.41235,0.1_20,7.773677
0.1,20,0.015,2.0,7.30486,0.1_20,7.567151
0.1,20,0.02,2.0,7.15407,0.1_20,7.3453894
0.1,20,0.025,2.0,6.96078,0.1_20,7.107131
0.1,20,0.03,2.0,6.7242,0.1_20,6.8510056
0.1,20,0.035,2.0,6.44436,0.1_20,6.5755177
0.1,20,0.04,2.0,6.12167,0.1_20,6.2791805
0.1,20,0.045,2.0,5.75631,0.1_20,5.9603815
0.1,20,0.05,2.0,5.34818,0.1_20,5.6173806
0.1,20,0.055,2.0,4.89692,0.1_20,5.248461
0.1,20,0.06,2.0,4.40322,0.1_20,4.8517504
0.1,20,0.065,2.0,3.86681,0.1_20,4.4253592
0.1,20,0.07,2.0,3.28836,0.1_20,3.967307
0.1,20,0.075,2.0,2.66817,0.1_20,3.4756246
0.1,20,0.08,2.0,2.00594,0.1_20,2.9482675
0.1,20,0.085,2.0,1.30262,0.1_20,2.3832088
0.1,20,0.09,2.0,0.55852,0.1_20,1.7784111
0.1,20,0.095,2.0,-0.22584,0.1_20,1.1319051
0.1,20,0.1,2.0,-1.04976,0.1_20,0.44179177
0.1,20,0.105,2.0,-1.91234,0.1_20,-0.2938125
0.1,20,0.11,2.0,-2.8128,0.1_20,-1.0764754
0.1,20,0.115,2.0,-3.74975,0.1_20,-1.9077256
0.1,20,0.12,2.0,-4.72251,0.1_20,-2.788839
0.1,20,0.125,2.0,-5.7294,0.1_20,-3.7207296
0.1,20,0.13,2.0,-6.76884,0.1_20,-4.7040615
0.1,20,0.135,2.0,-7.83929,0.1_20,-5.7390814
0.1,20,0.14,2.0,-8.93878,0.1_20,-6.8255186
0.1,20,0.145,2.0,-10.06495,0.1_20,-7.9626217
0.1,20,0.15,2.0,-11.21596,0.1_20,-9.149074
0.1,20,0.155,2.0,-12.38847,0.1_20,-10.38291
0.1,20,0.16,2.0,-13.57976,0.1_20,-11.661407
0.1,20,0.165,2.0,-14.78731,0.1_20,-12.981107
0.1,20,0.17,2.0,-16.0072,0.1_20,-14.337782
0.1,20,0.175,2.0,-17.23578,0.1_20,-15.726152
0.1,20,0.18,2.0,-18.46925,0.1_20,-17.140324
0.1,20,0.185,2.0,-19.70341,0.1_20,-18.573338
0.1,20,0.19,2.0,-20.93341,0.1_20,-20.017338
0.1,20,0.195,2.0,-22.15465,0.1_20,-21.463491
0.1,20,0.2,2.0,-23.36166,0.1_20,-22.902313
0.1,20,0.205,2.0,-24.5495,0.1_20,-24.3233
0.1,20,0.21,2.0,-25.7119,0.1_20,-25.715248
0.1,20,0.215,2.0,-26.84299,0.1_20,-27.066374
0.1,20,0.22,2.0,-27.93641,0.1_20,-28.364414
0.1,20,0.225,2.0,-28.98559,0.1_20,-29.596447
0.1,20,0.23,2.0,-29.98352,0.1_20,-30.749731
0.1,20,0.235,2.0,-30.92307,0.1_20,-31.811132
0.1,20,0.24,2.0,-31.79672,0.1_20,-32.76782
0.1,20,0.245,2.0,-32.59745,0.1_20,-33.607216
0.1,20,0.25,2.0,-33.31721,0.1_20,-34.317318
0.1,20,0.255,2.0,-33.9483,0.1_20,-34.886925
0.1,20,0.26,2.0,-34.48304,0.1_20,-35.305603
0.1,20,0.265,2.0,-34.91337,0.1_20,-35.5641
0.1,20,0.27,2.0,-35.23152,0.1_20,-35.65446
0.1,20,0.275,2.0,-35.4296,0.1_20,-35.570087
0.1,20,0.28,2.0,-35.50012,0.1_20,-35.305954
0.1,20,0.285,2.0,-35.43567,0.1_20,-34.858612
0.1,20,0.29,2.0,-35.22931,0.1_20,-34.226295
0.1,20,0.295,2.0,-34.87416,0.1_20,-33.40901
0.1,20,0.3,2.0,-34.36381,0.1_20,-32.40842
0.1,20,0.305,2.0,-33.69286,0.1_20,-31.227533
0.1,20,0.31,2.0,-32.85599,0.1_20,-29.871809
0.1,20,0.315,2.0,-31.84888,0.1_20,-28.347397
0.1,20,0.32,2.0,-30.66799,0.1_20,-26.661926
0.1,20,0.325,2.0,-29.31059,0.1_20,-24.824888
0.1,20,0.33,2.0,-27.77529,0.1_20,-22.846275
0.1,20,0.335,2.0,-26.06122,0.1_20,-20.737665
0.1,20,0.34,2.0,-24.16929,0.1_20,-18.510633
0.1,20,0.345,2.0,-22.10144,0.1_20,-16.178553
0.1,20,0.35,2.0,-19.86104,0.1_20,-13.754006
0.1,20,0.355,2.0,-17.45292,0.1_20,-11.251257
0.1,20,0.36,2.0,-14.88361,0.1_20,-8.683459
0.1,20,0.365,2.0,-12.1609,0.1_20,-6.06489
0.1,20,0.37,2.0,-9.29454,0.1_20,-3.4095442
0.1,20,0.375,2.0,-6.29604,0.1_20,-0.7306087
0.1,20,0.38,2.0,-3.17841,0.1_20,1.9585315
0.1,20,0.385,2.0,0.04321,0.1_20,4.64501
0.1,20,0.39,2.0,3.35243,0.1_20,7.315976
0.1,20,0.395,2.0,6.73045,0.1_20,9.960383
0.1,20,0.4,2.0,10.15718,0.1_20,12.566489
0.1,20,0.405,2.0,13.61101,0.1_20,15.123935
0.1,20,0.41,2.0,17.06837,0.1_20,17.622839
0.1,20,0.415,2.0,20.50478,0.1_20,20.054623
0.1,20,0.42,2.0,23.89387,0.1_20,22.410866
0.1,20,0.425,2.0,27.20865,0.1_20,24.684137
0.1,20,0.43,2.0,30.42073,0.1_20,26.868568
0.1,20,0.435,2.0,33.50169,0.1_20,28.957382
0.1,20,0.44,2.0,36.42197,0.1_20,30.946493
0.1,20,0.445,2.0,39.15234,0.1_20,32.83069
0.1,20,0.45,2.0,41.66339,0.1_20,34.607014
0.1,20,0.455,2.0,43.92638,0.1_20,36.27091
0.1,20,0.46,2.0,45.91349,0.1_20,37.819294
0.1,20,0.465,2.0,47.59786,0.1_20,39.247856
0.1,20,0.47,2.0,48.95448,0.1_20,40.552525
0.1,20,0.475,2.0,49.96024,0.1_20,41.728054
0.1,20,0.48,2.0,50.59435,0.1_20,42.766018
0.1,20,0.485,2.0,50.8392,0.1_20,43.657497
0.1,20,0.49,2.0,50.67996,0.1_20,44.388947
0.1,20,0.495,2.0,50.1059,0.1_20,44.94382
0.1,20,0.5,2.0,49.11036,0.1_20,45.29986
0.1,20,0.505,2.0,47.68788,0.1_20,45.431046
0.1,20,0.515,2.0,43.58999,0.1_20,44.87227
0.1,20,0.525,2.0,37.88878,0.1_20,42.918232
0.1,20,0.535,2.0,30.74987,0.1_20,39.12458
0.1,20,0.545,2.0,22.42791,0.1_20,33.02485
0.1,20,0.555,2.0,13.26303,0.1_20,24.281727
0.1,20,0.565,2.0,3.67272,0.1_20,12.928837
0.1,20,0.575,2.0,-5.86376,0.1_20,-0.34986305
0.1,20,0.585,2.0,-14.82657,0.1_20,-14.052439
0.1,20,0.595,2.0,-22.6836,0.1_20,-26.023077
0.1,20,0.605,2.0,-28.92291,0.1_20,-34.095592
0.1,20,0.615,2.0,-33.08898,0.1_20,-37.00587
0.1,20,0.625,2.0,-34.82099,0.1_20,-34.97601
0.1,20,0.635,2.0,-33.88812,0.1_20,-29.483728
0.1,20,0.645,2.0,-30.22193,0.1_20,-22.430586
0.1,20,0.655,2.0,-23.93869,0.1_20,-15.3688545
0.1,20,0.665,2.0,-15.35189,0.1_20,-9.1956835
0.1,20,0.675,2.0,-4.96942,0.1_20,-4.23617
0.1,20,0.685,2.0,6.52581,0.1_20,-0.4677236
0.1,20,0.695,2.0,18.31245,0.1_20,2.285338
0.1,20,0.705,2.0,29.48515,0.1_20,4.2346063
0.1,20,0.715,2.0,39.12162,0.1_20,5.5742006
0.1,20,0.725,2.0,46.36217,0.1_20,6.4644766
0.1,20,0.735,2.0,50.49334,0.1_20,7.032033
0.1,20,0.745,2.0,51.02668,0.1_20,7.374895
0.1,20,0.755,2.0,47.76679,0.1_20,7.567692
0.1,20,0.765,2.0,40.85859,0.1_20,7.665741
0.1,20,0.775,2.0,30.80484,0.1_20,7.708371
0.1,20,0.785,2.0,18.44981,0.1_20,7.721881
0.1,20,0.795,2.0,4.92375,0.1_20,7.722475
0.1,20,0.805,2.0,-8.44985,0.1_20,7.7190933
0.1,20,0.815,2.0,-20.27971,0.1_20,7.715914
0.1,20,0.825,2.0,-29.25322,0.1_20,7.7143373
0.1,20,0.835,2.0,-34.29205,0.1_20,7.714384
0.1,20,0.845,2.0,-34.69617,0.1_20,7.7155523
0.1,20,0.855,2.0,-30.25906,0.1_20,7.717269
0.1,20,0.865,2.0,-21.33409,0.1_20,7.719084
0.1,20,0.875,2.0,-8.83778,0.1_20,7.7207146
0.1,20,0.885,2.0,5.8181,0.1_20,7.722022
0.1,20,0.895,2.0,20.86844,0.1_20,7.722972
0.1,20,0.905,2.0,34.39653,0.1_20,7.7235947
0.1,20,0.915,2.0,44.57862,0.1_20,7.7239485
0.1,20,0.925,2.0,49.94076,0.1_20,7.724106
0.1,20,0.935,2.0,49.59069,0.1_20,7.7241287
0.1,20,0.945,2.0,43.38966,0.1_20,7.7240696
0.1,20,0.955,2.0,32.03043,0.1_20,7.7239695
0.1,20,0.965,2.0,16.99737,0.1_20,7.723854
0.1,20,0.975,2.0,0.40162,0.1_20,7.7237387
0.1,20,0.985,2.0,-15.29696,0.1_20,7.723631
0.1,20,0.995,2.0,-27.64997,0.1_20,7.7235365
0.1,20,1.005,2.0,-34.61324,0.1_20,7.7234554
0.1,20,1.015,2.0,-34.90825,0.1_20,7.723386
0.1,20,1.025,2.0,-28.28905,0.1_20,7.7233276
0.1,20,1.035,2.0,-15.65629,0.1_20,7.723279
0.1,20,1.045,2.0,1.01923,0.1_20,7.723238
0.1,20,1.055,2.0,18.96841,0.1_20,7.7232037
0.1,20,1.065,2.0,35.06546,0.1_20,7.723175
0.1,20,1.075,2.0,46.3722,0.1_20,7.7231503
0.1,20,1.085,2.0,50.69501,0.1_20,7.7231293
0.1,20,1.095,2.0,47.0469,0.1_20,7.723112
0.1,20,1.105,2.0,35.91496,0.1_20,7.723097
0.1,20,1.115,2.0,19.26087,0.1_20,7.7230844
0.1,20,1.125,2.0,0.22467,0.1_20,7.723073
0.1,20,1.135,2.0,-17.43499,0.1_20,7.7230635
0.1,20,1.145,2.0,-30.07442,0.1_20,7.723056
0.1,20,1.155,2.0,-34.9347,0.1_20,7.723049
0.1,20,1.165,2.0,-30.78284,0.1_20,7.7230434
0.1,20,1.175,2.0,-18.27161,0.1_20,7.7230387
0.1,20,1.185,2.0,0.08968,0.1_20,7.723035
0.1,20,1.195,2.0,20.38489,0.1_20,7.723031
0.1,20,1.205,2.0,38.09617,0.1_20,7.723028
0.1,20,1.215,2.0,49.11038,0.1_20,7.7230253
0.1,20,1.225,2.0,50.70648,0.1_20,7.7230234
0.1,20,1.235,2.0,42.28245,0.1_20,7.7230215
0.1,20,1.245,2.0,25.62219,0.1_20,7.7230196
0.1,20,1.255,2.0,4.59274,0.1_20,7.7230186
0.1,20,1.265,2.0,-15.70286,0.1_20,7.7230177
0.1,20,1.275,2.0,-30.1486,0.1_20,7.7230167
0.1,20,1.285,2.0,-34.92999,0.1_20,7.723016
0.1,20,1.295,2.0,-28.60094,0.1_20,7.723016
0.1,20,1.305,2.0,-12.59575,0.1_20,7.723015
0.1,20,1.315,2.0,9.00216,0.1_20,7.723014
0.1,20,1.325,2.0,30.43436,0.1_20,7.723014
0.1,20,1.335,2.0,45.77309,0.1_20,7.723014
0.1,20,1.345,2.0,50.57908,0.1_20,7.723014
0.1,20,1.355,2.0,43.24317,0.1_20,7.723014
0.1,20,1.365,2.0,25.59846,0.1_20,7.723013
0.1,20,1.375,2.0,2.55996,0.1_20,7.723013
0.1,20,1.385,2.0,-19.17917,0.1_20,7.723013
0.1,20,1.395,2.0,-33.07556,0.1_20,7.723013
0.1,20,1.405,2.0,-34.74275,0.1_20,7.723013
0.1,20,1.415,2.0,-23.41872,0.1_20,7.723012
0.1,20,1.425,2.0,-2.38386,0.1_20,7.723012
0.1,20,1.435,2.0,21.88794,0.1_20,7.723012
0.1,20,1.445,2.0,41.66335,0.1_20,7.723012
0.1,20,1.455,2.0,50.42089,0.1_20,7.723012
0.1,20,1.465,2.0,45.06816,0.1_20,7.723012
0.1,20,1.475,2.0,27.14289,0.1_20,7.723012
0.1,20,1.485,2.0,2.50613,0.1_20,7.723012
0.1,20,1.495,2.0,-20.47696,0.1_20,7.723012
0.1,20,1.505,2.0,-33.7439,0.1_20,7.723012
0.1,20,1.515,2.0,-32.40211,0.1_20,7.723012
0.1,20,1.525,2.0,-16.62884,0.1_20,7.723012
0.1,20,1.535,2.0,8.16293,0.1_20,7.723012
0.1,20,1.545,2.0,33.07785,0.1_20,7.723012
0.1,20,1.555,2.0,48.89262,0.1_20,7.723012
0.1,20,1.565,2.0,49.51508,0.1_20,7.723012
0.1,20,1.575,2.0,34.44372,0.1_20,7.723012
0.1,20,1.585,2.0,9.20454,0.1_20,7.723012
0.1,20,1.595,2.0,-16.547,0.1_20,7.723012
0.1,20,1.605,2.0,-32.66648,0.1_20,7.723012
0.1,20,1.615,2.0,-32.56076,0.1_20,7.723012
0.1,20,1.625,2.0,-16.01001,0.1_20,7.723012
0.1,20,1.635,2.0,10.47387,0.1_20,7.723012
0.1,20,1.645,2.0,36.06896,0.1_20,7.723012
0.1,20,1.655,2.0,50.00652,0.1_20,7.723012
0.1,20,1.665,2.0,46.14602,0.1_20,7.723012
0.1,20,1.675,2.0,25.80266,0.1_20,7.723012
0.1,20,1.685,2.0,-2.51958,0.1_20,7.723012
0.1,20,1.695,2.0,-26.56941,0.1_20,7.723012
0.1,20,1.705,2.0,-35.64073,0.1_20,7.723012
0.1,20,1.715,2.0,-25.44364,0.1_20,7.723012
0.1,20,1.725,2.0,-0.30812,0.1_20,7.723012
0.1,20,1.735,2.0,28.46877,0.1_20,7.723012
0.1,20,1.745,2.0,47.60018,0.1_20,7.723012
0.1,20,1.755,2.0,47.97388,0.1_20,7.723012
0.1,20,1.765,2.0,29.13807,0.1_20,7.723012
0.1,20,1.775,2.0,-0.15138,0.1_20,7.723012
0.1,20,1.785,2.0,-25.82872,0.1_20,7.723012
0.1,20,1.795,2.0,-35.21808,0.1_20,7.723012
0.1,20,1.805,2.0,-23.37205,0.1_20,7.723012
0.1,20,1.815,2.0,4.1581,0.1_20,7.723012
0.1,20,1.825,2.0,33.74073,0.1_20,7.723012
0.1,20,1.835,2.0,50.33953,0.1_20,7.723012
0.1,20,1.845,2.0,45.23093,0.1_20,7.723012
0.1,20,1.855,2.0,20.78728,0.1_20,7.723012
0.1,20,1.865,2.0,-10.37565,0.1_20,7.723012
0.1,20,1.875,2.0,-31.75587,0.1_20,7.723012
0.1,20,1.885,2.0,-31.71253,0.1_20,7.723012
0.1,20,1.895,2.0,-9.97342,0.1_20,7.723012
0.1,20,1.905,2.0,21.81527,0.1_20,7.723012
0.1,20,1.915,2.0,46.13628,0.1_20,7.723012
0.1,20,1.925,2.0,49.2192,0.1_20,7.723012
0.1,20,1.935,2.0,28.96351,0.1_20,7.723012
0.1,20,1.945,2.0,-3.45544,0.1_20,7.723012
0.1,20,1.955,2.0,-29.57841,0.1_20,7.723012
0.1,20,1.965,2.0,-34.16858,0.1_20,7.723012
0.1,20,1.975,2.0,-14.28464,0.1_20,7.723012
0.1,20,1.985,2.0,18.56222,0.1_20,7.723012
0.1,20,1.995,2.0,44.83479,0.1_20,7.723012
0.1,20,2.005,2.0,48.53809,0.1_20,7.723012
0.1,20,2.015,2.0,27.11243,0.1_20,7.723012
0.1,20,2.025,2.0,-6.5474,0.1_20,7.723012
0.1,20,2.035,2.0,-31.61924,0.1_20,7.723012
0.1,20,2.045,2.0,-32.18784,0.1_20,7.723012
0.1,20,2.055,2.0,-7.50557,0.1_20,7.723012
0.1,20,2.065,2.0,27.03876,0.1_20,7.723012
0.1,20,2.075,2.0,49.34545,0.1_20,7.723012
0.1,20,2.085,2.0,44.79835,0.1_20,7.723012
0.1,20,2.095,2.0,16.1085,0.1_20,7.723012
0.1,20,2.105,2.0,-17.94715,0.1_20,7.723012
0.1,20,2.115,2.0,-34.605,0.1_20,7.723012
0.1,20,2.125,2.0,-22.37815,0.1_20,7.723012
0.1,20,2.135,2.0,10.76196,0.1_20,7.723012
0.1,20,2.145,2.0,42.27317,0.1_20,7.723012
0.1,20,2.155,2.0,50.24594,0.1_20,7.723012
0.1,20,2.165,2.0,28.75566,0.1_20,7.723012
0.1,20,2.175,2.0,-7.47138,0.1_20,7.723012
0.1,20,2.185,2.0,-32.92064,0.1_20,7.723012
0.1,20,2.195,2.0,-29.28573,0.1_20,7.723012
0.1,20,2.205,2.0,1.06225,0.1_20,7.723012
0.1,20,2.215,2.0,36.20653,0.1_20,7.723012
0.1,20,2.225,2.0,50.26983,0.1_20,7.723012
0.1,20,2.235,2.0,32.52631,0.1_20,7.723012
0.1,20,2.245,2.0,-4.12405,0.1_20,7.723012
0.1,20,2.255,2.0,-32.21827,0.1_20,7.723012
0.1,20,2.265,2.0,-30.22847,0.1_20,7.723012
0.1,20,2.275,2.0,0.73071,0.1_20,7.723012
0.1,20,2.285,2.0,37.12,0.1_20,7.723012
0.1,20,2.295,2.0,50.71416,0.1_20,7.723012
0.1,20,2.305,2.0,30.67007,0.1_20,7.723012
0.1,20,2.315,2.0,-7.39978,0.1_20,7.723012
0.1,20,2.325,2.0,-33.18569,0.1_20,7.723012
0.1,20,2.335,2.0,-25.71146,0.1_20,7.723012
0.1,20,2.345,2.0,9.35989,0.1_20,7.723012
0.1,20,2.355,2.0,43.63686,0.1_20,7.723012
0.1,20,2.365,2.0,48.81784,0.1_20,7.723012
0.1,20,2.375,2.0,20.23271,0.1_20,7.723012
0.1,20,2.385,2.0,-18.60856,0.1_20,7.723012
0.1,20,2.395,2.0,-35.11693,0.1_20,7.723012
0.1,20,2.405,2.0,-15.1213,0.1_20,7.723012
0.1,20,2.415,2.0,24.49756,0.1_20,7.723012
0.1,20,2.425,2.0,49.6,0.1_20,7.723012
0.1,20,2.435,2.0,38.08601,0.1_20,7.723012
0.1,20,2.445,2.0,-0.39159,0.1_20,7.723012
0.1,20,2.455,2.0,-32.13578,0.1_20,7.723012
0.1,20,2.465,2.0,-28.80191,0.1_20,7.723012
0.1,20,2.475,2.0,7.02144,0.1_20,7.723012
0.1,20,2.485,2.0,43.3657,0.1_20,7.723012
0.1,20,2.495,2.0,47.25417,0.1_20,7.723012
0.1,20,2.505,2.0,14.92422,0.1_20,7.723012
0.1,20,2.515,2.0,-23.9804,0.1_20,7.723012
0.1,20,2.525,2.0,-33.18962,0.1_20,7.723012
0.1,20,2.535,2.0,-3.67254,0.1_20,7.723012
0.1,20,2.545,2.0,37.14977,0.1_20,7.723012
0.1,20,2.555,2.0,50.59962,0.1_20,7.723012
0.1,20,2.565,2.0,23.5244,0.1_20,7.723012
0.1,20,2.575,2.0,-18.39437,0.1_20,7.723012
0.1,20,2.585,2.0,-34.65925,0.1_20,7.723012
0.1,20,2.595,2.0,-9.23219,0.1_20,7.723012
0.1,20,2.605,2.0,33.08351,0.1_20,7.723012
0.1,20,2.615,2.0,50.3126,0.1_20,7.723012
0.1,20,2.625,2.0,24.86863,0.1_20,7.723012
0.1,20,2.635,2.0,-18.16312,0.1_20,7.723012
0.1,20,2.645,2.0,-35.43071,0.1_20,7.723012
0.1,20,2.655,2.0,-9.1129,0.1_20,7.723012
0.1,20,2.665,2.0,34.18514,0.1_20,7.723012
0.1,20,2.675,2.0,49.92921,0.1_20,7.723012
0.1,20,2.685,2.0,21.60501,0.1_20,7.723012
0.1,20,2.695,2.0,-21.34956,0.1_20,7.723012
0.1,20,2.705,2.0,-33.58529,0.1_20,7.723012
0.1,20,2.715,2.0,-1.67629,0.1_20,7.723012
0.1,20,2.725,2.0,40.78416,0.1_20,7.723012
0.1,20,2.735,2.0,48.28913,0.1_20,7.723012
0.1,20,2.745,2.0,12.45045,0.1_20,7.723012
0.1,20,2.755,2.0,-28.03971,0.1_20,7.723012
0.1,20,2.765,2.0,-28.84857,0.1_20,7.723012
0.1,20,2.775,2.0,11.14071,0.1_20,7.723012
0.1,20,2.785,2.0,47.65754,0.1_20,7.723012
0.1,20,2.795,2.0,39.63716,0.1_20,7.723012
0.1,20,2.805,2.0,-4.44118,0.1_20,7.723012
0.1,20,2.815,2.0,-35.07897,0.1_20,7.723012
0.1,20,2.825,2.0,-17.33436,0.1_20,7.723012
0.1,20,2.835,2.0,28.76856,0.1_20,7.723012
0.1,20,2.845,2.0,50.22399,0.1_20,7.723012
0.1,20,2.855,2.0,21.97543,0.1_20,7.723012
0.1,20,2.865,2.0,-23.2055,0.1_20,7.723012
0.1,20,2.875,2.0,-32.1066,0.1_20,7.723012
0.1,20,2.885,2.0,6.29919,0.1_20,7.723012
0.1,20,2.895,2.0,46.81822,0.1_20,7.723012
0.1,20,2.905,2.0,41.05206,0.1_20,7.723012
0.1,20,2.915,2.0,-4.30638,0.1_20,7.723012
0.1,20,2.925,2.0,-34.49242,0.1_20,7.723012
0.1,20,2.935,2.0,-12.57036,0.1_20,7.723012
0.1,20,2.945,2.0,34.83671,0.1_20,7.723012
0.1,20,2.955,2.0,49.19381,0.1_20,7.723012
0.1,20,2.965,2.0,12.20678,0.1_20,7.723012
0.1,20,2.975,2.0,-30.48407,0.1_20,7.723012
0.1,20,2.985,2.0,-25.42424,0.1_20,7.723012
0.1,20,2.995,2.0,21.19094,0.1_20,7.723012
0.1,20,3.005,2.0,50.26583,0.1_20,7.723012
0.1,20,3.015,2.0,24.4549,0.1_20,7.723012
0.1,20,3.025,2.0,-23.33313,0.1_20,7.723012
0.1,20,3.035,2.0,-31.21799,0.1_20,7.723012
0.1,20,3.045,2.0,11.57016,0.1_20,7.723012
0.1,20,3.055,2.0,49.57675,0.1_20,7.723012
0.1,20,3.065,2.0,32.91246,0.1_20,7.723012
0.1,20,3.075,2.0,-16.56411,0.1_20,7.723012
0.1,20,3.085,2.0,-33.05664,0.1_20,7.723012
0.1,20,3.095,2.0,5.79057,0.1_20,7.723012
0.1,20,3.105,2.0,47.94799,0.1_20,7.723012
0.1,20,3.115,2.0,36.16435,0.1_20,7.723012
0.1,20,3.125,2.0,-14.08759,0.1_20,7.723012
0.1,20,3.135,2.0,-34.45637,0.1_20,7.723012
0.1,20,3.145,2.0,3.09141,0.1_20,7.723012
0.1,20,3.155,2.0,46.72991,0.1_20,7.723012
0.1,20,3.165,2.0,35.58704,0.1_20,7.723012
0.1,20,3.175,2.0,-15.12673,0.1_20,7.723012
0.1,20,3.185,2.0,-34.17847,0.1_20,7.723012
0.1,20,3.195,2.0,5.79004,0.1_20,7.723012
0.1,20,3.205,2.0,48.50351,0.1_20,7.723012
0.1,20,3.215,2.0,33.10873,0.1_20,7.723012
0.1,20,3.225,2.0,-18.37719,0.1_20,7.723012
0.1,20,3.235,2.0,-31.51691,0.1_20,7.723012
0.1,20,3.245,2.0,13.15585,0.1_20,7.723012
0.1,20,3.255,2.0,50.70754,0.1_20,7.723012
0.1,20,3.265,2.0,25.80751,0.1_20,7.723012
0.1,20,3.275,2.0,-25.34319,0.1_20,7.723012
0.1,20,3.285,2.0,-27.19949,0.1_20,7.723012
0.1,20,3.295,2.0,23.04116,0.1_20,7.723012
0.1,20,3.305,2.0,50.05639,0.1_20,7.723012
0.1,20,3.315,2.0,12.76766,0.1_20,7.723012
0.1,20,3.325,2.0,-32.77586,0.1_20,7.723012
0.1,20,3.335,2.0,-17.18793,0.1_20,7.723012
0.1,20,3.345,2.0,36.1824,0.1_20,7.723012
0.1,20,3.355,2.0,45.65217,0.1_20,7.723012
0.1,20,3.365,2.0,-3.40134,0.1_20,7.723012
0.1,20,3.375,2.0,-34.76892,0.1_20,7.723012
0.1,20,3.385,2.0,0.90599,0.1_20,7.723012
0.1,20,3.395,2.0,48.12724,0.1_20,7.723012
0.1,20,3.405,2.0,32.45357,0.1_20,7.723012
0.1,20,3.415,2.0,-21.72411,0.1_20,7.723012
0.1,20,3.425,2.0,-28.48414,0.1_20,7.723012
0.1,20,3.435,2.0,22.98763,0.1_20,7.723012
0.1,20,3.445,2.0,49.86201,0.1_20,7.723012
0.1,20,3.455,2.0,8.25393,0.1_20,7.723012
0.1,20,3.465,2.0,-34.79235,0.1_20,7.723012
0.1,20,3.475,2.0,-9.05006,0.1_20,7.723012
0.1,20,3.485,2.0,43.69613,0.1_20,7.723012
0.1,20,3.495,2.0,36.83223,0.1_20,7.723012
0.1,20,3.505,2.0,-18.30149,0.1_20,7.723012
0.1,20,3.515,2.0,-29.86407,0.1_20,7.723012
0.1,20,3.525,2.0,22.01705,0.1_20,7.723012
0.1,20,3.535,2.0,50.71655,0.1_20,7.723012
0.1,20,3.545,2.0,7.74666,0.1_20,7.723012
0.1,20,3.555,2.0,-34.44848,0.1_20,7.723012
0.1,20,3.565,2.0,-4.15369,0.1_20,7.723012
0.1,20,3.575,2.0,46.85199,0.1_20,7.723012
0.1,20,3.585,2.0,30.61327,0.1_20,7.723012
0.1,20,3.595,2.0,-25.48658,0.1_20,7.723012
0.1,20,3.605,2.0,-24.52103,0.1_20,7.723012
0.1,20,3.615,2.0,32.01625,0.1_20,7.723012
0.1,20,3.625,2.0,45.44391,0.1_20,7.723012
0.1,20,3.635,2.0,-7.8637,0.1_20,7.723012
0.1,20,3.645,2.0,-33.7044,0.1_20,7.723012
0.1,20,3.655,2.0,14.29791,0.1_20,7.723012
0.1,20,3.665,2.0,51.23244,0.1_20,7.723012
0.1,20,3.675,2.0,11.11758,0.1_20,7.723012
0.1,20,3.685,2.0,-34.17234,0.1_20,7.723012
0.1,20,3.695,2.0,-2.90339,0.1_20,7.723012
0.1,20,3.705,2.0,48.30095,0.1_20,7.723012
0.1,20,3.715,2.0,25.85227,0.1_20,7.723012
0.1,20,3.725,2.0,-29.87421,0.1_20,7.723012
0.1,20,3.735,2.0,-16.894,0.1_20,7.723012
0.1,20,3.745,2.0,40.9222,0.1_20,7.723012
0.1,20,3.755,2.0,36.49808,0.1_20,7.723012
0.1,20,3.765,2.0,-22.06985,0.1_20,7.723012
0.1,20,3.775,2.0,-25.1662,0.1_20,7.723012
0.1,20,3.785,2.0,33.66108,0.1_20,7.723012
0.1,20,3.795,2.0,44.08704,0.1_20,7.723012
0.1,20,3.805,2.0,-13.55332,0.1_20,7.723012
0.1,20,3.815,2.0,-29.7385,0.1_20,7.723012
0.1,20,3.825,2.0,26.61159,0.1_20,7.723012
0.1,20,3.835,2.0,47.49291,0.1_20,7.723012
0.1,20,3.845,2.0,-7.81901,0.1_20,7.723012
0.1,20,3.855,2.0,-33.05686,0.1_20,7.723012
0.1,20,3.865,2.0,20.54952,0.1_20,7.723012
0.1,20,3.875,2.0,48.50711,0.1_20,7.723012
0.1,20,3.885,2.0,-4.12491,0.1_20,7.723012
0.1,20,3.895,2.0,-34.05204,0.1_20,7.723012
0.1,20,3.905,2.0,18.22049,0.1_20,7.723012
0.1,20,3.915,2.0,49.81417,0.1_20,7.723012
0.1,20,3.925,2.0,-1.81965,0.1_20,7.723012
0.1,20,3.935,2.0,-33.50632,0.1_20,7.723012
0.1,20,3.945,2.0,18.56821,0.1_20,7.723012
0.1,20,3.955,2.0,49.78988,0.1_20,7.723012
0.1,20,3.965,2.0,-3.30743,0.1_20,7.723012
0.1,20,3.975,2.0,-33.63585,0.1_20,7.723012
0.1,20,3.985,2.0,20.26768,0.1_20,7.723012
0.1,20,3.995,2.0,48.02827,0.1_20,7.723012
0.1,20,4.005,2.0,-7.7221,0.1_20,7.723012
0.3,20,0.0,3.0,7.49838,0.3_20,7.703085
0.3,20,0.005,3.0,7.4339,0.3_20,6.938364
0.3,20,0.01,3.0,7.24042,0.3_20,6.097758
0.3,20,0.015,3.0,6.91766,0.3_20,5.1805797
0.3,20,0.02,3.0,6.46572,0.3_20,4.1860538
0.3,20,0.025,3.0,5.88534,0.3_20,3.113824
0.3,20,0.03,3.0,5.17515,0.3_20,1.9638219
0.3,20,0.035,3.0,4.3364,0.3_20,0.7361003
0.3,20,0.04,3.0,3.36835,0.3_20,-0.5686283
0.3,20,0.045,3.0,2.27173,0.3_20,-1.9496882
0.3,20,0.05,3.0,1.04665,0.3_20,-3.4059627
0.3,20,0.055,3.0,-0.3066,0.3_20,-4.9358644
0.3,20,0.06,3.0,-1.78782,0.3_20,-6.5378904
0.3,20,0.065,3.0,-3.39658,0.3_20,-8.209916
0.3,20,0.07,3.0,-5.1321,0.3_20,-9.950172
0.3,20,0.075,3.0,-6.99339,0.3_20,-11.756269
0.3,20,0.08,3.0,-8.9801,0.3_20,-13.626468
0.3,20,0.085,3.0,-11.09032,0.3_20,-15.559063
0.3,20,0.09,3.0,-13.32294,0.3_20,-17.552696
0.3,20,0.095,3.0,-15.67604,0.3_20,-19.606535
0.3,20,0.1,3.0,-18.14797,0.3_20,-21.720665
0.3,20,0.105,3.0,-20.73626,0.3_20,-23.896156
0.3,20,0.11,3.0,-23.4378,0.3_20,-26.13504
0.3,20,0.115,3.0,-26.24993,0.3_20,-28.44062
0.3,20,0.12,3.0,-29.16861,0.3_20,-30.817598
0.3,20,0.125,3.0,-32.18999,0.3_20,-33.271954
0.3,20,0.13,3.0,-35.30942,0.3_20,-35.811092
0.3,20,0.135,3.0,-38.5215,0.3_20,-38.44331
0.3,20,0.14,3.0,-41.82069,0.3_20,-41.177933
0.3,20,0.145,3.0,-45.20061,0.3_20,-44.024353
0.3,20,0.15,3.0,-48.65384,0.3_20,-46.992363
0.3,20,0.155,3.0,-52.17263,0.3_20,-50.09068
0.3,20,0.16,3.0,-55.74849,0.3_20,-53.32617
0.3,20,0.165,3.0,-59.3724,0.3_20,-56.70381
0.3,20,0.17,3.0,-63.03366,0.3_20,-60.22507
0.3,20,0.175,3.0,-66.72142,0.3_20,-63.88764
0.3,20,0.18,3.0,-70.42387,0.3_20,-67.684135
0.3,20,0.185,3.0,-74.12836,0.3_20,-71.60235
0.3,20,0.19,3.0,-77.82096,0.3_20,-75.62428
0.3,20,0.195,3.0,-81.4872,0.3_20,-79.72584
0.3,20,0.2,3.0,-85.11151,0.3_20,-83.879
0.3,20,0.205,3.0,-88.67722,0.3_20,-88.04934
0.3,20,0.21,3.0,-92.16746,0.3_20,-92.19926
0.3,20,0.215,3.0,-95.56388,0.3_20,-96.28783
0.3,20,0.22,3.0,-98.84727,0.3_20,-100.27271
0.3,20,0.225,3.0,-101.99786,0.3_20,-104.110146
0.3,20,0.23,3.0,-104.99496,0.3_20,-107.757614
0.3,20,0.235,3.0,-107.81718,0.3_20,-111.17407
0.3,20,0.24,3.0,-110.44283,0.3_20,-114.32103
0.3,20,0.245,3.0,-112.84892,0.3_20,-117.16283
0.3,20,0.25,3.0,-115.01261,0.3_20,-119.66707
0.3,20,0.255,3.0,-116.91045,0.3_20,-121.80587
0.3,20,0.26,3.0,-118.5191,0.3_20,-123.552956
0.3,20,0.265,3.0,-119.81474,0.3_20,-124.886246
0.3,20,0.27,3.0,-120.7739,0.3_20,-125.78441
0.3,20,0.275,3.0,-121.37358,0.3_20,-126.229
0.3,20,0.28,3.0,-121.59052,0.3_20,-126.200584
0.3,20,0.285,3.0,-121.40266,0.3_20,-125.682144
0.3,20,0.29,3.0,-120.78899,0.3_20,-124.65503
0.3,20,0.295,3.0,-119.72919,0.3_20,-123.101616
0.3,20,0.3,3.0,-118.20446,0.3_20,-121.00523
0.3,20,0.305,3.0,-116.1976,0.3_20,-118.34956
0.3,20,0.31,3.0,-113.69341,0.3_20,-115.12247
0.3,20,0.315,3.0,-110.67866,0.3_20,-111.31482
0.3,20,0.32,3.0,-107.14282,0.3_20,-106.92322
0.3,20,0.325,3.0,-103.07789,0.3_20,-101.95208
0.3,20,0.33,3.0,-98.47898,0.3_20,-96.41385
0.3,20,0.335,3.0,-93.34468,0.3_20,-90.3299
0.3,20,0.34,3.0,-87.67668,0.3_20,-83.73181
0.3,20,0.345,3.0,-81.48146,0.3_20,-76.660194
0.3,20,0.35,3.0,-74.76884,0.3_20,-69.161
0.3,20,0.355,3.0,-67.55356,0.3_20,-61.28834
0.3,20,0.36,3.0,-59.85472,0.3_20,-53.09798
0.3,20,0.365,3.0,-51.69659,0.3_20,-44.645092
0.3,20,0.37,3.0,-43.10802,0.3_20,-35.981487
0.3,20,0.375,3.0,-34.1235,0.3_20,-27.15595
0.3,20,0.38,3.0,-24.78242,0.3_20,-18.209782
0.3,20,0.385,3.0,-15.12973,0.3_20,-9.177979
0.3,20,0.39,3.0,-5.21537,0.3_20,-0.08996487
0.3,20,0.395,3.0,4.90511,0.3_20,9.028616
0.3,20,0.4,3.0,15.17114,0.3_20,18.153763
0.3,20,0.405,3.0,25.51744,0.3_20,27.263105
0.3,20,0.41,3.0,35.87395,0.3_20,36.327187
0.3,20,0.415,3.0,46.16637,0.3_20,45.315773
0.3,20,0.42,3.0,56.31647,0.3_20,54.189983
0.3,20,0.425,3.0,66.24254,0.3_20,62.901638
0.3,20,0.43,3.0,75.86034,0.3_20,71.396576
0.3,20,0.435,3.0,85.08356,0.3_20,79.6082
0.3,20,0.44,3.0,93.82434,0.3_20,87.465195
0.3,20,0.445,3.0,101.99441,0.3_20,94.88613
0.3,20,0.45,3.0,109.5062,0.3_20,101.78511
0.3,20,0.455,3.0,116.27327,0.3_20,108.07109
0.3,20,0.46,3.0,122.21204,0.3_20,113.65397
0.3,20,0.465,3.0,127.24207,0.3_20,118.44507
0.3,20,0.47,3.0,131.28856,0.3_20,122.361664
0.3,20,0.475,3.0,134.28209,0.3_20,125.33123
0.3,20,0.48,3.0,136.16042,0.3_20,127.294586
0.3,20,0.485,3.0,136.87039,0.3_20,128.20699
0.3,20,0.49,3.0,136.36844,0.3_20,128.04425
0.3,20,0.495,3.0,134.6217,0.3_20,126.798256
0.3,20,0.5,3.0,131.60971,0.3_20,124.48014
0.3,20,0.505,3.0,127.32213,0.3_20,121.11431
0.3,20,0.515,3.0,114.97731,0.3_20,111.382225
0.3,20,0.525,3.0,97.82232,0.3_20,97.896286
0.3,20,0.535,3.0,76.354,0.3_20,80.8569
0.3,20,0.545,3.0,51.33569,0.3_20,60.31233
0.3,20,0.555,3.0,23.78826,0.3_20,36.269318
0.3,20,0.565,3.0,-5.0364,0.3_20,8.945609
0.3,20,0.575,3.0,-33.69978,0.3_20,-20.916483
0.3,20,0.585,3.0,-60.64277,0.3_20,-51.818317
0.3,20,0.595,3.0,-84.26763,0.3_20,-81.44972
0.3,20,0.605,3.0,-103.03759,0.3_20,-106.90507
0.3,20,0.615,3.0,-115.5853,0.3_20,-125.19661
0.3,20,0.625,3.0,-120.82688,0.3_20,-133.94153
0.3,20,0.635,3.0,-118.06947,0.3_20,-131.9033
0.3,20,0.645,3.0,-107.10647,0.3_20,-119.138664
0.3,20,0.655,3.0,-88.28691,0.3_20,-96.773674
0.3,20,0.665,3.0,-62.55109,0.3_20,-66.703606
0.3,20,0.675,3.0,-31.42311,0.3_20,-31.366385
0.3,20,0.685,3.0,3.04843,0.3_20,6.4706106
0.3,20,0.695,3.0,38.39965,0.3_20,44.06296
0.3,20,0.705,3.0,71.91349,0.3_20,79.00647
0.3,20,0.715,3.0,100.82431,0.3_20,109.2318
0.3,20,0.725,3.0,122.555,0.3_20,132.6914
0.3,20,0.735,3.0,134.96541,0.3_20,147.02704
0.3,20,0.745,3.0,136.59137,0.3_20,149.65727
0.3,20,0.755,3.0,126.84745,0.3_20,138.64287
0.3,20,0.765,3.0,106.16801,0.3_20,114.03667
0.3,20,0.775,3.0,76.06099,0.3_20,78.53294
0.3,20,0.785,3.0,39.05785,0.3_20,36.65905
0.3,20,0.795,3.0,-1.45232,0.3_20,-6.7242975
0.3,20,0.805,3.0,-41.49984,0.3_20,-47.432648
0.3,20,0.815,3.0,-76.91103,0.3_20,-82.1207
0.3,20,0.825,3.0,-103.74866,0.3_20,-107.871155
0.3,20,0.835,3.0,-118.77658,0.3_20,-121.719765
0.3,20,0.845,3.0,-119.89458,0.3_20,-120.72978
0.3,20,0.855,3.0,-106.48331,0.3_20,-103.21317
0.3,20,0.865,3.0,-79.60442,0.3_20,-70.81227
0.3,20,0.875,3.0,-42.01062,0.3_20,-29.574305
0.3,20,0.885,3.0,2.06113,0.3_20,11.951316
0.3,20,0.895,3.0,47.3115,0.3_20,46.908867
0.3,20,0.905,3.0,87.98901,0.3_20,73.521904
0.3,20,0.915,3.0,118.62208,0.3_20,95.134346
0.3,20,0.925,3.0,134.78867,0.3_20,116.619606
0.3,20,0.935,3.0,133.81157,0.3_20,137.0575
0.3,20,0.945,3.0,115.27445,0.3_20,140.13986
0.3,20,0.955,3.0,81.25323,0.3_20,103.58127
0.3,20,0.965,3.0,36.19771,0.3_20,39.16321
0.3,20,0.975,3.0,-13.56102,0.3_20,-14.32716
0.3,20,0.985,3.0,-60.64531,0.3_20,-39.01606
0.3,20,0.995,3.0,-97.70946,0.3_20,-41.332825
0.3,20,1.005,3.0,-118.61939,0.3_20,-33.203922
0.3,20,1.015,3.0,-119.53658,0.3_20,-22.726072
0.3,20,1.025,3.0,-99.72251,0.3_20,-13.522988
0.3,20,1.035,3.0,-61.87896,0.3_20,-6.5624237
0.3,20,1.045,3.0,-11.92035,0.3_20,-1.682817
0.3,20,1.055,3.0,41.84584,0.3_20,1.5974594
0.3,20,1.065,3.0,90.04247,0.3_20,3.7516656
0.3,20,1.075,3.0,123.85799,0.3_20,5.149091
0.3,20,1.085,3.0,136.7155,0.3_20,6.0508695
0.3,20,1.095,3.0,125.6572,0.3_20,6.632368
0.3,20,1.105,3.0,92.14649,0.3_20,7.008154
0.3,20,1.115,3.0,42.0671,0.3_20,7.2519608
0.3,20,1.125,3.0,-15.16076,0.3_20,7.410944
0.3,20,1.135,3.0,-68.25997,0.3_20,7.515193
0.3,20,1.145,3.0,-106.2964,0.3_20,7.5839415
0.3,20,1.155,3.0,-120.98821,0.3_20,7.6295376
0.3,20,1.165,3.0,-108.63208,0.3_20,7.6599407
0.3,20,1.175,3.0,-71.18387,0.3_20,7.680315
0.3,20,1.185,3.0,-16.17204,0.3_20,7.6940327
0.3,20,1.195,3.0,44.65452,0.3_20,7.7033043
0.3,20,1.205,3.0,97.74342,0.3_20,7.7095947
0.3,20,1.215,3.0,130.75928,0.3_20,7.713874
0.3,20,1.225,3.0,135.54271,0.3_20,7.716792
0.3,20,1.235,3.0,110.29044,0.3_20,7.7187862
0.3,20,1.245,3.0,60.35312,0.3_20,7.720149
0.3,20,1.255,3.0,-2.67203,0.3_20,7.721081
0.3,20,1.265,3.0,-63.47816,0.3_20,7.721719
0.3,20,1.275,3.0,-106.7172,0.3_20,7.7221537
0.3,20,1.285,3.0,-120.94406,0.3_20,7.7224493
0.3,20,1.295,3.0,-101.82115,0.3_20,7.7226496
0.3,20,1.305,3.0,-53.65482,0.3_20,7.722784
0.3,20,1.315,3.0,11.29759,0.3_20,7.7228746
0.3,20,1.325,3.0,75.75341,0.3_20,7.722934
0.3,20,1.335,3.0,121.92625,0.3_20,7.722972
0.3,20,1.345,3.0,136.49634,0.3_20,7.7229967
0.3,20,1.355,3.0,114.63417,0.3_20,7.723012
0.3,20,1.365,3.0,61.83297,0.3_20,7.7230206
0.3,20,1.375,3.0,-7.1715,0.3_20,7.7230253
0.3,20,1.385,3.0,-72.30652,0.3_20,7.723027
0.3,20,1.395,3.0,-113.94354,0.3_20,7.723027
0.3,20,1.405,3.0,-118.9218,0.3_20,7.7230263
0.3,20,1.415,3.0,-84.95436,0.3_20,7.7230253
0.3,20,1.425,3.0,-21.88466,0.3_20,7.7230244
0.3,20,1.435,3.0,50.86195,0.3_20,7.7230225
0.3,20,1.445,3.0,110.0871,0.3_20,7.7230215
0.3,20,1.455,3.0,136.23343,0.3_20,7.7230196
0.3,20,1.465,3.0,120.03252,0.3_20,7.7230186
0.3,20,1.475,3.0,66.10113,0.3_20,7.7230177
0.3,20,1.485,3.0,-7.97627,0.3_20,7.7230167
0.3,20,1.495,3.0,-77.10202,0.3_20,7.723016
0.3,20,1.505,3.0,-117.08044,0.3_20,7.723016
0.3,20,1.515,3.0,-113.22333,0.3_20,7.723015
0.3,20,1.525,3.0,-66.05579,0.3_20,7.723014
0.3,20,1.535,3.0,8.18375,0.3_20,7.723014
0.3,20,1.545,3.0,82.81053,0.3_20,7.723014
0.3,20,1.555,3.0,130.16023,0.3_20,7.723014
0.3,20,1.565,3.0,131.96602,0.3_20,7.723013
0.3,20,1.575,3.0,86.72798,0.3_20,7.723013
0.3,20,1.585,3.0,11.02117,0.3_20,7.723013
0.3,20,1.595,3.0,-66.19091,0.3_20,7.723013
0.3,20,1.605,3.0,-114.47417,0.3_20,7.723013
0.3,20,1.615,3.0,-114.04494,0.3_20,7.723012
0.3,20,1.625,3.0,-64.24545,0.3_20,7.723012
0.3,20,1.635,3.0,15.37929,0.3_20,7.723012
0.3,20,1.645,3.0,92.35259,0.3_20,7.723012
0.3,20,1.655,3.0,134.36374,0.3_20,7.723012
0.3,20,1.665,3.0,122.98904,0.3_20,7.723012
0.3,20,1.675,3.0,62.16439,0.3_20,7.723012
0.3,20,1.685,3.0,-22.6136,0.3_20,7.723012
0.3,20,1.695,3.0,-94.60447,0.3_20,7.723012
0.3,20,1.705,3.0,-121.69373,0.3_20,7.723012
0.3,20,1.715,3.0,-91.01405,0.3_20,7.723012
0.3,20,1.725,3.0,-15.5636,0.3_20,7.723012
0.3,20,1.735,3.0,70.75697,0.3_20,7.723012
0.3,20,1.745,3.0,128.08704,0.3_20,7.723012
0.3,20,1.755,3.0,129.1002,0.3_20,7.723012
0.3,20,1.765,3.0,72.44872,0.3_20,7.723012
0.3,20,1.775,3.0,-15.59797,0.3_20,7.723012
0.3,20,1.785,3.0,-92.83778,0.3_20,7.723012
0.3,20,1.795,3.0,-121.22727,0.3_20,7.723012
0.3,20,1.805,3.0,-85.90716,0.3_20,7.723012
0.3,20,1.815,3.0,-3.52521,0.3_20,7.723012
0.3,20,1.825,3.0,85.02759,0.3_20,7.723012
0.3,20,1.835,3.0,134.65355,0.3_20,7.723012
0.3,20,1.845,3.0,119.19738,0.3_20,7.723012
0.3,20,1.855,3.0,45.782,0.3_20,7.723012
0.3,20,1.865,3.0,-47.74774,0.3_20,7.723012
0.3,20,1.875,3.0,-111.88326,0.3_20,7.723012
0.3,20,1.885,3.0,-111.69391,0.3_20,7.723012
0.3,20,1.895,3.0,-46.36279,0.3_20,7.723012
0.3,20,1.905,3.0,49.16016,0.3_20,7.723012
0.3,20,1.915,3.0,122.31345,0.3_20,7.723012
0.3,20,1.925,3.0,131.78394,0.3_20,7.723012
0.3,20,1.935,3.0,71.26183,0.3_20,7.723012
0.3,20,1.945,3.0,-25.74753,0.3_20,7.723012
0.3,20,1.955,3.0,-103.88577,0.3_20,7.723012
0.3,20,1.965,3.0,-117.45063,0.3_20,7.723012
0.3,20,1.975,3.0,-57.62819,0.3_20,7.723012
0.3,20,1.985,3.0,41.0274,0.3_20,7.723012
0.3,20,1.995,3.0,119.89093,0.3_20,7.723012
0.3,20,2.005,3.0,130.98096,0.3_20,7.723012
0.3,20,2.015,3.0,66.62267,0.3_20,7.723012
0.3,20,2.025,3.0,-34.50158,0.3_20,7.723012
0.3,20,2.035,3.0,-109.91884,0.3_20,7.723012
0.3,20,2.045,3.0,-111.86008,0.3_20,7.723012
0.3,20,2.055,3.0,-38.06411,0.3_20,7.723012
0.3,20,2.065,3.0,65.31093,0.3_20,7.723012
0.3,20,2.075,3.0,131.98062,0.3_20,7.723012
0.3,20,2.085,3.0,118.1218,0.3_20,7.723012
0.3,20,2.095,3.0,31.88061,0.3_20,7.723012
0.3,20,2.105,3.0,-70.41003,0.3_20,7.723012
0.3,20,2.115,3.0,-120.44957,0.3_20,7.723012
0.3,20,2.125,3.0,-83.7633,0.3_20,7.723012
0.3,20,2.135,3.0,15.73112,0.3_20,7.723012
0.3,20,2.145,3.0,110.39644,0.3_20,7.723012
0.3,20,2.155,3.0,134.50304,0.3_20,7.723012
0.3,20,2.165,3.0,70.27239,0.3_20,7.723012
0.3,20,2.175,3.0,-38.13998,0.3_20,7.723012
0.3,20,2.185,3.0,-114.21271,0.3_20,7.723012
0.3,20,2.195,3.0,-103.03791,0.3_20,7.723012
0.3,20,2.205,3.0,-11.74965,0.3_20,7.723012
0.3,20,2.215,3.0,93.86971,0.3_20,7.723012
0.3,20,2.225,3.0,136.17462,0.3_20,7.723012
0.3,20,2.235,3.0,82.98491,0.3_20,7.723012
0.3,20,2.245,3.0,-27.01208,0.3_20,7.723012
0.3,20,2.255,3.0,-111.42934,0.3_20,7.723012
0.3,20,2.265,3.0,-105.66185,0.3_20,7.723012
0.3,20,2.275,3.0,-13.03435,0.3_20,7.723012
0.3,20,2.285,3.0,95.84653,0.3_20,7.723012
0.3,20,2.295,3.0,136.33331,0.3_20,7.723012
0.3,20,2.305,3.0,75.92879,0.3_20,7.723012
0.3,20,2.315,3.0,-38.51657,0.3_20,7.723012
0.3,20,2.325,3.0,-116.06011,0.3_20,7.723012
0.3,20,2.335,3.0,-93.74792,0.3_20,7.723012
0.3,20,2.345,3.0,11.43786,0.3_20,7.723012
0.3,20,2.355,3.0,114.31583,0.3_20,7.723012
0.3,20,2.365,3.0,129.98721,0.3_20,7.723012
0.3,20,2.375,3.0,44.43789,0.3_20,7.723012
0.3,20,2.385,3.0,-71.82732,0.3_20,7.723012
0.3,20,2.395,3.0,-121.05956,0.3_20,7.723012
0.3,20,2.405,3.0,-60.76057,0.3_20,7.723012
0.3,20,2.415,3.0,58.39067,0.3_20,7.723012
0.3,20,2.425,3.0,133.94228,0.3_20,7.723012
0.3,20,2.435,3.0,99.57935,0.3_20,7.723012
0.3,20,2.445,3.0,-15.76368,0.3_20,7.723012
0.3,20,2.455,3.0,-111.01585,0.3_20,7.723012
0.3,20,2.465,3.0,-101.13189,0.3_20,7.723012
0.3,20,2.475,3.0,6.13586,0.3_20,7.723012
0.3,20,2.485,3.0,114.89103,0.3_20,7.723012
0.3,20,2.495,3.0,126.24131,0.3_20,7.723012
0.3,20,2.505,3.0,28.9351,0.3_20,7.723012
0.3,20,2.515,3.0,-88.07806,0.3_20,7.723012
0.3,20,2.525,3.0,-115.95469,0.3_20,7.723012
0.3,20,2.535,3.0,-27.57208,0.3_20,7.723012
0.3,20,2.545,3.0,94.80927,0.3_20,7.723012
0.3,20,2.555,3.0,135.16829,0.3_20,7.723012
0.3,20,2.565,3.0,54.05641,0.3_20,7.723012
0.3,20,2.575,3.0,-71.5015,0.3_20,7.723012
0.3,20,2.585,3.0,-120.02867,0.3_20,7.723012
0.3,20,2.595,3.0,-43.42501,0.3_20,7.723012
0.3,20,2.605,3.0,83.85746,0.3_20,7.723012
0.3,20,2.615,3.0,135.8568,0.3_20,7.723012
0.3,20,2.625,3.0,59.78988,0.3_20,7.723012
0.3,20,2.635,3.0,-69.13201,0.3_20,7.723012
0.3,20,2.645,3.0,-120.87603,0.3_20,7.723012
0.3,20,2.655,3.0,-41.97601,0.3_20,7.723012
0.3,20,2.665,3.0,87.74617,0.3_20,7.723012
0.3,20,2.675,3.0,134.7097,0.3_20,7.723012
0.3,20,2.685,3.0,49.4158,0.3_20,7.723012
0.3,20,2.695,3.0,-79.7969,0.3_20,7.723012
0.3,20,2.705,3.0,-116.83701,0.3_20,7.723012
0.3,20,2.715,3.0,-21.38235,0.3_20,7.723012
0.3,20,2.725,3.0,105.8026,0.3_20,7.723012
0.3,20,2.735,3.0,128.22353,0.3_20,7.723012
0.3,20,2.745,3.0,20.7324,0.3_20,7.723012
0.3,20,2.755,3.0,-100.60863,0.3_20,7.723012
0.3,20,2.765,3.0,-102.80409,0.3_20,7.723012
0.3,20,2.775,3.0,17.47647,0.3_20,7.723012
0.3,20,2.785,3.0,127.37493,0.3_20,7.723012
0.3,20,2.795,3.0,103.66934,0.3_20,7.723012
0.3,20,2.805,3.0,-28.24929,0.3_20,7.723012
0.3,20,2.815,3.0,-119.93796,0.3_20,7.723012
0.3,20,2.825,3.0,-66.58972,0.3_20,7.723012
0.3,20,2.835,3.0,71.69647,0.3_20,7.723012
0.3,20,2.845,3.0,135.90109,0.3_20,7.723012
0.3,20,2.855,3.0,50.88995,0.3_20,7.723012
0.3,20,2.865,3.0,-84.99769,0.3_20,7.723012
0.3,20,2.875,3.0,-112.07401,0.3_20,7.723012
0.3,20,2.885,3.0,2.79755,0.3_20,7.723012
0.3,20,2.895,3.0,124.06459,0.3_20,7.723012
0.3,20,2.905,3.0,106.57795,0.3_20,7.723012
0.3,20,2.915,3.0,-29.56311,0.3_20,7.723012
0.3,20,2.925,3.0,-120.0654,0.3_20,7.723012
0.3,20,2.935,3.0,-54.11255,0.3_20,7.723012
0.3,20,2.945,3.0,88.39492,0.3_20,7.723012
0.3,20,2.955,3.0,131.81895,0.3_20,7.723012
0.3,20,2.965,3.0,21.24272,0.3_20,7.723012
0.3,20,2.975,3.0,-106.47955,0.3_20,7.723012
0.3,20,2.985,3.0,-91.02538,0.3_20,7.723012
0.3,20,2.995,3.0,48.97446,0.3_20,7.723012
0.3,20,3.005,3.0,136.196,0.3_20,7.723012
0.3,20,3.015,3.0,58.61709,0.3_20,7.723012
0.3,20,3.025,3.0,-85.02607,0.3_20,7.723012
0.3,20,3.035,3.0,-109.0453,0.3_20,7.723012
0.3,20,3.045,3.0,18.93137,0.3_20,7.723012
0.3,20,3.055,3.0,132.58199,0.3_20,7.723012
0.3,20,3.065,3.0,82.30408,0.3_20,7.723012
0.3,20,3.075,3.0,-66.29644,0.3_20,7.723012
0.3,20,3.085,3.0,-115.8102,0.3_20,7.723012
0.3,20,3.095,3.0,0.8461,0.3_20,7.723012
0.3,20,3.105,3.0,127.55549,0.3_20,7.723012
0.3,20,3.115,3.0,92.54668,0.3_20,7.723012
0.3,20,3.125,3.0,-57.81298,0.3_20,7.723012
0.3,20,3.135,3.0,-118.53195,0.3_20,7.723012
0.3,20,3.145,3.0,-5.55881,0.3_20,7.723012
0.3,20,3.155,3.0,125.55676,0.3_20,7.723012
0.3,20,3.165,3.0,92.17376,0.3_20,7.723012
0.3,20,3.175,3.0,-60.09156,0.3_20,7.723012
0.3,20,3.185,3.0,-117.5239,0.3_20,7.723012
0.3,20,3.195,3.0,2.01207,0.3_20,7.723012
0.3,20,3.205,3.0,129.73727,0.3_20,7.723012
0.3,20,3.215,3.0,83.17191,0.3_20,7.723012
0.3,20,3.225,3.0,-71.58102,0.3_20,7.723012
0.3,20,3.235,3.0,-111.16747,0.3_20,7.723012
0.3,20,3.245,3.0,22.84495,0.3_20,7.723012
0.3,20,3.255,3.0,135.64262,0.3_20,7.723012
0.3,20,3.265,3.0,61.22958,0.3_20,7.723012
0.3,20,3.275,3.0,-91.84364,0.3_20,7.723012
0.3,20,3.285,3.0,-96.99432,0.3_20,7.723012
0.3,20,3.295,3.0,54.1185,0.3_20,7.723012
0.3,20,3.305,3.0,135.44656,0.3_20,7.723012
0.3,20,3.315,3.0,23.71514,0.3_20,7.723012
0.3,20,3.325,3.0,-112.97338,0.3_20,7.723012
0.3,20,3.335,3.0,-66.43715,0.3_20,7.723012
0.3,20,3.345,3.0,93.31229,0.3_20,7.723012
0.3,20,3.355,3.0,121.29413,0.3_20,7.723012
0.3,20,3.365,3.0,-26.27584,0.3_20,7.723012
0.3,20,3.375,3.0,-120.71323,0.3_20,7.723012
0.3,20,3.385,3.0,-13.87859,0.3_20,7.723012
0.3,20,3.395,3.0,127.7544,0.3_20,7.723012
0.3,20,3.405,3.0,80.87995,0.3_20,7.723012
0.3,20,3.415,3.0,-81.35841,0.3_20,7.723012
0.3,20,3.425,3.0,-101.24056,0.3_20,7.723012
0.3,20,3.435,3.0,53.61397,0.3_20,7.723012
0.3,20,3.445,3.0,134.62674,0.3_20,7.723012
0.3,20,3.455,3.0,10.0799,0.3_20,7.723012
0.3,20,3.465,3.0,-118.96853,0.3_20,7.723012
0.3,20,3.475,3.0,-41.84503,0.3_20,7.723012
0.3,20,3.485,3.0,116.10404,0.3_20,7.723012
0.3,20,3.495,3.0,95.10521,0.3_20,7.723012
0.3,20,3.505,3.0,-70.74141,0.3_20,7.723012
0.3,20,3.515,3.0,-105.83089,0.3_20,7.723012
0.3,20,3.525,3.0,49.53492,0.3_20,7.723012
0.3,20,3.535,3.0,135.51643,0.3_20,7.723012
0.3,20,3.545,3.0,6.68504,0.3_20,7.723012
0.3,20,3.555,3.0,-119.6544,0.3_20,7.723012
0.3,20,3.565,3.0,-28.38227,0.3_20,7.723012
0.3,20,3.575,3.0,125.08125,0.3_20,7.723012
0.3,20,3.585,3.0,76.79454,0.3_20,7.723012
0.3,20,3.595,3.0,-91.1893,0.3_20,7.723012
0.3,20,3.605,3.0,-88.15883,0.3_20,7.723012
0.3,20,3.615,3.0,81.37234,0.3_20,7.723012
0.3,20,3.625,3.0,121.37199,0.3_20,7.723012
0.3,20,3.635,3.0,-38.96483,0.3_20,7.723012
0.3,20,3.645,3.0,-116.95254,0.3_20,7.723012
0.3,20,3.655,3.0,26.64701,0.3_20,7.723012
0.3,20,3.665,3.0,137.1653,0.3_20,7.723012
0.3,20,3.675,3.0,16.72692,0.3_20,7.723012
0.3,20,3.685,3.0,-119.04288,0.3_20,7.723012
0.3,20,3.695,3.0,-24.9442,0.3_20,7.723012
0.3,20,3.705,3.0,129.08427,0.3_20,7.723012
0.3,20,3.715,3.0,62.20825,0.3_20,7.723012
0.3,20,3.725,3.0,-104.55642,0.3_20,7.723012
0.3,20,3.735,3.0,-65.34378,0.3_20,7.723012
0.3,20,3.745,3.0,108.16019,0.3_20,7.723012
0.3,20,3.755,3.0,94.71389,0.3_20,7.723012
0.3,20,3.765,3.0,-81.35245,0.3_20,7.723012
0.3,20,3.775,3.0,-91.10741,0.3_20,7.723012
0.3,20,3.785,3.0,84.91464,0.3_20,7.723012
0.3,20,3.795,3.0,115.83245,0.3_20,7.723012
0.3,20,3.805,3.0,-57.26837,0.3_20,7.723012
0.3,20,3.815,3.0,-105.79498,0.3_20,7.723012
0.3,20,3.825,3.0,63.49681,0.3_20,7.723012
0.3,20,3.835,3.0,126.5374,0.3_20,7.723012
0.3,20,3.845,3.0,-38.91723,0.3_20,7.723012
0.3,20,3.855,3.0,-114.18398,0.3_20,7.723012
0.3,20,3.865,3.0,46.95211,0.3_20,7.723012
0.3,20,3.875,3.0,130.91479,0.3_20,7.723012
0.3,20,3.885,3.0,-27.13035,0.3_20,7.723012
0.3,20,3.895,3.0,-117.27588,0.3_20,7.723012
0.3,20,3.905,3.0,39.06992,0.3_20,7.723012
0.3,20,3.915,3.0,133.37149,0.3_20,7.723012
0.3,20,3.925,3.0,-21.89191,0.3_20,7.723012
0.3,20,3.935,3.0,-117.13097,0.3_20,7.723012
0.3,20,3.945,3.0,39.14874,0.3_20,7.723012
0.3,20,3.955,3.0,133.0799,0.3_20,7.723012
0.3,20,3.965,3.0,-25.77805,0.3_20,7.723012
0.3,20,3.975,3.0,-116.27179,0.3_20,7.723012
0.3,20,3.985,3.0,45.88271,0.3_20,7.723012
0.3,20,3.995,3.0,129.42989,0.3_20,7.723012
0.3,20,4.005,3.0,-37.79546,0.3_20,7.723012
0.5,20,0.0,4.0,7.49838,0.5_20,15.472073
0.5,20,0.005,4.0,7.39086,0.5_20,13.630925
0.5,20,0.01,4.0,7.06815,0.5_20,11.705644
0.5,20,0.015,4.0,6.53026,0.5_20,9.691942
0.5,20,0.02,4.0,5.77737,0.5_20,7.5858393
0.5,20,0.025,4.0,4.80959,0.5_20,5.3833523
0.5,20,0.03,4.0,3.62635,0.5_20,3.0806336
0.5,20,0.035,4.0,2.22799,0.5_20,0.6739749
0.5,20,0.04,4.0,0.61477,0.5_20,-1.8398421
0.5,20,0.045,4.0,-1.21285,0.5_20,-4.4636154
0.5,20,0.05,4.0,-3.25457,0.5_20,-7.1999645
0.5,20,0.055,4.0,-5.51019,0.5_20,-10.050545
0.5,20,0.06,4.0,-7.97899,0.5_20,-13.016542
0.5,20,0.065,4.0,-10.66025,0.5_20,-16.098972
0.5,20,0.07,4.0,-13.55273,0.5_20,-19.297354
0.5,20,0.075,4.0,-16.65527,0.5_20,-22.610878
0.5,20,0.08,4.0,-19.96626,0.5_20,-26.03853
0.5,20,0.085,4.0,-23.4835,0.5_20,-29.578266
0.5,20,0.09,4.0,-27.20501,0.5_20,-33.228073
0.5,20,0.095,4.0,-31.12731,0.5_20,-36.985134
0.5,20,0.1,4.0,-35.24759,0.5_20,-40.846973
0.5,20,0.105,4.0,-39.56144,0.5_20,-44.811474
0.5,20,0.11,4.0,-44.06459,0.5_20,-48.876266
0.5,20,0.115,4.0,-48.75152,0.5_20,-53.04085
0.5,20,0.12,4.0,-53.61667,0.5_20,-57.304985
0.5,20,0.125,4.0,-58.65277,0.5_20,-61.669937
0.5,20,0.13,4.0,-63.85241,0.5_20,-66.13837
0.5,20,0.135,4.0,-69.20692,0.5_20,-70.715385
0.5,20,0.14,4.0,-74.70641,0.5_20,-75.40637
0.5,20,0.145,4.0,-80.34019,0.5_20,-80.21908
0.5,20,0.15,4.0,-86.09669,0.5_20,-85.16217
0.5,20,0.155,4.0,-91.96282,0.5_20,-90.24526
0.5,20,0.16,4.0,-97.92403,0.5_20,-95.47685
0.5,20,0.165,4.0,-103.96496,0.5_20,-100.865486
0.5,20,0.17,4.0,-110.0685,0.5_20,-106.41714
0.5,20,0.175,4.0,-116.21648,0.5_20,-112.1343
0.5,20,0.18,4.0,-122.3889,0.5_20,-118.015945
0.5,20,0.185,4.0,-128.56451,0.5_20,-124.05447
0.5,20,0.19,4.0,-134.72058,0.5_20,-130.23624
0.5,20,0.195,4.0,-140.83273,0.5_20,-136.53973
0.5,20,0.2,4.0,-146.87511,0.5_20,-142.93604
0.5,20,0.205,4.0,-152.82051,0.5_20,-149.3876
0.5,20,0.21,4.0,-158.63956,0.5_20,-155.84885
0.5,20,0.215,4.0,-164.3026,0.5_20,-162.26683
0.5,20,0.22,4.0,-169.77751,0.5_20,-168.58293
0.5,20,0.225,4.0,-175.03094,0.5_20,-174.73245
0.5,20,0.23,4.0,-180.02864,0.5_20,-180.64862
0.5,20,0.235,4.0,-184.73492,0.5_20,-186.26271
0.5,20,0.24,4.0,-189.11325,0.5_20,-191.50687
0.5,20,0.245,4.0,-193.12602,0.5_20,-196.31503
0.5,20,0.25,4.0,-196.73451,0.5_20,-200.62607
0.5,20,0.255,4.0,-199.90033,0.5_20,-204.38382
0.5,20,0.26,4.0,-202.58383,0.5_20,-207.53833
0.5,20,0.265,4.0,-204.74568,0.5_20,-210.04694
0.5,20,0.27,4.0,-206.34683,0.5_20,-211.87387
0.5,20,0.275,4.0,-207.34828,0.5_20,-212.98944
0.5,20,0.28,4.0,-207.71213,0.5_20,-213.37071
0.5,20,0.285,4.0,-207.40143,0.5_20,-212.998
0.5,20,0.29,4.0,-206.3806,0.5_20,-211.85507
0.5,20,0.295,4.0,-204.6162,0.5_20,-209.92717
0.5,20,0.3,4.0,-202.07675,0.5_20,-207.1986
0.5,20,0.305,4.0,-198.73373,0.5_20,-203.6534
0.5,20,0.31,4.0,-194.56174,0.5_20,-199.2725
0.5,20,0.315,4.0,-189.53857,0.5_20,-194.03444
0.5,20,0.32,4.0,-183.64684,0.5_20,-187.91505
0.5,20,0.325,4.0,-176.87337,0.5_20,-180.88911
0.5,20,0.33,4.0,-169.20982,0.5_20,-172.9331
0.5,20,0.335,4.0,-160.65361,0.5_20,-164.02519
0.5,20,0.34,4.0,-151.2083,0.5_20,-154.15121
0.5,20,0.345,4.0,-140.88402,0.5_20,-143.3062
0.5,20,0.35,4.0,-129.69765,0.5_20,-131.49858
0.5,20,0.355,4.0,-117.67353,0.5_20,-118.753525
0.5,20,0.36,4.0,-104.84367,0.5_20,-105.11433
0.5,20,0.365,4.0,-91.24831,0.5_20,-90.64465
0.5,20,0.37,4.0,-76.93599,0.5_20,-75.430435
0.5,20,0.375,4.0,-61.96396,0.5_20,-59.575546
0.5,20,0.38,4.0,-46.39783,0.5_20,-43.201683
0.5,20,0.385,4.0,-30.31273,0.5_20,-26.443216
0.5,20,0.39,4.0,-13.79217,0.5_20,-9.441533
0.5,20,0.395,4.0,3.07149,0.5_20,7.6588926
0.5,20,0.4,4.0,20.17737,0.5_20,24.719995
0.5,20,0.405,4.0,37.41658,0.5_20,41.615936
0.5,20,0.41,4.0,54.67227,0.5_20,58.233337
0.5,20,0.415,4.0,71.82057,0.5_20,74.47876
0.5,20,0.42,4.0,88.73107,0.5_20,90.27677
0.5,20,0.425,4.0,105.26783,0.5_20,105.563354
0.5,20,0.43,4.0,121.29035,0.5_20,120.28903
0.5,20,0.435,4.0,136.6545,0.5_20,134.40053
0.5,20,0.44,4.0,151.21452,0.5_20,147.84772
0.5,20,0.445,4.0,164.82306,0.5_20,160.56027
0.5,20,0.45,4.0,177.33386,0.5_20,172.45651
0.5,20,0.455,4.0,188.60333,0.5_20,183.42836
0.5,20,0.46,4.0,198.49205,0.5_20,193.34134
0.5,20,0.465,4.0,206.86646,0.5_20,202.0383
0.5,20,0.47,4.0,213.60127,0.5_20,209.33806
0.5,20,0.475,4.0,218.58112,0.5_20,215.04196
0.5,20,0.48,4.0,221.70268,0.5_20,218.94588
0.5,20,0.485,4.0,222.87712,0.5_20,220.8494
0.5,20,0.49,4.0,222.032,0.5_20,220.57281
0.5,20,0.495,4.0,219.11238,0.5_20,217.97343
0.5,20,0.5,4.0,214.08432,0.5_20,212.96278
0.5,20,0.505,4.0,206.93211,0.5_20,205.51904
0.5,20,0.515,4.0,186.34273,0.5_20,183.65198
0.5,20,0.525,4.0,157.73706,0.5_20,153.77989
0.5,20,0.535,4.0,121.94304,0.5_20,118.19592
0.5,20,0.545,4.0,80.23208,0.5_20,79.1093
0.5,20,0.555,4.0,34.30475,0.5_20,37.610634
0.5,20,0.565,4.0,-13.75276,0.5_20,-6.470766
0.5,20,0.575,4.0,-61.54337,0.5_20,-53.454372
0.5,20,0.585,4.0,-106.46809,0.5_20,-102.240875
0.5,20,0.595,4.0,-145.86365,0.5_20,-149.19572
0.5,20,0.605,4.0,-177.16782,0.5_20,-188.16245
0.5,20,0.615,4.0,-198.10075,0.5_20,-212.24466
0.5,20,0.625,4.0,-206.85405,0.5_20,-216.9801
0.5,20,0.635,4.0,-202.27267,0.5_20,-202.60959
0.5,20,0.645,4.0,-184.01146,0.5_20,-173.3263
0.5,20,0.655,4.0,-152.65271,0.5_20,-134.48288
0.5,20,0.665,4.0,-109.76422,0.5_20,-90.36678
0.5,20,0.675,4.0,-57.88675,0.5_20,-43.564102
0.5,20,0.685,4.0,-0.43633,0.5_20,4.5934324
0.5,20,0.695,4.0,58.47984,0.5_20,53.25283
0.5,20,0.705,4.0,114.33306,0.5_20,101.2794
0.5,20,0.715,4.0,162.51517,0.5_20,146.73662
0.5,20,0.725,4.0,198.7321,0.5_20,186.69041
0.5,20,0.735,4.0,219.41847,0.5_20,217.12854
0.5,20,0.745,4.0,222.13536,0.5_20,232.24069
0.5,20,0.755,4.0,205.9081,0.5_20,224.1473
0.5,20,0.765,4.0,171.46007,0.5_20,187.41647
0.5,20,0.775,4.0,121.30376,0.5_20,125.891975
0.5,20,0.785,4.0,59.65607,0.5_20,51.609398
0.5,20,0.795,4.0,-7.83622,0.5_20,-22.681734
0.5,20,0.805,4.0,-74.55828,0.5_20,-88.01625
0.5,20,0.815,4.0,-133.55411,0.5_20,-139.30385
0.5,20,0.825,4.0,-178.2599,0.5_20,-173.96565
0.5,20,0.835,4.0,-203.28067,0.5_20,-190.78798
0.5,20,0.845,4.0,-205.1144,0.5_20,-189.29195
0.5,20,0.855,4.0,-182.72792,0.5_20,-169.47653
0.5,20,0.865,4.0,-137.89171,0.5_20,-131.84326
0.5,20,0.875,4.0,-75.19584,0.5_20,-77.724045
0.5,20,0.885,4.0,-1.70577,0.5_20,-10.040504
0.5,20,0.895,4.0,73.74486,0.5_20,65.4814
0.5,20,0.905,4.0,141.56897,0.5_20,138.94151
0.5,20,0.915,4.0,192.64825,0.5_20,196.28842
0.5,20,0.925,4.0,219.61485,0.5_20,223.32649
0.5,20,0.935,4.0,218.00925,0.5_20,213.65219
0.5,20,0.945,4.0,187.13768,0.5_20,172.60512
0.5,20,0.955,4.0,130.45837,0.5_20,111.98191
0.5,20,0.965,4.0,55.38468,0.5_20,42.72521
0.5,20,0.975,4.0,-27.53542,0.5_20,-28.484636
0.5,20,0.985,4.0,-106.00732,0.5_20,-97.81127
0.5,20,0.995,4.0,-167.78717,0.5_20,-159.05489
0.5,20,1.005,4.0,-202.64798,0.5_20,-198.39839
0.5,20,1.015,4.0,-204.18921,0.5_20,-199.09267
0.5,20,1.025,4.0,-171.17813,0.5_20,-159.08171
0.5,20,1.035,4.0,-108.11919,0.5_20,-94.62753
0.5,20,1.045,4.0,-24.87309,0.5_20,-22.027195
0.5,20,1.055,4.0,64.71124,0.5_20,52.727448
0.5,20,1.065,4.0,145.00485,0.5_20,130.39105
0.5,20,1.075,4.0,201.32463,0.5_20,207.26187
0.5,20,1.085,4.0,222.71356,0.5_20,253.83708
0.5,20,1.095,4.0,204.24571,0.5_20,224.43205
0.5,20,1.105,4.0,148.36018,0.5_20,135.78984
0.5,20,1.115,4.0,64.86048,0.5_20,47.379765
0.5,20,1.125,4.0,-30.55672,0.5_20,-12.51842
0.5,20,1.135,4.0,-119.09748,0.5_20,-42.831207
0.5,20,1.145,4.0,-182.53534,0.5_20,-51.396255
0.5,20,1.155,4.0,-207.06197,0.5_20,-47.27486
0.5,20,1.165,4.0,-186.5007,0.5_20,-37.681618
0.5,20,1.175,4.0,-124.11138,0.5_20,-27.107197
0.5,20,1.185,4.0,-32.44422,0.5_20,-17.738464
0.5,20,1.195,4.0,68.91496,0.5_20,-10.295698
0.5,20,1.205,4.0,157.37831,0.5_20,-4.752534
0.5,20,1.215,4.0,212.39085,0.5_20,-0.79020834
0.5,20,1.225,4.0,220.35974,0.5_20,1.966753
0.5,20,1.235,4.0,178.28152,0.5_20,3.8512745
0.5,20,1.245,4.0,95.07188,0.5_20,5.1248474
0.5,20,1.255,4.0,-9.94606,0.5_20,5.979714
0.5,20,1.265,4.0,-111.26445,0.5_20,6.551529
0.5,20,1.275,4.0,-183.30173,0.5_20,6.9336348
0.5,20,1.285,4.0,-206.97765,0.5_20,7.1891947
0.5,20,1.295,4.0,-175.05963,0.5_20,7.3604984
0.5,20,1.305,4.0,-94.72733,0.5_20,7.4756994
0.5,20,1.315,4.0,13.58273,0.5_20,7.5534763
0.5,20,1.325,4.0,121.0606,0.5_20,7.6062202
0.5,20,1.335,4.0,198.06197,0.5_20,7.6421585
0.5,20,1.345,4.0,222.39238,0.5_20,7.666766
0.5,20,1.355,4.0,186.0054,0.5_20,7.6836996
0.5,20,1.365,4.0,98.05267,0.5_20,7.6954107
0.5,20,1.375,4.0,-16.9149,0.5_20,7.7035494
0.5,20,1.385,4.0,-125.44858,0.5_20,7.7092323
0.5,20,1.395,4.0,-194.83189,0.5_20,7.7132187
0.5,20,1.405,4.0,-203.1236,0.5_20,7.7160263
0.5,20,1.415,4.0,-146.50941,0.5_20,7.718013
0.5,20,1.425,4.0,-41.39948,0.5_20,7.7194242
0.5,20,1.435,4.0,79.82294,0.5_20,7.7204294
0.5,20,1.445,4.0,178.49345,0.5_20,7.7211485
0.5,20,1.455,4.0,222.02391,0.5_20,7.7216644
0.5,20,1.465,4.0,194.97563,0.5_20,7.7220354
0.5,20,1.475,4.0,105.04373,0.5_20,7.7223034
0.5,20,1.485,4.0,-18.47104,0.5_20,7.722497
0.5,20,1.495,4.0,-133.74182,0.5_20,7.722637
0.5,20,1.505,4.0,-200.43651,0.5_20,7.722739
0.5,20,1.515,4.0,-194.06461,0.5_20,7.7228127
0.5,20,1.525,4.0,-115.49799,0.5_20,7.722867
0.5,20,1.535,4.0,8.19385,0.5_20,7.722906
0.5,20,1.545,4.0,132.53084,0.5_20,7.7229347
0.5,20,1.555,4.0,211.41077,0.5_20,7.7229557
0.5,20,1.565,4.0,214.39838,0.5_20,7.722971
0.5,20,1.575,4.0,138.99771,0.5_20,7.7229824
0.5,20,1.585,4.0,12.82767,0.5_20,7.722991
0.5,20,1.595,4.0,-115.84644,0.5_20,7.7229967
0.5,20,1.605,4.0,-196.29852,0.5_20,7.7230005
0.5,20,1.615,4.0,-195.54739,0.5_20,7.7230034
0.5,20,1.625,4.0,-112.49481,0.5_20,7.7230062
0.5,20,1.635,4.0,20.27431,0.5_20,7.723007
0.5,20,1.645,4.0,148.623,0.5_20,7.723009
0.5,20,1.655,4.0,218.7023,0.5_20,7.72301
0.5,20,1.665,4.0,199.81297,0.5_20,7.723011
0.5,20,1.675,4.0,98.51196,0.5_20,7.723011
0.5,20,1.685,4.0,-42.71945,0.5_20,7.723012
0.5,20,1.695,4.0,-162.65598,0.5_20,7.723012
0.5,20,1.705,4.0,-207.76799,0.5_20,7.723012
0.5,20,1.715,4.0,-156.60338,0.5_20,7.723012
0.5,20,1.725,4.0,-30.83258,0.5_20,7.723012
0.5,20,1.735,4.0,113.03103,0.5_20,7.723012
0.5,20,1.745,4.0,208.55388,0.5_20,7.723012
0.5,20,1.755,4.0,210.20461,0.5_20,7.723012
0.5,20,1.765,4.0,115.74277,0.5_20,7.723012
0.5,20,1.775,4.0,-31.05779,0.5_20,7.723012
0.5,20,1.785,4.0,-159.86372,0.5_20,7.723012
0.5,20,1.795,4.0,-207.25735,0.5_20,7.723012
0.5,20,1.805,4.0,-148.45993,0.5_20,7.723012
0.5,20,1.815,4.0,-11.22056,0.5_20,7.723012
0.5,20,1.825,4.0,136.30106,0.5_20,7.723012
0.5,20,1.835,4.0,218.94914,0.5_20,7.723012
0.5,20,1.845,4.0,193.14587,0.5_20,7.723012
0.5,20,1.855,4.0,70.7645,0.5_20,7.723012
0.5,20,1.865,4.0,-85.13121,0.5_20,7.723012
0.5,20,1.875,4.0,-192.02739,0.5_20,7.723012
0.5,20,1.885,4.0,-191.69305,0.5_20,7.723012
0.5,20,1.895,4.0,-82.76447,0.5_20,7.723012
0.5,20,1.905,4.0,76.49448,0.5_20,7.723012
0.5,20,1.915,4.0,198.47462,0.5_20,7.723012
0.5,20,1.925,4.0,214.32979,0.5_20,7.723012
0.5,20,1.935,4.0,113.54604,0.5_20,7.723012
0.5,20,1.945,4.0,-48.05162,0.5_20,7.723012
0.5,20,1.955,4.0,-178.21036,0.5_20,7.723012
0.5,20,1.965,4.0,-200.75298,0.5_20,7.723012
0.5,20,1.975,4.0,-100.98736,0.5_20,7.723012
0.5,20,1.985,4.0,63.47982,0.5_20,7.723012
0.5,20,1.995,4.0,194.92889,0.5_20,7.723012
0.5,20,2.005,4.0,213.40259,0.5_20,7.723012
0.5,20,2.015,4.0,106.11689,0.5_20,7.723012
0.5,20,2.025,4.0,-62.46959,0.5_20,7.723012
0.5,20,2.035,4.0,-188.23746,0.5_20,7.723012
0.5,20,2.045,4.0,-191.5527,0.5_20,7.723012
0.5,20,2.055,4.0,-68.6368,0.5_20,7.723012
0.5,20,2.065,4.0,103.56999,0.5_20,7.723012
0.5,20,2.075,4.0,214.59737,0.5_20,7.723012
0.5,20,2.085,4.0,191.42722,0.5_20,7.723012
0.5,20,2.095,4.0,47.64066,0.5_20,7.723012
0.5,20,2.105,4.0,-122.88618,0.5_20,7.723012
0.5,20,2.115,4.0,-206.31216,0.5_20,7.723012
0.5,20,2.125,4.0,-145.16354,0.5_20,7.723012
0.5,20,2.135,4.0,20.68984,0.5_20,7.723012
0.5,20,2.145,4.0,178.50522,0.5_20,7.723012
0.5,20,2.155,4.0,218.74188,0.5_20,7.723012
0.5,20,2.165,4.0,111.77538,0.5_20,7.723012
0.5,20,2.175,4.0,-68.82068,0.5_20,7.723012
0.5,20,2.185,4.0,-195.52299,0.5_20,7.723012
0.5,20,2.195,4.0,-176.80872,0.5_20,7.723012
0.5,20,2.205,4.0,-24.57426,0.5_20,7.723012
0.5,20,2.215,4.0,151.51775,0.5_20,7.723012
0.5,20,2.225,4.0,222.05873,0.5_20,7.723012
0.5,20,2.235,4.0,133.42661,0.5_20,7.723012
0.5,20,2.245,4.0,-49.91397,0.5_20,7.723012
0.5,20,2.255,4.0,-190.65996,0.5_20,7.723012
0.5,20,2.265,4.0,-181.11522,0.5_20,7.723012
0.5,20,2.275,4.0,-26.81293,0.5_20,7.723012
0.5,20,2.285,4.0,154.55772,0.5_20,7.723012
0.5,20,2.295,4.0,221.93272,0.5_20,7.723012
0.5,20,2.305,4.0,121.17272,0.5_20,7.723012
0.5,20,2.315,4.0,-69.64581,0.5_20,7.723012
0.5,20,2.325,4.0,-198.95222,0.5_20,7.723012
0.5,20,2.335,4.0,-161.8006,0.5_20,7.723012
0.5,20,2.345,4.0,13.50498,0.5_20,7.723012
0.5,20,2.355,4.0,184.98004,0.5_20,7.723012
0.5,20,2.365,4.0,211.13895,0.5_20,7.723012
0.5,20,2.375,4.0,68.63094,0.5_20,7.723012
0.5,20,2.385,4.0,-125.0594,0.5_20,7.723012
0.5,20,2.395,4.0,-207.02095,0.5_20,7.723012
0.5,20,2.405,4.0,-106.41427,0.5_20,7.723012
0.5,20,2.415,4.0,92.27115,0.5_20,7.723012
0.5,20,2.425,4.0,218.26512,0.5_20,7.723012
0.5,20,2.435,4.0,161.05513,0.5_20,7.723012
0.5,20,2.445,4.0,-31.14937,0.5_20,7.723012
0.5,20,2.455,4.0,-189.9153,0.5_20,7.723012
0.5,20,2.465,4.0,-173.48128,0.5_20,7.723012
0.5,20,2.475,4.0,5.23693,0.5_20,7.723012
0.5,20,2.485,4.0,186.39893,0.5_20,7.723012
0.5,20,2.495,4.0,205.20915,0.5_20,7.723012
0.5,20,2.505,4.0,42.93279,0.5_20,7.723012
0.5,20,2.515,4.0,-152.19133,0.5_20,7.723012
0.5,20,2.525,4.0,-198.7383,0.5_20,7.723012
0.5,20,2.535,4.0,-51.48394,0.5_20,7.723012
0.5,20,2.545,4.0,152.45525,0.5_20,7.723012
0.5,20,2.555,4.0,219.71918,0.5_20,7.723012
0.5,20,2.565,4.0,84.57592,0.5_20,7.723012
0.5,20,2.575,4.0,-124.62189,0.5_20,7.723012
0.5,20,2.585,4.0,-205.41635,0.5_20,7.723012
0.5,20,2.595,4.0,-77.63082,0.5_20,7.723012
0.5,20,2.605,4.0,134.61774,0.5_20,7.723012
0.5,20,2.615,4.0,221.38164,0.5_20,7.723012
0.5,20,2.625,4.0,94.6966,0.5_20,7.723012
0.5,20,2.635,4.0,-120.11614,0.5_20,7.723012
0.5,20,2.645,4.0,-206.34169,0.5_20,7.723012
0.5,20,2.655,4.0,-74.85378,0.5_20,7.723012
0.5,20,2.665,4.0,141.29195,0.5_20,7.723012
0.5,20,2.675,4.0,219.4702,0.5_20,7.723012
0.5,20,2.685,4.0,77.21213,0.5_20,7.723012
0.5,20,2.695,4.0,-138.25963,0.5_20,7.723012
0.5,20,2.705,4.0,-200.1077,0.5_20,7.723012
0.5,20,2.715,4.0,-41.10091,0.5_20,7.723012
0.5,20,2.725,4.0,170.80641,0.5_20,7.723012
0.5,20,2.735,4.0,208.14064,0.5_20,7.723012
0.5,20,2.745,4.0,29.00259,0.5_20,7.723012
0.5,20,2.755,4.0,-173.19305,0.5_20,7.723012
0.5,20,2.765,4.0,-176.77623,0.5_20,7.723012
0.5,20,2.775,4.0,23.80103,0.5_20,7.723012
0.5,20,2.785,4.0,207.07535,0.5_20,7.723012
0.5,20,2.795,4.0,167.68495,0.5_20,7.723012
0.5,20,2.805,4.0,-52.07063,0.5_20,7.723012
0.5,20,2.815,4.0,-204.8167,0.5_20,7.723012
0.5,20,2.825,4.0,-115.86119,0.5_20,7.723012
0.5,20,2.835,4.0,114.60988,0.5_20,7.723012
0.5,20,2.845,4.0,221.55785,0.5_20,7.723012
0.5,20,2.855,4.0,79.78966,0.5_20,7.723012
0.5,20,2.865,4.0,-146.80617,0.5_20,7.723012
0.5,20,2.875,4.0,-192.06027,0.5_20,7.723012
0.5,20,2.885,4.0,-0.71629,0.5_20,7.723012
0.5,20,2.895,4.0,201.29437,0.5_20,7.723012
0.5,20,2.905,4.0,172.08781,0.5_20,7.723012
0.5,20,2.915,4.0,-54.83192,0.5_20,7.723012
0.5,20,2.925,4.0,-205.65601,0.5_20,7.723012
0.5,20,2.935,4.0,-95.66792,0.5_20,7.723012
0.5,20,2.945,4.0,141.93974,0.5_20,7.723012
0.5,20,2.955,4.0,214.42599,0.5_20,7.723012
0.5,20,2.965,4.0,30.26592,0.5_20,7.723012
0.5,20,2.975,4.0,-182.49268,0.5_20,7.723012
0.5,20,2.985,4.0,-156.64394,0.5_20,7.723012
0.5,20,2.995,4.0,76.74435,0.5_20,7.723012
0.5,20,3.005,4.0,222.10622,0.5_20,7.723012
0.5,20,3.015,4.0,92.76396,0.5_20,7.723012
0.5,20,3.025,4.0,-146.73561,0.5_20,7.723012
0.5,20,3.035,4.0,-186.89156,0.5_20,7.723012
0.5,20,3.045,4.0,26.28,0.5_20,7.723012
0.5,20,3.055,4.0,215.56947,0.5_20,7.723012
0.5,20,3.065,4.0,131.68105,0.5_20,7.723012
0.5,20,3.075,4.0,-116.04264,0.5_20,7.723012
0.5,20,3.085,4.0,-198.58141,0.5_20,7.723012
0.5,20,3.095,4.0,-4.10964,0.5_20,7.723012
0.5,20,3.105,4.0,207.14667,0.5_20,7.723012
0.5,20,3.115,4.0,148.91399,0.5_20,7.723012
0.5,20,3.125,4.0,-101.55213,0.5_20,7.723012
0.5,20,3.135,4.0,-202.62668,0.5_20,7.723012
0.5,20,3.145,4.0,-14.22204,0.5_20,7.723012
0.5,20,3.155,4.0,204.36505,0.5_20,7.723012
0.5,20,3.165,4.0,148.74329,0.5_20,7.723012
0.5,20,3.175,4.0,-105.07198,0.5_20,7.723012
0.5,20,3.185,4.0,-200.88924,0.5_20,7.723012
0.5,20,3.195,4.0,-1.77889,0.5_20,7.723012
0.5,20,3.205,4.0,210.95314,0.5_20,7.723012
0.5,20,3.215,4.0,133.22025,0.5_20,7.723012
0.5,20,3.225,4.0,-124.799,0.5_20,7.723012
0.5,20,3.235,4.0,-190.83519,0.5_20,7.723012
0.5,20,3.245,4.0,32.5229,0.5_20,7.723012
0.5,20,3.255,4.0,220.56056,0.5_20,7.723012
0.5,20,3.265,4.0,96.63856,0.5_20,7.723012
0.5,20,3.275,4.0,-158.35936,0.5_20,7.723012
0.5,20,3.285,4.0,-166.80586,0.5_20,7.723012
0.5,20,3.295,4.0,85.1829,0.5_20,7.723012
0.5,20,3.305,4.0,220.81754,0.5_20,7.723012
0.5,20,3.315,4.0,34.64863,0.5_20,7.723012
0.5,20,3.325,4.0,-193.19002,0.5_20,7.723012
0.5,20,3.335,4.0,-115.70244,0.5_20,7.723012
0.5,20,3.345,4.0,150.42667,0.5_20,7.723012
0.5,20,3.355,4.0,196.91824,0.5_20,7.723012
0.5,20,3.365,4.0,-49.16373,0.5_20,7.723012
0.5,20,3.375,4.0,-206.67598,0.5_20,7.723012
0.5,20,3.385,4.0,-28.67516,0.5_20,7.723012
0.5,20,3.395,4.0,207.36519,0.5_20,7.723012
0.5,20,3.405,4.0,129.29225,0.5_20,7.723012
0.5,20,3.415,4.0,-141.00748,0.5_20,7.723012
0.5,20,3.425,4.0,-174.01395,0.5_20,7.723012
0.5,20,3.435,4.0,84.22762,0.5_20,7.723012
0.5,20,3.445,4.0,219.37256,0.5_20,7.723012
0.5,20,3.455,4.0,11.89215,0.5_20,7.723012
0.5,20,3.465,4.0,-203.16452,0.5_20,7.723012
0.5,20,3.475,4.0,-74.65484,0.5_20,7.723012
0.5,20,3.485,4.0,188.49461,0.5_20,7.723012
0.5,20,3.495,4.0,153.36166,0.5_20,7.723012
0.5,20,3.505,4.0,-123.19655,0.5_20,7.723012
0.5,20,3.515,4.0,-181.81509,0.5_20,7.723012
0.5,20,3.525,4.0,77.04073,0.5_20,7.723012
0.5,20,3.535,4.0,220.29903,0.5_20,7.723012
0.5,20,3.545,4.0,5.61139,0.5_20,7.723012
0.5,20,3.555,4.0,-204.87784,0.5_20,7.723012
0.5,20,3.565,4.0,-52.62309,0.5_20,7.723012
0.5,20,3.575,4.0,203.29369,0.5_20,7.723012
0.5,20,3.585,4.0,122.96083,0.5_20,7.723012
0.5,20,3.595,4.0,-156.90904,0.5_20,7.723012
0.5,20,3.605,4.0,-151.814,0.5_20,7.723012
0.5,20,3.615,4.0,130.71333,0.5_20,7.723012
0.5,20,3.625,4.0,197.28156,0.5_20,7.723012
0.5,20,3.635,4.0,-70.08043,0.5_20,7.723012
0.5,20,3.645,4.0,-200.21935,0.5_20,7.723012
0.5,20,3.655,4.0,38.98389,0.5_20,7.723012
0.5,20,3.665,4.0,223.08054,0.5_20,7.723012
0.5,20,3.675,4.0,22.32396,0.5_20,7.723012
0.5,20,3.685,4.0,-203.93088,0.5_20,7.723012
0.5,20,3.695,4.0,-46.99719,0.5_20,7.723012
0.5,20,3.705,4.0,209.85088,0.5_20,7.723012
0.5,20,3.715,4.0,98.55029,0.5_20,7.723012
0.5,20,3.725,4.0,-179.25623,0.5_20,7.723012
0.5,20,3.735,4.0,-113.8091,0.5_20,7.723012
0.5,20,3.745,4.0,175.38126,0.5_20,7.723012
0.5,20,3.755,4.0,152.91293,0.5_20,7.723012
0.5,20,3.765,4.0,-140.65173,0.5_20,7.723012
0.5,20,3.775,4.0,-157.06543,0.5_20,7.723012
0.5,20,3.785,4.0,136.15398,0.5_20,7.723012
0.5,20,3.795,4.0,187.56158,0.5_20,7.723012
0.5,20,3.805,4.0,-100.99714,0.5_20,7.723012
0.5,20,3.815,4.0,-181.86804,0.5_20,7.723012
0.5,20,3.825,4.0,100.36969,0.5_20,7.723012
0.5,20,3.835,4.0,205.56523,0.5_20,7.723012
0.5,20,3.845,4.0,-70.02884,0.5_20,7.723012
0.5,20,3.855,4.0,-195.32957,0.5_20,7.723012
0.5,20,3.865,4.0,73.34123,0.5_20,7.723012
0.5,20,3.875,4.0,213.30359,0.5_20,7.723012
0.5,20,3.885,4.0,-50.15035,0.5_20,7.723012
0.5,20,3.895,4.0,-200.51889,0.5_20,7.723012
0.5,20,3.905,4.0,59.90627,0.5_20,7.723012
0.5,20,3.915,4.0,216.91096,0.5_20,7.723012
0.5,20,3.925,4.0,-41.97729,0.5_20,7.723012
0.5,20,3.935,4.0,-200.77303,0.5_20,7.723012
0.5,20,3.945,4.0,59.71763,0.5_20,7.723012
0.5,20,3.955,4.0,216.35292,0.5_20,7.723012
0.5,20,3.965,4.0,-48.26158,0.5_20,7.723012
0.5,20,3.975,4.0,-198.92584,0.5_20,7.723012
0.5,20,3.985,4.0,71.48457,0.5_20,7.723012
0.5,20,3.995,4.0,210.81305,0.5_20,7.723012
0.5,20,4.005,4.0,-67.8837,0.5_20,7.723012
