Epsilon,N,Eta,k,Cf_val
0.0,20,0.0,1.0,7.49838
0.0,20,0.005,1.0,7.49832
0.0,20,0.01,1.0,7.49836
0.0,20,0.015,1.0,7.49863
0.0,20,0.02,1.0,7.49842
0.0,20,0.025,1.0,7.49877
0.0,20,0.03,1.0,7.49875
0.0,20,0.035,1.0,7.49864
0.0,20,0.04,1.0,7.49859
0.0,20,0.045,1.0,7.49856
0.0,20,0.05,1.0,7.49853
0.0,20,0.055,1.0,7.49851
0.0,20,0.06,1.0,7.49879
0.0,20,0.065,1.0,7.49874
0.0,20,0.07,1.0,7.49886
0.0,20,0.075,1.0,7.49904
0.0,20,0.08,1.0,7.4988
0.0,20,0.085,1.0,7.49871
0.0,20,0.09,1.0,7.4988
0.0,20,0.095,1.0,7.49882
0.0,20,0.1,1.0,7.49897
0.0,20,0.105,1.0,7.49902
0.0,20,0.11,1.0,7.49925
0.0,20,0.115,1.0,7.49934
0.0,20,0.12,1.0,7.4995
0.0,20,0.125,1.0,7.49969
0.0,20,0.13,1.0,7.49976
0.0,20,0.135,1.0,7.50012
0.0,20,0.14,1.0,7.50029
0.0,20,0.145,1.0,7.50083
0.0,20,0.15,1.0,7.50113
0.0,20,0.155,1.0,7.5018
0.0,20,0.16,1.0,7.50209
0.0,20,0.165,1.0,7.50262
0.0,20,0.17,1.0,7.50298
0.0,20,0.175,1.0,7.50369
0.0,20,0.18,1.0,7.50427
0.0,20,0.185,1.0,7.50476
0.0,20,0.19,1.0,7.50555
0.0,20,0.195,1.0,7.50622
0.0,20,0.2,1.0,7.5071
0.0,20,0.205,1.0,7.50828
0.0,20,0.21,1.0,7.50944
0.0,20,0.215,1.0,7.51041
0.0,20,0.22,1.0,7.51147
0.0,20,0.225,1.0,7.51286
0.0,20,0.23,1.0,7.51398
0.0,20,0.235,1.0,7.51559
0.0,20,0.24,1.0,7.51715
0.0,20,0.245,1.0,7.5186
0.0,20,0.25,1.0,7.52029
0.0,20,0.255,1.0,7.52215
0.0,20,0.26,1.0,7.52399
0.0,20,0.265,1.0,7.52601
0.0,20,0.27,1.0,7.52841
0.0,20,0.275,1.0,7.53082
0.0,20,0.28,1.0,7.53316
0.0,20,0.285,1.0,7.53583
0.0,20,0.29,1.0,7.5386
0.0,20,0.295,1.0,7.54147
0.0,20,0.3,1.0,7.54445
0.0,20,0.305,1.0,7.54756
0.0,20,0.31,1.0,7.55106
0.0,20,0.315,1.0,7.55469
0.0,20,0.32,1.0,7.55843
0.0,20,0.325,1.0,7.56224
0.0,20,0.33,1.0,7.56635
0.0,20,0.335,1.0,7.57078
0.0,20,0.34,1.0,7.57521
0.0,20,0.345,1.0,7.57999
0.0,20,0.35,1.0,7.58492
0.0,20,0.355,1.0,7.59003
0.0,20,0.36,1.0,7.59546
0.0,20,0.365,1.0,7.6011
0.0,20,0.37,1.0,7.60696
0.0,20,0.375,1.0,7.61296
0.0,20,0.38,1.0,7.61927
0.0,20,0.385,1.0,7.62589
0.0,20,0.39,1.0,7.63278
0.0,20,0.395,1.0,7.63989
0.0,20,0.4,1.0,7.64721
0.0,20,0.405,1.0,7.65495
0.0,20,0.41,1.0,7.66287
0.0,20,0.415,1.0,7.67099
0.0,20,0.42,1.0,7.67939
0.0,20,0.425,1.0,7.68816
0.0,20,0.43,1.0,7.69735
0.0,20,0.435,1.0,7.70654
0.0,20,0.44,1.0,7.71599
0.0,20,0.445,1.0,7.72581
0.0,20,0.45,1.0,7.73596
0.0,20,0.455,1.0,7.74636
0.0,20,0.46,1.0,7.75702
0.0,20,0.465,1.0,7.76795
0.0,20,0.47,1.0,7.77912
0.0,20,0.475,1.0,7.79049
0.0,20,0.48,1.0,7.80221
0.0,20,0.485,1.0,7.81404
0.0,20,0.49,1.0,7.82618
0.0,20,0.495,1.0,7.83841
0.0,20,0.5,1.0,7.85091
0.0,20,0.505,1.0,7.86134
0.0,20,0.515,1.0,7.88765
0.0,20,0.525,1.0,7.91465
0.0,20,0.535,1.0,7.94188
0.0,20,0.545,1.0,7.96937
0.0,20,0.555,1.0,7.99692
0.0,20,0.565,1.0,8.02425
0.0,20,0.575,1.0,8.05128
0.0,20,0.585,1.0,8.07779
0.0,20,0.595,1.0,8.10355
0.0,20,0.605,1.0,8.12845
0.0,20,0.615,1.0,8.1519
0.0,20,0.625,1.0,8.17393
0.0,20,0.635,1.0,8.19434
0.0,20,0.645,1.0,8.21266
0.0,20,0.655,1.0,8.22891
0.0,20,0.665,1.0,8.24253
0.0,20,0.675,1.0,8.25346
0.0,20,0.685,1.0,8.26134
0.0,20,0.695,1.0,8.26633
0.0,20,0.705,1.0,8.26768
0.0,20,0.715,1.0,8.26549
0.0,20,0.725,1.0,8.25977
0.0,20,0.735,1.0,8.25005
0.0,20,0.745,1.0,8.23641
0.0,20,0.755,1.0,8.21889
0.0,20,0.765,1.0,8.19712
0.0,20,0.775,1.0,8.17149
0.0,20,0.785,1.0,8.14201
0.0,20,0.795,1.0,8.10868
0.0,20,0.805,1.0,8.07191
0.0,20,0.815,1.0,8.03165
0.0,20,0.825,1.0,7.98851
0.0,20,0.835,1.0,7.94268
0.0,20,0.845,1.0,7.89465
0.0,20,0.855,1.0,7.84503
0.0,20,0.865,1.0,7.79443
0.0,20,0.875,1.0,7.74342
0.0,20,0.885,1.0,7.69268
0.0,20,0.895,1.0,7.64304
0.0,20,0.905,1.0,7.59525
0.0,20,0.915,1.0,7.55019
0.0,20,0.925,1.0,7.50858
0.0,20,0.935,1.0,7.47128
0.0,20,0.945,1.0,7.43893
0.0,20,0.955,1.0,7.41225
0.0,20,0.965,1.0,7.39196
0.0,20,0.975,1.0,7.37844
0.0,20,0.985,1.0,7.37208
0.0,20,0.995,1.0,7.37293
0.0,20,1.005,1.0,7.38119
0.0,20,1.015,1.0,7.39666
0.0,20,1.025,1.0,7.41923
0.0,20,1.035,1.0,7.4483
0.0,20,1.045,1.0,7.48395
0.0,20,1.055,1.0,7.52507
0.0,20,1.065,1.0,7.57122
0.0,20,1.075,1.0,7.6218
0.0,20,1.085,1.0,7.67606
0.0,20,1.095,1.0,7.73325
0.0,20,1.105,1.0,7.79231
0.0,20,1.115,1.0,7.85262
0.0,20,1.125,1.0,7.91314
0.0,20,1.135,1.0,7.97263
0.0,20,1.145,1.0,8.03014
0.0,20,1.155,1.0,8.08438
0.0,20,1.165,1.0,8.1343
0.0,20,1.175,1.0,8.17863
0.0,20,1.185,1.0,8.21646
0.0,20,1.195,1.0,8.24643
0.0,20,1.205,1.0,8.26769
0.0,20,1.215,1.0,8.27944
0.0,20,1.225,1.0,8.28106
0.0,20,1.235,1.0,8.27204
0.0,20,1.245,1.0,8.25224
0.0,20,1.255,1.0,8.22152
0.0,20,1.265,1.0,8.18048
0.0,20,1.275,1.0,8.12959
0.0,20,1.285,1.0,8.06968
0.0,20,1.295,1.0,8.00208
0.0,20,1.305,1.0,7.92847
0.0,20,1.315,1.0,7.85041
0.0,20,1.325,1.0,7.77015
0.0,20,1.335,1.0,7.69003
0.0,20,1.345,1.0,7.61248
0.0,20,1.355,1.0,7.54011
0.0,20,1.365,1.0,7.47554
0.0,20,1.375,1.0,7.42106
0.0,20,1.385,1.0,7.37888
0.0,20,1.395,1.0,7.35094
0.0,20,1.405,1.0,7.33812
0.0,20,1.415,1.0,7.34149
0.0,20,1.425,1.0,7.36079
0.0,20,1.435,1.0,7.39575
0.0,20,1.445,1.0,7.44476
0.0,20,1.455,1.0,7.50617
0.0,20,1.465,1.0,7.57789
0.0,20,1.475,1.0,7.65771
0.0,20,1.485,1.0,7.7425
0.0,20,1.495,1.0,7.82994
0.0,20,1.505,1.0,7.91697
0.0,20,1.515,1.0,8.00085
0.0,20,1.525,1.0,8.0788
0.0,20,1.535,1.0,8.14825
0.0,20,1.545,1.0,8.20678
0.0,20,1.555,1.0,8.25206
0.0,20,1.565,1.0,8.28237
0.0,20,1.575,1.0,8.29605
0.0,20,1.585,1.0,8.29221
0.0,20,1.595,1.0,8.27048
0.0,20,1.605,1.0,8.23085
0.0,20,1.615,1.0,8.17433
0.0,20,1.625,1.0,8.10232
0.0,20,1.635,1.0,8.01735
0.0,20,1.645,1.0,7.92232
0.0,20,1.655,1.0,7.82097
0.0,20,1.665,1.0,7.71741
0.0,20,1.675,1.0,7.6164
0.0,20,1.685,1.0,7.52295
0.0,20,1.695,1.0,7.44186
0.0,20,1.705,1.0,7.37768
0.0,20,1.715,1.0,7.33431
0.0,20,1.725,1.0,7.31436
0.0,20,1.735,1.0,7.3193
0.0,20,1.745,1.0,7.34927
0.0,20,1.755,1.0,7.40263
0.0,20,1.765,1.0,7.47661
0.0,20,1.775,1.0,7.56715
0.0,20,1.785,1.0,7.66958
0.0,20,1.795,1.0,7.77873
0.0,20,1.805,1.0,7.88904
0.0,20,1.815,1.0,7.99526
0.0,20,1.825,1.0,8.09242
0.0,20,1.835,1.0,8.17572
0.0,20,1.845,1.0,8.2412
0.0,20,1.855,1.0,8.28548
0.0,20,1.865,1.0,8.30611
0.0,20,1.875,1.0,8.30155
0.0,20,1.885,1.0,8.27145
0.0,20,1.895,1.0,8.21645
0.0,20,1.905,1.0,8.1388
0.0,20,1.915,1.0,8.04173
0.0,20,1.925,1.0,7.92988
0.0,20,1.935,1.0,7.80914
0.0,20,1.945,1.0,7.68638
0.0,20,1.955,1.0,7.56896
0.0,20,1.965,1.0,7.46488
0.0,20,1.975,1.0,7.38123
0.0,20,1.985,1.0,7.32465
0.0,20,1.995,1.0,7.29969
0.0,20,2.005,1.0,7.3087
0.1,20,0.0,2.0,7.49838
0.1,20,0.005,2.0,7.47679
0.1,20,0.01,2.0,7.41235
0.1,20,0.015,2.0,7.30486
0.1,20,0.02,2.0,7.15407
0.1,20,0.025,2.0,6.96078
0.1,20,0.03,2.0,6.7242
0.1,20,0.035,2.0,6.44436
0.1,20,0.04,2.0,6.12167
0.1,20,0.045,2.0,5.75631
0.1,20,0.05,2.0,5.34818
0.1,20,0.055,2.0,4.89692
0.1,20,0.06,2.0,4.40322
0.1,20,0.065,2.0,3.86681
0.1,20,0.07,2.0,3.28836
0.1,20,0.075,2.0,2.66817
0.1,20,0.08,2.0,2.00594
0.1,20,0.085,2.0,1.30262
0.1,20,0.09,2.0,0.55852
0.1,20,0.095,2.0,-0.22584
0.1,20,0.1,2.0,-1.04976
0.1,20,0.105,2.0,-1.91234
0.1,20,0.11,2.0,-2.8128
0.1,20,0.115,2.0,-3.74975
0.1,20,0.12,2.0,-4.72251
0.1,20,0.125,2.0,-5.7294
0.1,20,0.13,2.0,-6.76884
0.1,20,0.135,2.0,-7.83929
0.1,20,0.14,2.0,-8.93878
0.1,20,0.145,2.0,-10.06495
0.1,20,0.15,2.0,-11.21596
0.1,20,0.155,2.0,-12.38847
0.1,20,0.16,2.0,-13.57976
0.1,20,0.165,2.0,-14.78731
0.1,20,0.17,2.0,-16.0072
0.1,20,0.175,2.0,-17.23578
0.1,20,0.18,2.0,-18.46925
0.1,20,0.185,2.0,-19.70341
0.1,20,0.19,2.0,-20.93341
0.1,20,0.195,2.0,-22.15465
0.1,20,0.2,2.0,-23.36166
0.1,20,0.205,2.0,-24.5495
0.1,20,0.21,2.0,-25.7119
0.1,20,0.215,2.0,-26.84299
0.1,20,0.22,2.0,-27.93641
0.1,20,0.225,2.0,-28.98559
0.1,20,0.23,2.0,-29.98352
0.1,20,0.235,2.0,-30.92307
0.1,20,0.24,2.0,-31.79672
0.1,20,0.245,2.0,-32.59745
0.1,20,0.25,2.0,-33.31721
0.1,20,0.255,2.0,-33.9483
0.1,20,0.26,2.0,-34.48304
0.1,20,0.265,2.0,-34.91337
0.1,20,0.27,2.0,-35.23152
0.1,20,0.275,2.0,-35.4296
0.1,20,0.28,2.0,-35.50012
0.1,20,0.285,2.0,-35.43567
0.1,20,0.29,2.0,-35.22931
0.1,20,0.295,2.0,-34.87416
0.1,20,0.3,2.0,-34.36381
0.1,20,0.305,2.0,-33.69286
0.1,20,0.31,2.0,-32.85599
0.1,20,0.315,2.0,-31.84888
0.1,20,0.32,2.0,-30.66799
0.1,20,0.325,2.0,-29.31059
0.1,20,0.33,2.0,-27.77529
0.1,20,0.335,2.0,-26.06122
0.1,20,0.34,2.0,-24.16929
0.1,20,0.345,2.0,-22.10144
0.1,20,0.35,2.0,-19.86104
0.1,20,0.355,2.0,-17.45292
0.1,20,0.36,2.0,-14.88361
0.1,20,0.365,2.0,-12.1609
0.1,20,0.37,2.0,-9.29454
0.1,20,0.375,2.0,-6.29604
0.1,20,0.38,2.0,-3.17841
0.1,20,0.385,2.0,0.04321
0.1,20,0.39,2.0,3.35243
0.1,20,0.395,2.0,6.73045
0.1,20,0.4,2.0,10.15718
0.1,20,0.405,2.0,13.61101
0.1,20,0.41,2.0,17.06837
0.1,20,0.415,2.0,20.50478
0.1,20,0.42,2.0,23.89387
0.1,20,0.425,2.0,27.20865
0.1,20,0.43,2.0,30.42073
0.1,20,0.435,2.0,33.50169
0.1,20,0.44,2.0,36.42197
0.1,20,0.445,2.0,39.15234
0.1,20,0.45,2.0,41.66339
0.1,20,0.455,2.0,43.92638
0.1,20,0.46,2.0,45.91349
0.1,20,0.465,2.0,47.59786
0.1,20,0.47,2.0,48.95448
0.1,20,0.475,2.0,49.96024
0.1,20,0.48,2.0,50.59435
0.1,20,0.485,2.0,50.8392
0.1,20,0.49,2.0,50.67996
0.1,20,0.495,2.0,50.1059
0.1,20,0.5,2.0,49.11036
0.1,20,0.505,2.0,47.68788
0.1,20,0.515,2.0,43.58999
0.1,20,0.525,2.0,37.88878
0.1,20,0.535,2.0,30.74987
0.1,20,0.545,2.0,22.42791
0.1,20,0.555,2.0,13.26303
0.1,20,0.565,2.0,3.67272
0.1,20,0.575,2.0,-5.86376
0.1,20,0.585,2.0,-14.82657
0.1,20,0.595,2.0,-22.6836
0.1,20,0.605,2.0,-28.92291
0.1,20,0.615,2.0,-33.08898
0.1,20,0.625,2.0,-34.82099
0.1,20,0.635,2.0,-33.88812
0.1,20,0.645,2.0,-30.22193
0.1,20,0.655,2.0,-23.93869
0.1,20,0.665,2.0,-15.35189
0.1,20,0.675,2.0,-4.96942
0.1,20,0.685,2.0,6.52581
0.1,20,0.695,2.0,18.31245
0.1,20,0.705,2.0,29.48515
0.1,20,0.715,2.0,39.12162
0.1,20,0.725,2.0,46.36217
0.1,20,0.735,2.0,50.49334
0.1,20,0.745,2.0,51.02668
0.1,20,0.755,2.0,47.76679
0.1,20,0.765,2.0,40.85859
0.1,20,0.775,2.0,30.80484
0.1,20,0.785,2.0,18.44981
0.1,20,0.795,2.0,4.92375
0.1,20,0.805,2.0,-8.44985
0.1,20,0.815,2.0,-20.27971
0.1,20,0.825,2.0,-29.25322
0.1,20,0.835,2.0,-34.29205
0.1,20,0.845,2.0,-34.69617
0.1,20,0.855,2.0,-30.25906
0.1,20,0.865,2.0,-21.33409
0.1,20,0.875,2.0,-8.83778
0.1,20,0.885,2.0,5.8181
0.1,20,0.895,2.0,20.86844
0.1,20,0.905,2.0,34.39653
0.1,20,0.915,2.0,44.57862
0.1,20,0.925,2.0,49.94076
0.1,20,0.935,2.0,49.59069
0.1,20,0.945,2.0,43.38966
0.1,20,0.955,2.0,32.03043
0.1,20,0.965,2.0,16.99737
0.1,20,0.975,2.0,0.40162
0.1,20,0.985,2.0,-15.29696
0.1,20,0.995,2.0,-27.64997
0.1,20,1.005,2.0,-34.61324
0.1,20,1.015,2.0,-34.90825
0.1,20,1.025,2.0,-28.28905
0.1,20,1.035,2.0,-15.65629
0.1,20,1.045,2.0,1.01923
0.1,20,1.055,2.0,18.96841
0.1,20,1.065,2.0,35.06546
0.1,20,1.075,2.0,46.3722
0.1,20,1.085,2.0,50.69501
0.1,20,1.095,2.0,47.0469
0.1,20,1.105,2.0,35.91496
0.1,20,1.115,2.0,19.26087
0.1,20,1.125,2.0,0.22467
0.1,20,1.135,2.0,-17.43499
0.1,20,1.145,2.0,-30.07442
0.1,20,1.155,2.0,-34.9347
0.1,20,1.165,2.0,-30.78284
0.1,20,1.175,2.0,-18.27161
0.1,20,1.185,2.0,0.08968
0.1,20,1.195,2.0,20.38489
0.1,20,1.205,2.0,38.09617
0.1,20,1.215,2.0,49.11038
0.1,20,1.225,2.0,50.70648
0.1,20,1.235,2.0,42.28245
0.1,20,1.245,2.0,25.62219
0.1,20,1.255,2.0,4.59274
0.1,20,1.265,2.0,-15.70286
0.1,20,1.275,2.0,-30.1486
0.1,20,1.285,2.0,-34.92999
0.1,20,1.295,2.0,-28.60094
0.1,20,1.305,2.0,-12.59575
0.1,20,1.315,2.0,9.00216
0.1,20,1.325,2.0,30.43436
0.1,20,1.335,2.0,45.77309
0.1,20,1.345,2.0,50.57908
0.1,20,1.355,2.0,43.24317
0.1,20,1.365,2.0,25.59846
0.1,20,1.375,2.0,2.55996
0.1,20,1.385,2.0,-19.17917
0.1,20,1.395,2.0,-33.07556
0.1,20,1.405,2.0,-34.74275
0.1,20,1.415,2.0,-23.41872
0.1,20,1.425,2.0,-2.38386
0.1,20,1.435,2.0,21.88794
0.1,20,1.445,2.0,41.66335
0.1,20,1.455,2.0,50.42089
0.1,20,1.465,2.0,45.06816
0.1,20,1.475,2.0,27.14289
0.1,20,1.485,2.0,2.50613
0.1,20,1.495,2.0,-20.47696
0.1,20,1.505,2.0,-33.7439
0.1,20,1.515,2.0,-32.40211
0.1,20,1.525,2.0,-16.62884
0.1,20,1.535,2.0,8.16293
0.1,20,1.545,2.0,33.07785
0.1,20,1.555,2.0,48.89262
0.1,20,1.565,2.0,49.51508
0.1,20,1.575,2.0,34.44372
0.1,20,1.585,2.0,9.20454
0.1,20,1.595,2.0,-16.547
0.1,20,1.605,2.0,-32.66648
0.1,20,1.615,2.0,-32.56076
0.1,20,1.625,2.0,-16.01001
0.1,20,1.635,2.0,10.47387
0.1,20,1.645,2.0,36.06896
0.1,20,1.655,2.0,50.00652
0.1,20,1.665,2.0,46.14602
0.1,20,1.675,2.0,25.80266
0.1,20,1.685,2.0,-2.51958
0.1,20,1.695,2.0,-26.56941
0.1,20,1.705,2.0,-35.64073
0.1,20,1.715,2.0,-25.44364
0.1,20,1.725,2.0,-0.30812
0.1,20,1.735,2.0,28.46877
0.1,20,1.745,2.0,47.60018
0.1,20,1.755,2.0,47.97388
0.1,20,1.765,2.0,29.13807
0.1,20,1.775,2.0,-0.15138
0.1,20,1.785,2.0,-25.82872
0.1,20,1.795,2.0,-35.21808
0.1,20,1.805,2.0,-23.37205
0.1,20,1.815,2.0,4.1581
0.1,20,1.825,2.0,33.74073
0.1,20,1.835,2.0,50.33953
0.1,20,1.845,2.0,45.23093
0.1,20,1.855,2.0,20.78728
0.1,20,1.865,2.0,-10.37565
0.1,20,1.875,2.0,-31.75587
0.1,20,1.885,2.0,-31.71253
0.1,20,1.895,2.0,-9.97342
0.1,20,1.905,2.0,21.81527
0.1,20,1.915,2.0,46.13628
0.1,20,1.925,2.0,49.2192
0.1,20,1.935,2.0,28.96351
0.1,20,1.945,2.0,-3.45544
0.1,20,1.955,2.0,-29.57841
0.1,20,1.965,2.0,-34.16858
0.1,20,1.975,2.0,-14.28464
0.1,20,1.985,2.0,18.56222
0.1,20,1.995,2.0,44.83479
0.1,20,2.005,2.0,48.53809
0.3,20,0.0,3.0,7.49838
0.3,20,0.005,3.0,7.4339
0.3,20,0.01,3.0,7.24042
0.3,20,0.015,3.0,6.91766
0.3,20,0.02,3.0,6.46572
0.3,20,0.025,3.0,5.88534
0.3,20,0.03,3.0,5.17515
0.3,20,0.035,3.0,4.3364
0.3,20,0.04,3.0,3.36835
0.3,20,0.045,3.0,2.27173
0.3,20,0.05,3.0,1.04665
0.3,20,0.055,3.0,-0.3066
0.3,20,0.06,3.0,-1.78782
0.3,20,0.065,3.0,-3.39658
0.3,20,0.07,3.0,-5.1321
0.3,20,0.075,3.0,-6.99339
0.3,20,0.08,3.0,-8.9801
0.3,20,0.085,3.0,-11.09032
0.3,20,0.09,3.0,-13.32294
0.3,20,0.095,3.0,-15.67604
0.3,20,0.1,3.0,-18.14797
0.3,20,0.105,3.0,-20.73626
0.3,20,0.11,3.0,-23.4378
0.3,20,0.115,3.0,-26.24993
0.3,20,0.12,3.0,-29.16861
0.3,20,0.125,3.0,-32.18999
0.3,20,0.13,3.0,-35.30942
0.3,20,0.135,3.0,-38.5215
0.3,20,0.14,3.0,-41.82069
0.3,20,0.145,3.0,-45.20061
0.3,20,0.15,3.0,-48.65384
0.3,20,0.155,3.0,-52.17263
0.3,20,0.16,3.0,-55.74849
0.3,20,0.165,3.0,-59.3724
0.3,20,0.17,3.0,-63.03366
0.3,20,0.175,3.0,-66.72142
0.3,20,0.18,3.0,-70.42387
0.3,20,0.185,3.0,-74.12836
0.3,20,0.19,3.0,-77.82096
0.3,20,0.195,3.0,-81.4872
0.3,20,0.2,3.0,-85.11151
0.3,20,0.205,3.0,-88.67722
0.3,20,0.21,3.0,-92.16746
0.3,20,0.215,3.0,-95.56388
0.3,20,0.22,3.0,-98.84727
0.3,20,0.225,3.0,-101.99786
0.3,20,0.23,3.0,-104.99496
0.3,20,0.235,3.0,-107.81718
0.3,20,0.24,3.0,-110.44283
0.3,20,0.245,3.0,-112.84892
0.3,20,0.25,3.0,-115.01261
0.3,20,0.255,3.0,-116.91045
0.3,20,0.26,3.0,-118.5191
0.3,20,0.265,3.0,-119.81474
0.3,20,0.27,3.0,-120.7739
0.3,20,0.275,3.0,-121.37358
0.3,20,0.28,3.0,-121.59052
0.3,20,0.285,3.0,-121.40266
0.3,20,0.29,3.0,-120.78899
0.3,20,0.295,3.0,-119.72919
0.3,20,0.3,3.0,-118.20446
0.3,20,0.305,3.0,-116.1976
0.3,20,0.31,3.0,-113.69341
0.3,20,0.315,3.0,-110.67866
0.3,20,0.32,3.0,-107.14282
0.3,20,0.325,3.0,-103.07789
0.3,20,0.33,3.0,-98.47898
0.3,20,0.335,3.0,-93.34468
0.3,20,0.34,3.0,-87.67668
0.3,20,0.345,3.0,-81.48146
0.3,20,0.35,3.0,-74.76884
0.3,20,0.355,3.0,-67.55356
0.3,20,0.36,3.0,-59.85472
0.3,20,0.365,3.0,-51.69659
0.3,20,0.37,3.0,-43.10802
0.3,20,0.375,3.0,-34.1235
0.3,20,0.38,3.0,-24.78242
0.3,20,0.385,3.0,-15.12973
0.3,20,0.39,3.0,-5.21537
0.3,20,0.395,3.0,4.90511
0.3,20,0.4,3.0,15.17114
0.3,20,0.405,3.0,25.51744
0.3,20,0.41,3.0,35.87395
0.3,20,0.415,3.0,46.16637
0.3,20,0.42,3.0,56.31647
0.3,20,0.425,3.0,66.24254
0.3,20,0.43,3.0,75.86034
0.3,20,0.435,3.0,85.08356
0.3,20,0.44,3.0,93.82434
0.3,20,0.445,3.0,101.99441
0.3,20,0.45,3.0,109.5062
0.3,20,0.455,3.0,116.27327
0.3,20,0.46,3.0,122.21204
0.3,20,0.465,3.0,127.24207
0.3,20,0.47,3.0,131.28856
0.3,20,0.475,3.0,134.28209
0.3,20,0.48,3.0,136.16042
0.3,20,0.485,3.0,136.87039
0.3,20,0.49,3.0,136.36844
0.3,20,0.495,3.0,134.6217
0.3,20,0.5,3.0,131.60971
0.3,20,0.505,3.0,127.32213
0.3,20,0.515,3.0,114.97731
0.3,20,0.525,3.0,97.82232
0.3,20,0.535,3.0,76.354
0.3,20,0.545,3.0,51.33569
0.3,20,0.555,3.0,23.78826
0.3,20,0.565,3.0,-5.0364
0.3,20,0.575,3.0,-33.69978
0.3,20,0.585,3.0,-60.64277
0.3,20,0.595,3.0,-84.26763
0.3,20,0.605,3.0,-103.03759
0.3,20,0.615,3.0,-115.5853
0.3,20,0.625,3.0,-120.82688
0.3,20,0.635,3.0,-118.06947
0.3,20,0.645,3.0,-107.10647
0.3,20,0.655,3.0,-88.28691
0.3,20,0.665,3.0,-62.55109
0.3,20,0.675,3.0,-31.42311
0.3,20,0.685,3.0,3.04843
0.3,20,0.695,3.0,38.39965
0.3,20,0.705,3.0,71.91349
0.3,20,0.715,3.0,100.82431
0.3,20,0.725,3.0,122.555
0.3,20,0.735,3.0,134.96541
0.3,20,0.745,3.0,136.59137
0.3,20,0.755,3.0,126.84745
0.3,20,0.765,3.0,106.16801
0.3,20,0.775,3.0,76.06099
0.3,20,0.785,3.0,39.05785
0.3,20,0.795,3.0,-1.45232
0.3,20,0.805,3.0,-41.49984
0.3,20,0.815,3.0,-76.91103
0.3,20,0.825,3.0,-103.74866
0.3,20,0.835,3.0,-118.77658
0.3,20,0.845,3.0,-119.89458
0.3,20,0.855,3.0,-106.48331
0.3,20,0.865,3.0,-79.60442
0.3,20,0.875,3.0,-42.01062
0.3,20,0.885,3.0,2.06113
0.3,20,0.895,3.0,47.3115
0.3,20,0.905,3.0,87.98901
0.3,20,0.915,3.0,118.62208
0.3,20,0.925,3.0,134.78867
0.3,20,0.935,3.0,133.81157
0.3,20,0.945,3.0,115.27445
0.3,20,0.955,3.0,81.25323
0.3,20,0.965,3.0,36.19771
0.3,20,0.975,3.0,-13.56102
0.3,20,0.985,3.0,-60.64531
0.3,20,0.995,3.0,-97.70946
0.3,20,1.005,3.0,-118.61939
0.3,20,1.015,3.0,-119.53658
0.3,20,1.025,3.0,-99.72251
0.3,20,1.035,3.0,-61.87896
0.3,20,1.045,3.0,-11.92035
0.3,20,1.055,3.0,41.84584
0.3,20,1.065,3.0,90.04247
0.3,20,1.075,3.0,123.85799
0.3,20,1.085,3.0,136.7155
0.3,20,1.095,3.0,125.6572
0.3,20,1.105,3.0,92.14649
0.3,20,1.115,3.0,42.0671
0.3,20,1.125,3.0,-15.16076
0.3,20,1.135,3.0,-68.25997
0.3,20,1.145,3.0,-106.2964
0.3,20,1.155,3.0,-120.98821
0.3,20,1.165,3.0,-108.63208
0.3,20,1.175,3.0,-71.18387
0.3,20,1.185,3.0,-16.17204
0.3,20,1.195,3.0,44.65452
0.3,20,1.205,3.0,97.74342
0.3,20,1.215,3.0,130.75928
0.3,20,1.225,3.0,135.54271
0.3,20,1.235,3.0,110.29044
0.3,20,1.245,3.0,60.35312
0.3,20,1.255,3.0,-2.67203
0.3,20,1.265,3.0,-63.47816
0.3,20,1.275,3.0,-106.7172
0.3,20,1.285,3.0,-120.94406
0.3,20,1.295,3.0,-101.82115
0.3,20,1.305,3.0,-53.65482
0.3,20,1.315,3.0,11.29759
0.3,20,1.325,3.0,75.75341
0.3,20,1.335,3.0,121.92625
0.3,20,1.345,3.0,136.49634
0.3,20,1.355,3.0,114.63417
0.3,20,1.365,3.0,61.83297
0.3,20,1.375,3.0,-7.1715
0.3,20,1.385,3.0,-72.30652
0.3,20,1.395,3.0,-113.94354
0.3,20,1.405,3.0,-118.9218
0.3,20,1.415,3.0,-84.95436
0.3,20,1.425,3.0,-21.88466
0.3,20,1.435,3.0,50.86195
0.3,20,1.445,3.0,110.0871
0.3,20,1.455,3.0,136.23343
0.3,20,1.465,3.0,120.03252
0.3,20,1.475,3.0,66.10113
0.3,20,1.485,3.0,-7.97627
0.3,20,1.495,3.0,-77.10202
0.3,20,1.505,3.0,-117.08044
0.3,20,1.515,3.0,-113.22333
0.3,20,1.525,3.0,-66.05579
0.3,20,1.535,3.0,8.18375
0.3,20,1.545,3.0,82.81053
0.3,20,1.555,3.0,130.16023
0.3,20,1.565,3.0,131.96602
0.3,20,1.575,3.0,86.72798
0.3,20,1.585,3.0,11.02117
0.3,20,1.595,3.0,-66.19091
0.3,20,1.605,3.0,-114.47417
0.3,20,1.615,3.0,-114.04494
0.3,20,1.625,3.0,-64.24545
0.3,20,1.635,3.0,15.37929
0.3,20,1.645,3.0,92.35259
0.3,20,1.655,3.0,134.36374
0.3,20,1.665,3.0,122.98904
0.3,20,1.675,3.0,62.16439
0.3,20,1.685,3.0,-22.6136
0.3,20,1.695,3.0,-94.60447
0.3,20,1.705,3.0,-121.69373
0.3,20,1.715,3.0,-91.01405
0.3,20,1.725,3.0,-15.5636
0.3,20,1.735,3.0,70.75697
0.3,20,1.745,3.0,128.08704
0.3,20,1.755,3.0,129.1002
0.3,20,1.765,3.0,72.44872
0.3,20,1.775,3.0,-15.59797
0.3,20,1.785,3.0,-92.83778
0.3,20,1.795,3.0,-121.22727
0.3,20,1.805,3.0,-85.90716
0.3,20,1.815,3.0,-3.52521
0.3,20,1.825,3.0,85.02759
0.3,20,1.835,3.0,134.65355
0.3,20,1.845,3.0,119.19738
0.3,20,1.855,3.0,45.782
0.3,20,1.865,3.0,-47.74774
0.3,20,1.875,3.0,-111.88326
0.3,20,1.885,3.0,-111.69391
0.3,20,1.895,3.0,-46.36279
0.3,20,1.905,3.0,49.16016
0.3,20,1.915,3.0,122.31345
0.3,20,1.925,3.0,131.78394
0.3,20,1.935,3.0,71.26183
0.3,20,1.945,3.0,-25.74753
0.3,20,1.955,3.0,-103.88577
0.3,20,1.965,3.0,-117.45063
0.3,20,1.975,3.0,-57.62819
0.3,20,1.985,3.0,41.0274
0.3,20,1.995,3.0,119.89093
0.3,20,2.005,3.0,130.98096
0.5,20,0.0,4.0,7.49838
0.5,20,0.005,4.0,7.39086
0.5,20,0.01,4.0,7.06815
0.5,20,0.015,4.0,6.53026
0.5,20,0.02,4.0,5.77737
0.5,20,0.025,4.0,4.80959
0.5,20,0.03,4.0,3.62635
0.5,20,0.035,4.0,2.22799
0.5,20,0.04,4.0,0.61477
0.5,20,0.045,4.0,-1.21285
0.5,20,0.05,4.0,-3.25457
0.5,20,0.055,4.0,-5.51019
0.5,20,0.06,4.0,-7.97899
0.5,20,0.065,4.0,-10.66025
0.5,20,0.07,4.0,-13.55273
0.5,20,0.075,4.0,-16.65527
0.5,20,0.08,4.0,-19.96626
0.5,20,0.085,4.0,-23.4835
0.5,20,0.09,4.0,-27.20501
0.5,20,0.095,4.0,-31.12731
0.5,20,0.1,4.0,-35.24759
0.5,20,0.105,4.0,-39.56144
0.5,20,0.11,4.0,-44.06459
0.5,20,0.115,4.0,-48.75152
0.5,20,0.12,4.0,-53.61667
0.5,20,0.125,4.0,-58.65277
0.5,20,0.13,4.0,-63.85241
0.5,20,0.135,4.0,-69.20692
0.5,20,0.14,4.0,-74.70641
0.5,20,0.145,4.0,-80.34019
0.5,20,0.15,4.0,-86.09669
0.5,20,0.155,4.0,-91.96282
0.5,20,0.16,4.0,-97.92403
0.5,20,0.165,4.0,-103.96496
0.5,20,0.17,4.0,-110.0685
0.5,20,0.175,4.0,-116.21648
0.5,20,0.18,4.0,-122.3889
0.5,20,0.185,4.0,-128.56451
0.5,20,0.19,4.0,-134.72058
0.5,20,0.195,4.0,-140.83273
0.5,20,0.2,4.0,-146.87511
0.5,20,0.205,4.0,-152.82051
0.5,20,0.21,4.0,-158.63956
0.5,20,0.215,4.0,-164.3026
0.5,20,0.22,4.0,-169.77751
0.5,20,0.225,4.0,-175.03094
0.5,20,0.23,4.0,-180.02864
0.5,20,0.235,4.0,-184.73492
0.5,20,0.24,4.0,-189.11325
0.5,20,0.245,4.0,-193.12602
0.5,20,0.25,4.0,-196.73451
0.5,20,0.255,4.0,-199.90033
0.5,20,0.26,4.0,-202.58383
0.5,20,0.265,4.0,-204.74568
0.5,20,0.27,4.0,-206.34683
0.5,20,0.275,4.0,-207.34828
0.5,20,0.28,4.0,-207.71213
0.5,20,0.285,4.0,-207.40143
0.5,20,0.29,4.0,-206.3806
0.5,20,0.295,4.0,-204.6162
0.5,20,0.3,4.0,-202.07675
0.5,20,0.305,4.0,-198.73373
0.5,20,0.31,4.0,-194.56174
0.5,20,0.315,4.0,-189.53857
0.5,20,0.32,4.0,-183.64684
0.5,20,0.325,4.0,-176.87337
0.5,20,0.33,4.0,-169.20982
0.5,20,0.335,4.0,-160.65361
0.5,20,0.34,4.0,-151.2083
0.5,20,0.345,4.0,-140.88402
0.5,20,0.35,4.0,-129.69765
0.5,20,0.355,4.0,-117.67353
0.5,20,0.36,4.0,-104.84367
0.5,20,0.365,4.0,-91.24831
0.5,20,0.37,4.0,-76.93599
0.5,20,0.375,4.0,-61.96396
0.5,20,0.38,4.0,-46.39783
0.5,20,0.385,4.0,-30.31273
0.5,20,0.39,4.0,-13.79217
0.5,20,0.395,4.0,3.07149
0.5,20,0.4,4.0,20.17737
0.5,20,0.405,4.0,37.41658
0.5,20,0.41,4.0,54.67227
0.5,20,0.415,4.0,71.82057
0.5,20,0.42,4.0,88.73107
0.5,20,0.425,4.0,105.26783
0.5,20,0.43,4.0,121.29035
0.5,20,0.435,4.0,136.6545
0.5,20,0.44,4.0,151.21452
0.5,20,0.445,4.0,164.82306
0.5,20,0.45,4.0,177.33386
0.5,20,0.455,4.0,188.60333
0.5,20,0.46,4.0,198.49205
0.5,20,0.465,4.0,206.86646
0.5,20,0.47,4.0,213.60127
0.5,20,0.475,4.0,218.58112
0.5,20,0.48,4.0,221.70268
0.5,20,0.485,4.0,222.87712
0.5,20,0.49,4.0,222.032
0.5,20,0.495,4.0,219.11238
0.5,20,0.5,4.0,214.08432
0.5,20,0.505,4.0,206.93211
0.5,20,0.515,4.0,186.34273
0.5,20,0.525,4.0,157.73706
0.5,20,0.535,4.0,121.94304
0.5,20,0.545,4.0,80.23208
0.5,20,0.555,4.0,34.30475
0.5,20,0.565,4.0,-13.75276
0.5,20,0.575,4.0,-61.54337
0.5,20,0.585,4.0,-106.46809
0.5,20,0.595,4.0,-145.86365
0.5,20,0.605,4.0,-177.16782
0.5,20,0.615,4.0,-198.10075
0.5,20,0.625,4.0,-206.85405
0.5,20,0.635,4.0,-202.27267
0.5,20,0.645,4.0,-184.01146
0.5,20,0.655,4.0,-152.65271
0.5,20,0.665,4.0,-109.76422
0.5,20,0.675,4.0,-57.88675
0.5,20,0.685,4.0,-0.43633
0.5,20,0.695,4.0,58.47984
0.5,20,0.705,4.0,114.33306
0.5,20,0.715,4.0,162.51517
0.5,20,0.725,4.0,198.7321
0.5,20,0.735,4.0,219.41847
0.5,20,0.745,4.0,222.13536
0.5,20,0.755,4.0,205.9081
0.5,20,0.765,4.0,171.46007
0.5,20,0.775,4.0,121.30376
0.5,20,0.785,4.0,59.65607
0.5,20,0.795,4.0,-7.83622
0.5,20,0.805,4.0,-74.55828
0.5,20,0.815,4.0,-133.55411
0.5,20,0.825,4.0,-178.2599
0.5,20,0.835,4.0,-203.28067
0.5,20,0.845,4.0,-205.1144
0.5,20,0.855,4.0,-182.72792
0.5,20,0.865,4.0,-137.89171
0.5,20,0.875,4.0,-75.19584
0.5,20,0.885,4.0,-1.70577
0.5,20,0.895,4.0,73.74486
0.5,20,0.905,4.0,141.56897
0.5,20,0.915,4.0,192.64825
0.5,20,0.925,4.0,219.61485
0.5,20,0.935,4.0,218.00925
0.5,20,0.945,4.0,187.13768
0.5,20,0.955,4.0,130.45837
0.5,20,0.965,4.0,55.38468
0.5,20,0.975,4.0,-27.53542
0.5,20,0.985,4.0,-106.00732
0.5,20,0.995,4.0,-167.78717
0.5,20,1.005,4.0,-202.64798
0.5,20,1.015,4.0,-204.18921
0.5,20,1.025,4.0,-171.17813
0.5,20,1.035,4.0,-108.11919
0.5,20,1.045,4.0,-24.87309
0.5,20,1.055,4.0,64.71124
0.5,20,1.065,4.0,145.00485
0.5,20,1.075,4.0,201.32463
0.5,20,1.085,4.0,222.71356
0.5,20,1.095,4.0,204.24571
0.5,20,1.105,4.0,148.36018
0.5,20,1.115,4.0,64.86048
0.5,20,1.125,4.0,-30.55672
0.5,20,1.135,4.0,-119.09748
0.5,20,1.145,4.0,-182.53534
0.5,20,1.155,4.0,-207.06197
0.5,20,1.165,4.0,-186.5007
0.5,20,1.175,4.0,-124.11138
0.5,20,1.185,4.0,-32.44422
0.5,20,1.195,4.0,68.91496
0.5,20,1.205,4.0,157.37831
0.5,20,1.215,4.0,212.39085
0.5,20,1.225,4.0,220.35974
0.5,20,1.235,4.0,178.28152
0.5,20,1.245,4.0,95.07188
0.5,20,1.255,4.0,-9.94606
0.5,20,1.265,4.0,-111.26445
0.5,20,1.275,4.0,-183.30173
0.5,20,1.285,4.0,-206.97765
0.5,20,1.295,4.0,-175.05963
0.5,20,1.305,4.0,-94.72733
0.5,20,1.315,4.0,13.58273
0.5,20,1.325,4.0,121.0606
0.5,20,1.335,4.0,198.06197
0.5,20,1.345,4.0,222.39238
0.5,20,1.355,4.0,186.0054
0.5,20,1.365,4.0,98.05267
0.5,20,1.375,4.0,-16.9149
0.5,20,1.385,4.0,-125.44858
0.5,20,1.395,4.0,-194.83189
0.5,20,1.405,4.0,-203.1236
0.5,20,1.415,4.0,-146.50941
0.5,20,1.425,4.0,-41.39948
0.5,20,1.435,4.0,79.82294
0.5,20,1.445,4.0,178.49345
0.5,20,1.455,4.0,222.02391
0.5,20,1.465,4.0,194.97563
0.5,20,1.475,4.0,105.04373
0.5,20,1.485,4.0,-18.47104
0.5,20,1.495,4.0,-133.74182
0.5,20,1.505,4.0,-200.43651
0.5,20,1.515,4.0,-194.06461
0.5,20,1.525,4.0,-115.49799
0.5,20,1.535,4.0,8.19385
0.5,20,1.545,4.0,132.53084
0.5,20,1.555,4.0,211.41077
0.5,20,1.565,4.0,214.39838
0.5,20,1.575,4.0,138.99771
0.5,20,1.585,4.0,12.82767
0.5,20,1.595,4.0,-115.84644
0.5,20,1.605,4.0,-196.29852
0.5,20,1.615,4.0,-195.54739
0.5,20,1.625,4.0,-112.49481
0.5,20,1.635,4.0,20.27431
0.5,20,1.645,4.0,148.623
0.5,20,1.655,4.0,218.7023
0.5,20,1.665,4.0,199.81297
0.5,20,1.675,4.0,98.51196
0.5,20,1.685,4.0,-42.71945
0.5,20,1.695,4.0,-162.65598
0.5,20,1.705,4.0,-207.76799
0.5,20,1.715,4.0,-156.60338
0.5,20,1.725,4.0,-30.83258
0.5,20,1.735,4.0,113.03103
0.5,20,1.745,4.0,208.55388
0.5,20,1.755,4.0,210.20461
0.5,20,1.765,4.0,115.74277
0.5,20,1.775,4.0,-31.05779
0.5,20,1.785,4.0,-159.86372
0.5,20,1.795,4.0,-207.25735
0.5,20,1.805,4.0,-148.45993
0.5,20,1.815,4.0,-11.22056
0.5,20,1.825,4.0,136.30106
0.5,20,1.835,4.0,218.94914
0.5,20,1.845,4.0,193.14587
0.5,20,1.855,4.0,70.7645
0.5,20,1.865,4.0,-85.13121
0.5,20,1.875,4.0,-192.02739
0.5,20,1.885,4.0,-191.69305
0.5,20,1.895,4.0,-82.76447
0.5,20,1.905,4.0,76.49448
0.5,20,1.915,4.0,198.47462
0.5,20,1.925,4.0,214.32979
0.5,20,1.935,4.0,113.54604
0.5,20,1.945,4.0,-48.05162
0.5,20,1.955,4.0,-178.21036
0.5,20,1.965,4.0,-200.75298
0.5,20,1.975,4.0,-100.98736
0.5,20,1.985,4.0,63.47982
0.5,20,1.995,4.0,194.92889
0.5,20,2.005,4.0,213.40259
