Ri,M,Eta,k,Nuval
-1,0,0.0,1.0,0.57784
-1,0,0.01,1.0,0.56699
-1,0,0.02,1.0,0.53478
-1,0,0.03,1.0,0.48103
-1,0,0.04,1.0,0.40572
-1,0,0.05,1.0,0.30893
-1,0,0.06,1.0,0.19061
-1,0,0.07,1.0,0.05077
-1,0,0.08,1.0,-0.11048
-1,0,0.09,1.0,-0.29321
-1,0,0.1,1.0,-0.49741
-1,0,0.11,1.0,-0.72297
-1,0,0.12,1.0,-0.9698
-1,0,0.13,1.0,-1.23788
-1,0,0.14,1.0,-1.52712
-1,0,0.15,1.0,-1.83732
-1,0,0.16,1.0,-2.16837
-1,0,0.17,1.0,-2.52004
-1,0,0.18,1.0,-2.89212
-1,0,0.19,1.0,-3.28426
-1,0,0.2,1.0,-3.69619
-1,0,0.21,1.0,-4.12744
-1,0,0.22,1.0,-4.57766
-1,0,0.23,1.0,-5.04627
-1,0,0.24,1.0,-5.53267
-1,0,0.25,1.0,-6.03612
-1,0,0.26,1.0,-6.55592
-1,0,0.27,1.0,-7.09121
-1,0,0.28,1.0,-7.64093
-1,0,0.29,1.0,-8.20409
-1,0,0.3,1.0,-8.77953
-1,0,0.31,1.0,-9.36591
-1,0,0.32,1.0,-9.96179
-1,0,0.33,1.0,-10.56562
-1,0,0.34,1.0,-11.17569
-1,0,0.35,1.0,-11.79018
-1,0,0.36,1.0,-12.4071
-1,0,0.37,1.0,-13.02434
-1,0,0.38,1.0,-13.63962
-1,0,0.39,1.0,-14.25051
-1,0,0.4,1.0,-14.8544
-1,0,0.41,1.0,-15.44859
-1,0,0.42,1.0,-16.03014
-1,0,0.43,1.0,-16.5961
-1,0,0.44,1.0,-17.14327
-1,0,0.45,1.0,-17.66827
-1,0,0.46,1.0,-18.16771
-1,0,0.47,1.0,-18.63805
-1,0,0.48,1.0,-19.07558
-1,0,0.49,1.0,-19.47661
-1,0,0.5,1.0,-19.83725
-1,0,0.51,1.0,-20.15363
-1,0,0.52,1.0,-20.42182
-1,0,0.53,1.0,-20.63793
-1,0,0.54,1.0,-20.79803
-1,0,0.55,1.0,-20.89818
-1,0,0.56,1.0,-20.93464
-1,0,0.57,1.0,-20.90371
-1,0,0.58,1.0,-20.80186
-1,0,0.59,1.0,-20.62573
-1,0,0.6,1.0,-20.37217
-1,0,0.61,1.0,-20.03834
-1,0,0.62,1.0,-19.62169
-1,0,0.63,1.0,-19.12002
-1,0,0.64,1.0,-18.53156
-1,0,0.65,1.0,-17.85499
-1,0,0.66,1.0,-17.08951
-1,0,0.67,1.0,-16.23483
-1,0,0.68,1.0,-15.29137
-1,0,0.69,1.0,-14.26003
-1,0,0.7,1.0,-13.14254
-1,0,0.71,1.0,-11.94129
-1,0,0.72,1.0,-10.65956
-1,0,0.73,1.0,-9.30127
-1,0,0.74,1.0,-7.87131
-1,0,0.75,1.0,-6.37534
-1,0,0.76,1.0,-4.81996
-1,0,0.77,1.0,-3.21265
-1,0,0.78,1.0,-1.56175
-1,0,0.79,1.0,0.12346
-1,0,0.8,1.0,1.833
-1,0,0.81,1.0,3.55591
-1,0,0.82,1.0,5.2805
-1,0,0.83,1.0,6.99441
-1,0,0.84,1.0,8.68467
-1,0,0.85,1.0,10.33764
-1,0,0.86,1.0,11.93921
-1,0,0.87,1.0,13.47504
-1,0,0.88,1.0,14.93046
-1,0,0.89,1.0,16.29081
-1,0,0.9,1.0,17.5414
-1,0,0.91,1.0,18.66781
-1,0,0.92,1.0,19.65616
-1,0,0.93,1.0,20.49303
-1,0,0.94,1.0,21.16589
-1,0,0.95,1.0,21.66317
-1,0,0.96,1.0,21.97455
-1,0,0.97,1.0,22.09111
-1,0,0.98,1.0,22.00556
-1,0,0.99,1.0,21.71251
-1,0,1.0,1.0,21.20846
-1,0,1.01,1.0,20.49219
-1,0,1.02,1.0,19.56488
-1,0,1.03,1.0,18.4301
-1,0,1.04,1.0,17.09418
-1,0,1.05,1.0,15.56606
-1,0,1.06,1.0,13.85754
-1,0,1.07,1.0,11.98308
-1,0,1.08,1.0,9.96005
-1,0,1.09,1.0,7.80846
-1,0,1.1,1.0,5.55093
-1,0,1.11,1.0,3.21251
-1,0,1.12,1.0,0.82043
-1,0,1.13,1.0,-1.59605
-1,0,1.14,1.0,-4.00606
-1,0,1.15,1.0,-6.37741
-1,0,1.16,1.0,-8.67706
-1,0,1.17,1.0,-10.87162
-1,0,1.18,1.0,-12.92769
-1,0,1.19,1.0,-14.81252
-1,0,1.2,1.0,-16.49459
-1,0,1.21,1.0,-17.94413
-1,0,1.22,1.0,-19.13365
-1,0,1.23,1.0,-20.0387
-1,0,1.24,1.0,-20.63833
-1,0,1.25,1.0,-20.91565
-1,0,1.26,1.0,-20.85844
-1,0,1.27,1.0,-20.4596
-1,0,1.28,1.0,-19.71744
-1,0,1.29,1.0,-18.63619
-1,0,1.3,1.0,-17.22605
-1,0,1.31,1.0,-15.50347
-1,0,1.32,1.0,-13.49115
-1,0,1.33,1.0,-11.2179
-1,0,1.34,1.0,-8.71855
-1,0,1.35,1.0,-6.03324
-1,0,1.36,1.0,-3.20731
-1,0,1.37,1.0,-0.29046
-1,0,1.38,1.0,2.66398
-1,0,1.39,1.0,5.59995
-1,0,1.4,1.0,8.45973
-1,0,1.41,1.0,11.18519
-1,0,1.42,1.0,13.71865
-1,0,1.43,1.0,16.00445
-1,0,1.44,1.0,17.99021
-1,0,1.45,1.0,19.62806
-1,0,1.46,1.0,20.87596
-1,0,1.47,1.0,21.69898
-1,0,1.48,1.0,22.07044
-1,0,1.49,1.0,21.97291
-1,0,1.5,1.0,21.39907
-1,0,1.51,1.0,20.35227
-1,0,1.52,1.0,18.84712
-1,0,1.53,1.0,16.90946
-1,0,1.54,1.0,14.57636
-1,0,1.55,1.0,11.89584
-1,0,1.56,1.0,8.92592
-1,0,1.57,1.0,5.73366
-1,0,1.58,1.0,2.39398
-1,0,1.59,1.0,-1.01207
-1,0,1.6,1.0,-4.3992
-1,0,1.61,1.0,-7.67977
-1,0,1.62,1.0,-10.7664
-1,0,1.63,1.0,-13.57394
-1,0,1.64,1.0,-16.02229
-1,0,1.65,1.0,-18.03862
-1,0,1.66,1.0,-19.55988
-1,0,1.67,1.0,-20.53495
-1,0,1.68,1.0,-20.92663
-1,0,1.69,1.0,-20.71329
-1,0,1.7,1.0,-19.89026
-1,0,1.71,1.0,-18.47066
-1,0,1.72,1.0,-16.48558
-1,0,1.73,1.0,-13.98409
-1,0,1.74,1.0,-11.03226
-1,0,1.75,1.0,-7.71196
-1,0,1.76,1.0,-4.11885
-1,0,1.77,1.0,-0.35995
-1,0,1.78,1.0,3.4494
-1,0,1.79,1.0,7.18906
-1,0,1.8,1.0,10.73765
-1,0,1.81,1.0,13.97668
-1,0,1.82,1.0,16.79443
-1,0,1.83,1.0,19.0905
-1,0,1.84,1.0,20.7791
-1,0,1.85,1.0,21.79296
-1,0,1.86,1.0,22.08628
-1,0,1.87,1.0,21.63718
-1,0,1.88,1.0,20.44956
-1,0,1.89,1.0,18.55357
-1,0,1.9,1.0,16.00582
-1,0,1.91,1.0,12.88812
-1,0,1.92,1.0,9.30539
-1,0,1.93,1.0,5.38261
-1,0,1.94,1.0,1.26087
-1,0,1.95,1.0,-2.90756
-1,0,1.96,1.0,-6.96465
-1,0,1.97,1.0,-10.7526
-1,0,1.98,1.0,-14.12012
-1,0,1.99,1.0,-16.92876
-1,0,2.0,1.0,-19.05861
5,0,0.0,2.0,4.70317
5,0,0.01,2.0,4.69233
5,0,0.02,2.0,4.66016
5,0,0.03,2.0,4.60639
5,0,0.04,2.0,4.53102
5,0,0.05,2.0,4.43422
5,0,0.06,2.0,4.31595
5,0,0.07,2.0,4.17619
5,0,0.08,2.0,4.01488
5,0,0.09,2.0,3.83216
5,0,0.1,2.0,3.62793
5,0,0.11,2.0,3.40232
5,0,0.12,2.0,3.1555
5,0,0.13,2.0,2.88735
5,0,0.14,2.0,2.5981
5,0,0.15,2.0,2.2879
5,0,0.16,2.0,1.95674
5,0,0.17,2.0,1.60503
5,0,0.18,2.0,1.23293
5,0,0.19,2.0,0.84073
5,0,0.2,2.0,0.42873
5,0,0.21,2.0,-0.00257
5,0,0.22,2.0,-0.45288
5,0,0.23,2.0,-0.9215
5,0,0.24,2.0,-1.40787
5,0,0.25,2.0,-1.91141
5,0,0.26,2.0,-2.43129
5,0,0.27,2.0,-2.9667
5,0,0.28,2.0,-3.51654
5,0,0.29,2.0,-4.07983
5,0,0.3,2.0,-4.65535
5,0,0.31,2.0,-5.24183
5,0,0.32,2.0,-5.83782
5,0,0.33,2.0,-6.44177
5,0,0.34,2.0,-7.05195
5,0,0.35,2.0,-7.66665
5,0,0.36,2.0,-8.28366
5,0,0.37,2.0,-8.90106
5,0,0.38,2.0,-9.51651
5,0,0.39,2.0,-10.12752
5,0,0.4,2.0,-10.73159
5,0,0.41,2.0,-11.32596
5,0,0.42,2.0,-11.90769
5,0,0.43,2.0,-12.47382
5,0,0.44,2.0,-13.02111
5,0,0.45,2.0,-13.54628
5,0,0.46,2.0,-14.04584
5,0,0.47,2.0,-14.5164
5,0,0.48,2.0,-14.9541
5,0,0.49,2.0,-15.35525
5,0,0.5,2.0,-15.71605
5,0,0.51,2.0,-16.03251
5,0,0.52,2.0,-16.30088
5,0,0.53,2.0,-16.51706
5,0,0.54,2.0,-16.67721
5,0,0.55,2.0,-16.77746
5,0,0.56,2.0,-16.81399
5,0,0.57,2.0,-16.78312
5,0,0.58,2.0,-16.6813
5,0,0.59,2.0,-16.50514
5,0,0.6,2.0,-16.25159
5,0,0.61,2.0,-15.91771
5,0,0.62,2.0,-15.50099
5,0,0.63,2.0,-14.99922
5,0,0.64,2.0,-14.41062
5,0,0.65,2.0,-13.73394
5,0,0.66,2.0,-12.96829
5,0,0.67,2.0,-12.1134
5,0,0.68,2.0,-11.16976
5,0,0.69,2.0,-10.13815
5,0,0.7,2.0,-9.0204
5,0,0.71,2.0,-7.8189
5,0,0.72,2.0,-6.5369
5,0,0.73,2.0,-5.17836
5,0,0.74,2.0,-3.74808
5,0,0.75,2.0,-2.25186
5,0,0.76,2.0,-0.69623
5,0,0.77,2.0,0.91131
5,0,0.78,2.0,2.56243
5,0,0.79,2.0,4.24791
5,0,0.8,2.0,5.95761
5,0,0.81,2.0,7.68069
5,0,0.82,2.0,9.40544
5,0,0.83,2.0,11.11952
5,0,0.84,2.0,12.80986
5,0,0.85,2.0,14.46288
5,0,0.86,2.0,16.06446
5,0,0.87,2.0,17.60028
5,0,0.88,2.0,19.0557
5,0,0.89,2.0,20.41592
5,0,0.9,2.0,21.66647
5,0,0.91,2.0,22.79281
5,0,0.92,2.0,23.78108
5,0,0.93,2.0,24.61787
5,0,0.94,2.0,25.29065
5,0,0.95,2.0,25.78785
5,0,0.96,2.0,26.09919
5,0,0.97,2.0,26.21569
5,0,0.98,2.0,26.13012
5,0,0.99,2.0,25.83705
5,0,1.0,2.0,25.33302
5,0,1.01,2.0,24.61679
5,0,1.02,2.0,23.68951
5,0,1.03,2.0,22.55481
5,0,1.04,2.0,21.21895
5,0,1.05,2.0,19.6909
5,0,1.06,2.0,17.98241
5,0,1.07,2.0,16.10802
5,0,1.08,2.0,14.08503
5,0,1.09,2.0,11.93343
5,0,1.1,2.0,9.67592
5,0,1.11,2.0,7.3374
5,0,1.12,2.0,4.94522
5,0,1.13,2.0,2.5286
5,0,1.14,2.0,0.11835
5,0,1.15,2.0,-2.25324
5,0,1.16,2.0,-4.5532
5,0,1.17,2.0,-6.74812
5,0,1.18,2.0,-8.80456
5,0,1.19,2.0,-10.68982
5,0,1.2,2.0,-12.37229
5,0,1.21,2.0,-13.8222
5,0,1.22,2.0,-15.01211
5,0,1.23,2.0,-15.91747
5,0,1.24,2.0,-16.51738
5,0,1.25,2.0,-16.79495
5,0,1.26,2.0,-16.73798
5,0,1.27,2.0,-16.33925
5,0,1.28,2.0,-15.59709
5,0,1.29,2.0,-14.51574
5,0,1.3,2.0,-13.10541
5,0,1.31,2.0,-11.38256
5,0,1.32,2.0,-9.36989
5,0,1.33,2.0,-7.09632
5,0,1.34,2.0,-4.5965
5,0,1.35,2.0,-1.91073
5,0,1.36,2.0,0.91558
5,0,1.37,2.0,3.83283
5,0,1.38,2.0,6.78764
5,0,1.39,2.0,9.72393
5,0,1.4,2.0,12.58406
5,0,1.41,2.0,15.30972
5,0,1.42,2.0,17.84336
5,0,1.43,2.0,20.12928
5,0,1.44,2.0,22.11517
5,0,1.45,2.0,23.75301
5,0,1.46,2.0,25.00096
5,0,1.47,2.0,25.82406
5,0,1.48,2.0,26.19561
5,0,1.49,2.0,26.09816
5,0,1.5,2.0,25.52444
5,0,1.51,2.0,24.47776
5,0,1.52,2.0,22.97273
5,0,1.53,2.0,21.03519
5,0,1.54,2.0,18.70224
5,0,1.55,2.0,16.02178
5,0,1.56,2.0,13.05182
5,0,1.57,2.0,9.8595
5,0,1.58,2.0,6.51963
5,0,1.59,2.0,3.11332
5,0,1.6,2.0,-0.27414
5,0,1.61,2.0,-3.55519
5,0,1.62,2.0,-6.64234
5,0,1.63,2.0,-9.45047
5,0,1.64,2.0,-11.89945
5,0,1.65,2.0,-13.91644
5,0,1.66,2.0,-15.43833
5,0,1.67,2.0,-16.41397
5,0,1.68,2.0,-16.80612
5,0,1.69,2.0,-16.59315
5,0,1.7,2.0,-15.77033
5,0,1.71,2.0,-14.35082
5,0,1.72,2.0,-12.36562
5,0,1.73,2.0,-9.86384
5,0,1.74,2.0,-6.9116
5,0,1.75,2.0,-3.59082
5,0,1.76,2.0,0.0028
5,0,1.77,2.0,3.76224
5,0,1.78,2.0,7.57216
5,0,1.79,2.0,11.3123
5,0,1.8,2.0,14.86129
5,0,1.81,2.0,18.10066
5,0,1.82,2.0,20.91878
5,0,1.83,2.0,23.21512
5,0,1.84,2.0,24.90399
5,0,1.85,2.0,25.91817
5,0,1.86,2.0,26.21179
5,0,1.87,2.0,25.76306
5,0,1.88,2.0,24.57575
5,0,1.89,2.0,22.68006
5,0,1.9,2.0,20.13256
5,0,1.91,2.0,17.01495
5,0,1.92,2.0,13.43221
5,0,1.93,2.0,9.50938
5,0,1.94,2.0,5.38742
5,0,1.95,2.0,1.21858
5,0,1.96,2.0,-2.8391
5,0,1.97,2.0,-6.62785
5,0,1.98,2.0,-9.99622
5,0,1.99,2.0,-12.80576
5,0,2.0,2.0,-14.9365
10,0,0.0,3.0,7.49848
10,0,0.01,3.0,7.48765
10,0,0.02,3.0,7.45539
10,0,0.03,3.0,7.40163
10,0,0.04,3.0,7.32625
10,0,0.05,3.0,7.22947
10,0,0.06,3.0,7.11119
10,0,0.07,3.0,6.9715
10,0,0.08,3.0,6.81017
10,0,0.09,3.0,6.62743
10,0,0.1,3.0,6.42325
10,0,0.11,3.0,6.19758
10,0,0.12,3.0,5.95064
10,0,0.13,3.0,5.6825
10,0,0.14,3.0,5.39324
10,0,0.15,3.0,5.083
10,0,0.16,3.0,4.75199
10,0,0.17,3.0,4.4002
10,0,0.18,3.0,4.02811
10,0,0.19,3.0,3.63589
10,0,0.2,3.0,3.2239
10,0,0.21,3.0,2.79254
10,0,0.22,3.0,2.34222
10,0,0.23,3.0,1.87357
10,0,0.24,3.0,1.38714
10,0,0.25,3.0,0.88356
10,0,0.26,3.0,0.36361
10,0,0.27,3.0,-0.1718
10,0,0.28,3.0,-0.72168
10,0,0.29,3.0,-1.28501
10,0,0.3,3.0,-1.86064
10,0,0.31,3.0,-2.44716
10,0,0.32,3.0,-3.04319
10,0,0.33,3.0,-3.64723
10,0,0.34,3.0,-4.25746
10,0,0.35,3.0,-4.87217
10,0,0.36,3.0,-5.48932
10,0,0.37,3.0,-6.10685
10,0,0.38,3.0,-6.72229
10,0,0.39,3.0,-7.33345
10,0,0.4,3.0,-7.93754
10,0,0.41,3.0,-8.53198
10,0,0.42,3.0,-9.11382
10,0,0.43,3.0,-9.67997
10,0,0.44,3.0,-10.2274
10,0,0.45,3.0,-10.75265
10,0,0.46,3.0,-11.25229
10,0,0.47,3.0,-11.72291
10,0,0.48,3.0,-12.16072
10,0,0.49,3.0,-12.56199
10,0,0.5,3.0,-12.92283
10,0,0.51,3.0,-13.23941
10,0,0.52,3.0,-13.50778
10,0,0.53,3.0,-13.72406
10,0,0.54,3.0,-13.88426
10,0,0.55,3.0,-13.98456
10,0,0.56,3.0,-14.02113
10,0,0.57,3.0,-13.99029
10,0,0.58,3.0,-13.88845
10,0,0.59,3.0,-13.71232
10,0,0.6,3.0,-13.45875
10,0,0.61,3.0,-13.12485
10,0,0.62,3.0,-12.7081
10,0,0.63,3.0,-12.20633
10,0,0.64,3.0,-11.61776
10,0,0.65,3.0,-10.94099
10,0,0.66,3.0,-10.17526
10,0,0.67,3.0,-9.32035
10,0,0.68,3.0,-8.37653
10,0,0.69,3.0,-7.3449
10,0,0.7,3.0,-6.22707
10,0,0.71,3.0,-5.02546
10,0,0.72,3.0,-3.74333
10,0,0.73,3.0,-2.38464
10,0,0.74,3.0,-0.95424
10,0,0.75,3.0,0.54209
10,0,0.76,3.0,2.09775
10,0,0.77,3.0,3.70538
10,0,0.78,3.0,5.35664
10,0,0.79,3.0,7.04222
10,0,0.8,3.0,8.752
10,0,0.81,3.0,10.47516
10,0,0.82,3.0,12.19991
10,0,0.83,3.0,13.91402
10,0,0.84,3.0,15.60439
10,0,0.85,3.0,17.25748
10,0,0.86,3.0,18.85903
10,0,0.87,3.0,20.39484
10,0,0.88,3.0,21.8502
10,0,0.89,3.0,23.21043
10,0,0.9,3.0,24.46092
10,0,0.91,3.0,25.58726
10,0,0.92,3.0,26.57549
10,0,0.93,3.0,27.41221
10,0,0.94,3.0,28.08502
10,0,0.95,3.0,28.58222
10,0,0.96,3.0,28.89351
10,0,0.97,3.0,29.01002
10,0,0.98,3.0,28.92451
10,0,0.99,3.0,28.63147
10,0,1.0,3.0,28.12748
10,0,1.01,3.0,27.41132
10,0,1.02,3.0,26.48409
10,0,1.03,3.0,25.34949
10,0,1.04,3.0,24.0137
10,0,1.05,3.0,22.48576
10,0,1.06,3.0,20.77733
10,0,1.07,3.0,18.90303
10,0,1.08,3.0,16.88013
10,0,1.09,3.0,14.72862
10,0,1.1,3.0,12.47111
10,0,1.11,3.0,10.13262
10,0,1.12,3.0,7.7404
10,0,1.13,3.0,5.32374
10,0,1.14,3.0,2.9135
10,0,1.15,3.0,0.54172
10,0,1.16,3.0,-1.75833
10,0,1.17,3.0,-3.95338
10,0,1.18,3.0,-6.00996
10,0,1.19,3.0,-7.89543
10,0,1.2,3.0,-9.57811
10,0,1.21,3.0,-11.02826
10,0,1.22,3.0,-12.21837
10,0,1.23,3.0,-13.12394
10,0,1.24,3.0,-13.72403
10,0,1.25,3.0,-14.00178
10,0,1.26,3.0,-13.94488
10,0,1.27,3.0,-13.54626
10,0,1.28,3.0,-12.80419
10,0,1.29,3.0,-11.72288
10,0,1.3,3.0,-10.31257
10,0,1.31,3.0,-8.58975
10,0,1.32,3.0,-6.57704
10,0,1.33,3.0,-4.30334
10,0,1.34,3.0,-1.80341
10,0,1.35,3.0,0.88244
10,0,1.36,3.0,3.70893
10,0,1.37,3.0,6.62629
10,0,1.38,3.0,9.58113
10,0,1.39,3.0,12.51754
10,0,1.4,3.0,15.37775
10,0,1.41,3.0,18.1035
10,0,1.42,3.0,20.63719
10,0,1.43,3.0,22.92318
10,0,1.44,3.0,24.9091
10,0,1.45,3.0,26.54707
10,0,1.46,3.0,27.79506
10,0,1.47,3.0,28.61826
10,0,1.48,3.0,28.98992
10,0,1.49,3.0,28.89264
10,0,1.5,3.0,28.31904
10,0,1.51,3.0,27.27253
10,0,1.52,3.0,25.76768
10,0,1.53,3.0,23.83035
10,0,1.54,3.0,21.49757
10,0,1.55,3.0,18.8173
10,0,1.56,3.0,15.84751
10,0,1.57,3.0,12.65529
10,0,1.58,3.0,9.31547
10,0,1.59,3.0,5.90916
10,0,1.6,3.0,2.52163
10,0,1.61,3.0,-0.75958
10,0,1.62,3.0,-3.84693
10,0,1.63,3.0,-6.65535
10,0,1.64,3.0,-9.10462
10,0,1.65,3.0,-11.12198
10,0,1.66,3.0,-12.64417
10,0,1.67,3.0,-13.62018
10,0,1.68,3.0,-14.01265
10,0,1.69,3.0,-13.79995
10,0,1.7,3.0,-12.9774
10,0,1.71,3.0,-11.55803
10,0,1.72,3.0,-9.57297
10,0,1.73,3.0,-7.07122
10,0,1.74,3.0,-4.11904
10,0,1.75,3.0,-0.7982
10,0,1.76,3.0,2.79549
10,0,1.77,3.0,6.55503
10,0,1.78,3.0,10.36504
10,0,1.79,3.0,14.10527
10,0,1.8,3.0,17.65439
10,0,1.81,3.0,20.89388
10,0,1.82,3.0,23.71215
10,0,1.83,3.0,26.00866
10,0,1.84,3.0,27.69771
10,0,1.85,3.0,28.7121
10,0,1.86,3.0,29.006
10,0,1.87,3.0,28.55757
10,0,1.88,3.0,27.37062
10,0,1.89,3.0,25.47529
10,0,1.9,3.0,22.92811
10,0,1.91,3.0,19.81085
10,0,1.92,3.0,16.22843
10,0,1.93,3.0,12.30575
10,0,1.94,3.0,8.1839
10,0,1.95,3.0,4.01504
10,0,1.96,3.0,-0.04279
10,0,1.97,3.0,-3.83178
10,0,1.98,3.0,-7.20055
10,0,1.99,3.0,-10.01054
10,0,2.0,3.0,-12.1418
-1,3,0.0,4.0,0.57784
-1,3,0.01,4.0,0.567
-1,3,0.02,4.0,0.53484
-1,3,0.03,4.0,0.48119
-1,3,0.04,4.0,0.4063
-1,3,0.05,4.0,0.31049
-1,3,0.06,4.0,0.19375
-1,3,0.07,4.0,0.0567
-1,3,0.08,4.0,-0.10032
-1,3,0.09,4.0,-0.27685
-1,3,0.1,4.0,-0.4726
-1,3,0.11,4.0,-0.68685
-1,3,0.12,4.0,-0.91906
-1,3,0.13,4.0,-1.16867
-1,3,0.14,4.0,-1.43502
-1,3,0.15,4.0,-1.71768
-1,3,0.16,4.0,-2.01593
-1,3,0.17,4.0,-2.32926
-1,3,0.18,4.0,-2.65714
-1,3,0.19,4.0,-2.99914
-1,3,0.2,4.0,-3.35464
-1,3,0.21,4.0,-3.72327
-1,3,0.22,4.0,-4.10442
-1,3,0.23,4.0,-4.49771
-1,3,0.24,4.0,-4.90248
-1,3,0.25,4.0,-5.3182
-1,3,0.26,4.0,-5.74425
-1,3,0.27,4.0,-6.17994
-1,3,0.28,4.0,-6.62441
-1,3,0.29,4.0,-7.07685
-1,3,0.3,4.0,-7.53633
-1,3,0.31,4.0,-8.00173
-1,3,0.32,4.0,-8.47189
-1,3,0.33,4.0,-8.94554
-1,3,0.34,4.0,-9.42123
-1,3,0.35,4.0,-9.8974
-1,3,0.36,4.0,-10.37228
-1,3,0.37,4.0,-10.84413
-1,3,0.38,4.0,-11.31098
-1,3,0.39,4.0,-11.77064
-1,3,0.4,4.0,-12.2208
-1,3,0.41,4.0,-12.65914
-1,3,0.42,4.0,-13.08306
-1,3,0.43,4.0,-13.48987
-1,3,0.44,4.0,-13.87675
-1,3,0.45,4.0,-14.24074
-1,3,0.46,4.0,-14.5788
-1,3,0.47,4.0,-14.88772
-1,3,0.48,4.0,-15.16435
-1,3,0.49,4.0,-15.40527
-1,3,0.5,4.0,-15.6071
-1,3,0.51,4.0,-15.7664
-1,3,0.52,4.0,-15.87981
-1,3,0.53,4.0,-15.94376
-1,3,0.54,4.0,-15.95497
-1,3,0.55,4.0,-15.91
-1,3,0.56,4.0,-15.80562
-1,3,0.57,4.0,-15.63874
-1,3,0.58,4.0,-15.40633
-1,3,0.59,4.0,-15.10568
-1,3,0.6,4.0,-14.73422
-1,3,0.61,4.0,-14.28971
-1,3,0.62,4.0,-13.7702
-1,3,0.63,4.0,-13.17417
-1,3,0.64,4.0,-12.50048
-1,3,0.65,4.0,-11.74842
-1,3,0.66,4.0,-10.91782
-1,3,0.67,4.0,-10.00911
-1,3,0.68,4.0,-9.02322
-1,3,0.69,4.0,-7.96177
-1,3,0.7,4.0,-6.82712
-1,3,0.71,4.0,-5.62225
-1,3,0.72,4.0,-4.35096
-1,3,0.73,4.0,-3.01783
-1,3,0.74,4.0,-1.62825
-1,3,0.75,4.0,-0.18844
-1,3,0.76,4.0,1.29455
-1,3,0.77,4.0,2.81285
-1,3,0.78,4.0,4.35767
-1,3,0.79,4.0,5.91949
-1,3,0.8,4.0,7.48788
-1,3,0.81,4.0,9.05183
-1,3,0.82,4.0,10.59946
-1,3,0.83,4.0,12.1184
-1,3,0.84,4.0,13.59559
-1,3,0.85,4.0,15.0176
-1,3,0.86,4.0,16.3706
-1,3,0.87,4.0,17.64069
-1,3,0.88,4.0,18.81373
-1,3,0.89,4.0,19.87583
-1,3,0.9,4.0,20.81335
-1,3,0.91,4.0,21.61327
-1,3,0.92,4.0,22.26332
-1,3,0.93,4.0,22.75243
-1,3,0.94,4.0,23.07117
-1,3,0.95,4.0,23.21213
-1,3,0.96,4.0,23.17101
-1,3,0.97,4.0,22.94787
-1,3,0.98,4.0,22.54998
-1,3,0.99,4.0,21.99796
-1,3,1.0,4.0,21.33367
-1,3,1.01,4.0,20.60602
-1,3,1.02,4.0,19.82105
-1,3,1.03,4.0,18.94748
-1,3,1.04,4.0,17.95405
-1,3,1.05,4.0,16.82089
-1,3,1.06,4.0,15.53826
-1,3,1.07,4.0,14.10456
-1,3,1.08,4.0,12.52477
-1,3,1.09,4.0,10.80969
-1,3,1.1,4.0,8.97504
-1,3,1.11,4.0,7.04076
-1,3,1.12,4.0,5.03036
-1,3,1.13,4.0,2.97011
-1,3,1.14,4.0,0.88859
-1,3,1.15,4.0,-1.18404
-1,3,1.16,4.0,-3.21649
-1,3,1.17,4.0,-5.17709
-1,3,1.18,4.0,-7.03411
-1,3,1.19,4.0,-8.75632
-1,3,1.2,4.0,-10.31378
-1,3,1.21,4.0,-11.67796
-1,3,1.22,4.0,-12.82271
-1,3,1.23,4.0,-13.72462
-1,3,1.24,4.0,-14.36352
-1,3,1.25,4.0,-14.72321
-1,3,1.26,4.0,-14.79178
-1,3,1.27,4.0,-14.56199
-1,3,1.28,4.0,-14.03199
-1,3,1.29,4.0,-13.2051
-1,3,1.3,4.0,-12.09048
-1,3,1.31,4.0,-10.70296
-1,3,1.32,4.0,-9.06299
-1,3,1.33,4.0,-7.19652
-1,3,1.34,4.0,-5.13458
-1,3,1.35,4.0,-2.91257
-1,3,1.36,4.0,-0.56941
-1,3,1.37,4.0,1.85382
-1,3,1.38,4.0,4.31605
-1,3,1.39,4.0,6.78012
-1,3,1.4,4.0,9.21987
-1,3,1.41,4.0,11.63473
-1,3,1.42,4.0,14.054
-1,3,1.43,4.0,16.46726
-1,3,1.44,4.0,18.77962
-1,3,1.45,4.0,20.87639
-1,3,1.46,4.0,22.66094
-1,3,1.47,4.0,24.0577
-1,3,1.48,4.0,25.00976
-1,3,1.49,4.0,25.47751
-1,3,1.5,4.0,25.43751
-1,3,1.51,4.0,24.88178
-1,3,1.52,4.0,23.81682
-1,3,1.53,4.0,22.26285
-1,3,1.54,4.0,20.25271
-1,3,1.55,4.0,17.83122
-1,3,1.56,4.0,15.05388
-1,3,1.57,4.0,11.9858
-1,3,1.58,4.0,8.70043
-1,3,1.59,4.0,5.27785
-1,3,1.6,4.0,1.80311
-1,3,1.61,4.0,-1.63594
-1,3,1.62,4.0,-4.95068
-1,3,1.63,4.0,-8.054
-1,3,1.64,4.0,-10.86272
-1,3,1.65,4.0,-13.29992
-1,3,1.66,4.0,-15.29683
-1,3,1.67,4.0,-16.79498
-1,3,1.68,4.0,-17.74747
-1,3,1.69,4.0,-18.11953
-1,3,1.7,4.0,-17.88792
-1,3,1.71,4.0,-17.03749
-1,3,1.72,4.0,-15.55148
-1,3,1.73,4.0,-13.39187
-1,3,1.74,4.0,-10.50916
-1,3,1.75,4.0,-6.95656
-1,3,1.76,4.0,-2.90632
-1,3,1.77,4.0,1.44569
-1,3,1.78,4.0,5.91458
-1,3,1.79,4.0,10.32881
-1,3,1.8,4.0,14.52981
-1,3,1.81,4.0,18.37244
-1,3,1.82,4.0,21.72674
-1,3,1.83,4.0,24.47961
-1,3,1.84,4.0,26.537
-1,3,1.85,4.0,27.82606
-1,3,1.86,4.0,28.29741
-1,3,1.87,4.0,27.92706
-1,3,1.88,4.0,26.71793
-1,3,1.89,4.0,24.70078
-1,3,1.9,4.0,21.93405
-1,3,1.91,4.0,18.50305
-1,3,1.92,4.0,14.5179
-1,3,1.93,4.0,10.11111
-1,3,1.94,4.0,5.43365
-1,3,1.95,4.0,0.65105
-1,3,1.96,4.0,-4.06047
-1,3,1.97,4.0,-8.51755
-1,3,1.98,4.0,-12.52962
-1,3,1.99,4.0,-15.89084
-1,3,2.0,4.0,-18.36141
5,3,0.0,5.0,4.70317
5,3,0.01,5.0,4.69233
5,3,0.02,5.0,4.66014
5,3,0.03,5.0,4.60655
5,3,0.04,5.0,4.53126
5,3,0.05,5.0,4.43472
5,3,0.06,5.0,4.31671
5,3,0.07,5.0,4.17758
5,3,0.08,5.0,4.0172
5,3,0.09,5.0,3.83575
5,3,0.1,5.0,3.63345
5,3,0.11,5.0,3.41046
5,3,0.12,5.0,3.16697
5,3,0.13,5.0,2.90317
5,3,0.14,5.0,2.61936
5,3,0.15,5.0,2.31582
5,3,0.16,5.0,1.99292
5,3,0.17,5.0,1.65106
5,3,0.18,5.0,1.29061
5,3,0.19,5.0,0.91219
5,3,0.2,5.0,0.51626
5,3,0.21,5.0,0.10341
5,3,0.22,5.0,-0.32567
5,3,0.23,5.0,-0.77015
5,3,0.24,5.0,-1.22933
5,3,0.25,5.0,-1.70234
5,3,0.26,5.0,-2.18818
5,3,0.27,5.0,-2.68567
5,3,0.28,5.0,-3.1939
5,3,0.29,5.0,-3.7115
5,3,0.3,5.0,-4.23716
5,3,0.31,5.0,-4.76956
5,3,0.32,5.0,-5.30711
5,3,0.33,5.0,-5.84828
5,3,0.34,5.0,-6.39122
5,3,0.35,5.0,-6.93414
5,3,0.36,5.0,-7.47513
5,3,0.37,5.0,-8.0121
5,3,0.38,5.0,-8.54288
5,3,0.39,5.0,-9.0652
5,3,0.4,5.0,-9.57658
5,3,0.41,5.0,-10.0745
5,3,0.42,5.0,-10.55628
5,3,0.43,5.0,-11.01919
5,3,0.44,5.0,-11.46028
5,3,0.45,5.0,-11.87663
5,3,0.46,5.0,-12.26512
5,3,0.47,5.0,-12.62252
5,3,0.48,5.0,-12.94556
5,3,0.49,5.0,-13.23092
5,3,0.5,5.0,-13.47522
5,3,0.51,5.0,-13.67497
5,3,0.52,5.0,-13.82678
5,3,0.53,5.0,-13.92723
5,3,0.54,5.0,-13.9729
5,3,0.55,5.0,-13.96048
5,3,0.56,5.0,-13.88667
5,3,0.57,5.0,-13.74839
5,3,0.58,5.0,-13.54267
5,3,0.59,5.0,-13.26669
5,3,0.6,5.0,-12.91805
5,3,0.61,5.0,-12.4944
5,3,0.62,5.0,-11.99384
5,3,0.63,5.0,-11.41479
5,3,0.64,5.0,-10.75606
5,3,0.65,5.0,-10.01703
5,3,0.66,5.0,-9.1974
5,3,0.67,5.0,-8.29763
5,3,0.68,5.0,-7.31855
5,3,0.69,5.0,-6.26177
5,3,0.7,5.0,-5.12954
5,3,0.71,5.0,-3.92476
5,3,0.72,5.0,-2.65119
5,3,0.73,5.0,-1.31322
5,3,0.74,5.0,0.08383
5,3,0.75,5.0,1.53393
5,3,0.76,5.0,3.03018
5,3,0.77,5.0,4.56495
5,3,0.78,5.0,6.12965
5,3,0.79,5.0,7.71503
5,3,0.8,5.0,9.31106
5,3,0.81,5.0,10.90692
5,3,0.82,5.0,12.49135
5,3,0.83,5.0,14.05229
5,3,0.84,5.0,15.57736
5,3,0.85,5.0,17.0537
5,3,0.86,5.0,18.46833
5,3,0.87,5.0,19.80804
5,3,0.88,5.0,21.05983
5,3,0.89,5.0,22.21082
5,3,0.9,5.0,23.24862
5,3,0.91,5.0,24.1615
5,3,0.92,5.0,24.93864
5,3,0.93,5.0,25.5703
5,3,0.94,5.0,26.04797
5,3,0.95,5.0,26.3648
5,3,0.96,5.0,26.51544
5,3,0.97,5.0,26.49629
5,3,0.98,5.0,26.3053
5,3,0.99,5.0,25.94193
5,3,1.0,5.0,25.40674
5,3,1.01,5.0,24.70118
5,3,1.02,5.0,23.82749
5,3,1.03,5.0,22.78857
5,3,1.04,5.0,21.58808
5,3,1.05,5.0,20.23095
5,3,1.06,5.0,18.72378
5,3,1.07,5.0,17.07537
5,3,1.08,5.0,15.29694
5,3,1.09,5.0,13.40253
5,3,1.1,5.0,11.40905
5,3,1.11,5.0,9.33615
5,3,1.12,5.0,7.20614
5,3,1.13,5.0,5.04374
5,3,1.14,5.0,2.87563
5,3,1.15,5.0,0.73021
5,3,1.16,5.0,-1.36286
5,3,1.17,5.0,-3.37323
5,3,1.18,5.0,-5.2704
5,3,1.19,5.0,-7.02397
5,3,1.2,5.0,-8.60458
5,3,1.21,5.0,-9.98424
5,3,1.22,5.0,-11.13702
5,3,1.23,5.0,-12.03963
5,3,1.24,5.0,-12.67181
5,3,1.25,5.0,-13.01716
5,3,1.26,5.0,-13.06331
5,3,1.27,5.0,-12.80262
5,3,1.28,5.0,-12.23235
5,3,1.29,5.0,-11.35492
5,3,1.3,5.0,-10.17829
5,3,1.31,5.0,-8.71573
5,3,1.32,5.0,-6.98589
5,3,1.33,5.0,-5.0125
5,3,1.34,5.0,-2.82402
5,3,1.35,5.0,-0.45299
5,3,1.36,5.0,2.06446
5,3,1.37,5.0,4.68958
5,3,1.38,5.0,7.38162
5,3,1.39,5.0,10.09821
5,3,1.4,5.0,12.79565
5,3,1.41,5.0,15.42809
5,3,1.42,5.0,17.94704
5,3,1.43,5.0,20.30046
5,3,1.44,5.0,22.43339
5,3,1.45,5.0,24.28932
5,3,1.46,5.0,25.81333
5,3,1.47,5.0,26.9551
5,3,1.48,5.0,27.67207
5,3,1.49,5.0,27.93167
5,3,1.5,5.0,27.71306
5,3,1.51,5.0,27.0078
5,3,1.52,5.0,25.8204
5,3,1.53,5.0,24.16829
5,3,1.54,5.0,22.08151
5,3,1.55,5.0,19.6021
5,3,1.56,5.0,16.7834
5,3,1.57,5.0,13.68885
5,3,1.58,5.0,10.39073
5,3,1.59,5.0,6.96846
5,3,1.6,5.0,3.5069
5,3,1.61,5.0,0.09421
5,3,1.62,5.0,-3.18022
5,3,1.63,5.0,-6.22795
5,3,1.64,5.0,-8.96397
5,3,1.65,5.0,-11.30885
5,3,1.66,5.0,-13.19076
5,3,1.67,5.0,-14.54734
5,3,1.68,5.0,-15.32749
5,3,1.69,5.0,-15.49216
5,3,1.7,5.0,-15.01611
5,3,1.71,5.0,-13.8889
5,3,1.72,5.0,-12.11703
5,3,1.73,5.0,-9.72742
5,3,1.74,5.0,-6.77143
5,3,1.75,5.0,-3.32783
5,3,1.76,5.0,0.49811
5,3,1.77,5.0,4.57895
5,3,1.78,5.0,8.77318
5,3,1.79,5.0,12.93287
5,3,1.8,5.0,16.91062
5,3,1.81,5.0,20.56546
5,3,1.82,5.0,23.76707
5,3,1.83,5.0,26.3999
5,3,1.84,5.0,28.3665
5,3,1.85,5.0,29.59058
5,3,1.86,5.0,30.01974
5,3,1.87,5.0,29.62788
5,3,1.88,5.0,28.41656
5,3,1.89,5.0,26.41587
5,3,1.9,5.0,23.68472
5,3,1.91,5.0,20.30955
5,3,1.92,5.0,16.40279
5,3,1.93,5.0,12.10003
5,3,1.94,5.0,7.55656
5,3,1.95,5.0,2.94327
5,3,1.96,5.0,-1.55811
5,3,1.97,5.0,-5.76067
5,3,1.98,5.0,-9.47873
5,3,1.99,5.0,-12.53726
5,3,2.0,5.0,-14.78394
10,3,0.0,6.0,7.49848
10,3,0.01,6.0,7.48765
10,3,0.02,6.0,7.45543
10,3,0.03,6.0,7.40161
10,3,0.04,6.0,7.32627
10,3,0.05,6.0,7.22965
10,3,0.06,6.0,7.11145
10,3,0.07,6.0,6.97178
10,3,0.08,6.0,6.81074
10,3,0.09,6.0,6.62844
10,3,0.1,6.0,6.42481
10,3,0.11,6.0,6.19997
10,3,0.12,6.0,5.95411
10,3,0.13,6.0,5.68728
10,3,0.14,6.0,5.39966
10,3,0.15,6.0,5.09146
10,3,0.16,6.0,4.76288
10,3,0.17,6.0,4.41416
10,3,0.18,6.0,4.04569
10,3,0.19,6.0,3.65782
10,3,0.2,6.0,3.25097
10,3,0.21,6.0,2.82564
10,3,0.22,6.0,2.38239
10,3,0.23,6.0,1.92187
10,3,0.24,6.0,1.44488
10,3,0.25,6.0,0.95216
10,3,0.26,6.0,0.44469
10,3,0.27,6.0,-0.07654
10,3,0.28,6.0,-0.61034
10,3,0.29,6.0,-1.15547
10,3,0.3,6.0,-1.71052
10,3,0.31,6.0,-2.27404
10,3,0.32,6.0,-2.84449
10,3,0.33,6.0,-3.41993
10,3,0.34,6.0,-3.99867
10,3,0.35,6.0,-4.57864
10,3,0.36,6.0,-5.15769
10,3,0.37,6.0,-5.73357
10,3,0.38,6.0,-6.3039
10,3,0.39,6.0,-6.86613
10,3,0.4,6.0,-7.41776
10,3,0.41,6.0,-7.95597
10,3,0.42,6.0,-8.47792
10,3,0.43,6.0,-8.98062
10,3,0.44,6.0,-9.46113
10,3,0.45,6.0,-9.91614
10,3,0.46,6.0,-10.34255
10,3,0.47,6.0,-10.73694
10,3,0.48,6.0,-11.09599
10,3,0.49,6.0,-11.41626
10,3,0.5,6.0,-11.69424
10,3,0.51,6.0,-11.92647
10,3,0.52,6.0,-12.10946
10,3,0.53,6.0,-12.23969
10,3,0.54,6.0,-12.31381
10,3,0.55,6.0,-12.32828
10,3,0.56,6.0,-12.28001
10,3,0.57,6.0,-12.16574
10,3,0.58,6.0,-11.98258
10,3,0.59,6.0,-11.72766
10,3,0.6,6.0,-11.39847
10,3,0.61,6.0,-10.99276
10,3,0.62,6.0,-10.50856
10,3,0.63,6.0,-9.94428
10,3,0.64,6.0,-9.29879
10,3,0.65,6.0,-8.57135
10,3,0.66,6.0,-7.76172
10,3,0.67,6.0,-6.87021
10,3,0.68,6.0,-5.8977
10,3,0.69,6.0,-4.84578
10,3,0.7,6.0,-3.71655
10,3,0.71,6.0,-2.51298
10,3,0.72,6.0,-1.23867
10,3,0.73,6.0,0.10201
10,3,0.74,6.0,1.50386
10,3,0.75,6.0,2.96094
10,3,0.76,6.0,4.46646
10,3,0.77,6.0,6.01285
10,3,0.78,6.0,7.59174
10,3,0.79,6.0,9.19404
10,3,0.8,6.0,10.8098
10,3,0.81,6.0,12.42858
10,3,0.82,6.0,14.03913
10,3,0.83,6.0,15.62972
10,3,0.84,6.0,17.18818
10,3,0.85,6.0,18.70189
10,3,0.86,6.0,20.15811
10,3,0.87,6.0,21.5439
10,3,0.88,6.0,22.84636
10,3,0.89,6.0,24.05277
10,3,0.9,6.0,25.15069
10,3,0.91,6.0,26.12824
10,3,0.92,6.0,26.97414
10,3,0.93,6.0,27.67784
10,3,0.94,6.0,28.2297
10,3,0.95,6.0,28.62106
10,3,0.96,6.0,28.84424
10,3,0.97,6.0,28.89279
10,3,0.98,6.0,28.76125
10,3,0.99,6.0,28.4455
10,3,1.0,6.0,27.94281
10,3,1.01,6.0,27.25175
10,3,1.02,6.0,26.37278
10,3,1.03,6.0,25.30834
10,3,1.04,6.0,24.06316
10,3,1.05,6.0,22.64445
10,3,1.06,6.0,21.06216
10,3,1.07,6.0,19.32891
10,3,1.08,6.0,17.46013
10,3,1.09,6.0,15.47366
10,3,1.1,6.0,13.38962
10,3,1.11,6.0,11.23053
10,3,1.12,6.0,9.02042
10,3,1.13,6.0,6.78527
10,3,1.14,6.0,4.55233
10,3,1.15,6.0,2.3502
10,3,1.16,6.0,0.20826
10,3,1.17,6.0,-1.84338
10,3,1.18,6.0,-3.77466
10,3,1.19,6.0,-5.55557
10,3,1.2,6.0,-7.15712
10,3,1.21,6.0,-8.55152
10,3,1.22,6.0,-9.71308
10,3,1.23,6.0,-10.61851
10,3,1.24,6.0,-11.24765
10,3,1.25,6.0,-11.584
10,3,1.26,6.0,-11.61493
10,3,1.27,6.0,-11.33262
10,3,1.28,6.0,-10.73393
10,3,1.29,6.0,-9.82095
10,3,1.3,6.0,-8.60103
10,3,1.31,6.0,-7.08706
10,3,1.32,6.0,-5.2972
10,3,1.33,6.0,-3.25496
10,3,1.34,6.0,-0.98868
10,3,1.35,6.0,1.46858
10,3,1.36,6.0,4.07933
10,3,1.37,6.0,6.80241
10,3,1.38,6.0,9.5929
10,3,1.39,6.0,12.40267
10,3,1.4,6.0,15.18064
10,3,1.41,6.0,17.87313
10,3,1.42,6.0,20.42444
10,3,1.43,6.0,22.77814
10,3,1.44,6.0,24.87831
10,3,1.45,6.0,26.67156
10,3,1.46,6.0,28.109
10,3,1.47,6.0,29.14808
10,3,1.48,6.0,29.75439
10,3,1.49,6.0,29.90256
10,3,1.5,6.0,29.57756
10,3,1.51,6.0,28.77512
10,3,1.52,6.0,27.5022
10,3,1.53,6.0,25.77739
10,3,1.54,6.0,23.63091
10,3,1.55,6.0,21.1045
10,3,1.56,6.0,18.25078
10,3,1.57,6.0,15.13252
10,3,1.58,6.0,11.82136
10,3,1.59,6.0,8.39633
10,3,1.6,6.0,4.94208
10,3,1.61,6.0,1.54692
10,3,1.62,6.0,-1.69958
10,3,1.63,6.0,-4.70851
10,3,1.64,6.0,-7.39427
10,3,1.65,6.0,-9.67673
10,3,1.66,6.0,-11.48356
10,3,1.67,6.0,-12.75235
10,3,1.68,6.0,-13.43269
10,3,1.69,6.0,-13.48818
10,3,1.7,6.0,-12.89837
10,3,1.71,6.0,-11.6608
10,3,1.72,6.0,-9.79322
10,3,1.73,6.0,-7.33492
10,3,1.74,6.0,-4.34811
10,3,1.75,6.0,-0.91686
10,3,1.76,6.0,2.85498
10,3,1.77,6.0,6.84789
10,3,1.78,6.0,10.93155
10,3,1.79,6.0,14.96984
10,3,1.8,6.0,18.826
10,3,1.81,6.0,22.36689
10,3,1.82,6.0,25.46748
10,3,1.83,6.0,28.01511
10,3,1.84,6.0,29.91341
10,3,1.85,6.0,31.08598
10,3,1.86,6.0,31.47997
10,3,1.87,6.0,31.06828
10,3,1.88,6.0,29.8519
10,3,1.89,6.0,27.86056
10,3,1.9,6.0,25.15311
10,3,1.91,6.0,21.81636
10,3,1.92,6.0,17.96334
10,3,1.93,6.0,13.73024
10,3,1.94,6.0,9.2729
10,3,1.95,6.0,4.76171
10,3,1.96,6.0,0.37605
10,3,1.97,6.0,-3.70262
10,3,1.98,6.0,-7.29878
10,3,1.99,6.0,-10.25233
10,3,2.0,6.0,-12.428
