Ri,M,Eta,k,Nuval,combo,p_Nuval
-1,0,0.0,1.0,0.57784,-1_0,0.62444687
-1,0,0.01,1.0,0.56699,-1_0,0.5945202
-1,0,0.02,1.0,0.53478,-1_0,0.54826486
-1,0,0.03,1.0,0.48103,-1_0,0.48489285
-1,0,0.04,1.0,0.40572,-1_0,0.40367842
-1,0,0.05,1.0,0.30893,-1_0,0.3039496
-1,0,0.06,1.0,0.19061,-1_0,0.18509603
-1,0,0.07,1.0,0.05077,-1_0,0.046576023
-1,0,0.08,1.0,-0.11048,-1_0,-0.11207199
-1,0,0.09,1.0,-0.29321,-1_0,-0.29124975
-1,0,0.1,1.0,-0.49741,-1_0,-0.49128366
-1,0,0.11,1.0,-0.72297,-1_0,-0.71239996
-1,0,0.12,1.0,-0.9698,-1_0,-0.9548104
-1,0,0.13,1.0,-1.23788,-1_0,-1.2186141
-1,0,0.14,1.0,-1.52712,-1_0,-1.5038531
-1,0,0.15,1.0,-1.83732,-1_0,-1.8105125
-1,0,0.16,1.0,-2.16837,-1_0,-2.1385288
-1,0,0.17,1.0,-2.52004,-1_0,-2.487739
-1,0,0.18,1.0,-2.89212,-1_0,-2.8579626
-1,0,0.19,1.0,-3.28426,-1_0,-3.248909
-1,0,0.2,1.0,-3.69619,-1_0,-3.6602712
-1,0,0.21,1.0,-4.12744,-1_0,-4.0916233
-1,0,0.22,1.0,-4.57766,-1_0,-4.5424933
-1,0,0.23,1.0,-5.04627,-1_0,-5.0123324
-1,0,0.24,1.0,-5.53267,-1_0,-5.5005007
-1,0,0.25,1.0,-6.03612,-1_0,-6.0062637
-1,0,0.26,1.0,-6.55592,-1_0,-6.5287857
-1,0,0.27,1.0,-7.09121,-1_0,-7.067169
-1,0,0.28,1.0,-7.64093,-1_0,-7.6203594
-1,0,0.29,1.0,-8.20409,-1_0,-8.1872015
-1,0,0.3,1.0,-8.77953,-1_0,-8.766459
-1,0,0.31,1.0,-9.36591,-1_0,-9.356732
-1,0,0.32,1.0,-9.96179,-1_0,-9.956509
-1,0,0.33,1.0,-10.56562,-1_0,-10.564141
-1,0,0.34,1.0,-11.17569,-1_0,-11.177854
-1,0,0.35,1.0,-11.79018,-1_0,-11.795744
-1,0,0.36,1.0,-12.4071,-1_0,-12.4156885
-1,0,0.37,1.0,-13.02434,-1_0,-13.035536
-1,0,0.38,1.0,-13.63962,-1_0,-13.65291
-1,0,0.39,1.0,-14.25051,-1_0,-14.265345
-1,0,0.4,1.0,-14.8544,-1_0,-14.87015
-1,0,0.41,1.0,-15.44859,-1_0,-15.464579
-1,0,0.42,1.0,-16.03014,-1_0,-16.04571
-1,0,0.43,1.0,-16.5961,-1_0,-16.61048
-1,0,0.44,1.0,-17.14327,-1_0,-17.155735
-1,0,0.45,1.0,-17.66827,-1_0,-17.678185
-1,0,0.46,1.0,-18.16771,-1_0,-18.174433
-1,0,0.47,1.0,-18.63805,-1_0,-18.641016
-1,0,0.48,1.0,-19.07558,-1_0,-19.07437
-1,0,0.49,1.0,-19.47661,-1_0,-19.470867
-1,0,0.5,1.0,-19.83725,-1_0,-19.826859
-1,0,0.51,1.0,-20.15363,-1_0,-20.138645
-1,0,0.52,1.0,-20.42182,-1_0,-20.402515
-1,0,0.53,1.0,-20.63793,-1_0,-20.614784
-1,0,0.54,1.0,-20.79803,-1_0,-20.771751
-1,0,0.55,1.0,-20.89818,-1_0,-20.869797
-1,0,0.56,1.0,-20.93464,-1_0,-20.905317
-1,0,0.57,1.0,-20.90371,-1_0,-20.874805
-1,0,0.58,1.0,-20.80186,-1_0,-20.774849
-1,0,0.59,1.0,-20.62573,-1_0,-20.602154
-1,0,0.6,1.0,-20.37217,-1_0,-20.353552
-1,0,0.61,1.0,-20.03834,-1_0,-20.026093
-1,0,0.62,1.0,-19.62169,-1_0,-19.617006
-1,0,0.63,1.0,-19.12002,-1_0,-19.123796
-1,0,0.64,1.0,-18.53156,-1_0,-18.54429
-1,0,0.65,1.0,-17.85499,-1_0,-17.876696
-1,0,0.66,1.0,-17.08951,-1_0,-17.119669
-1,0,0.67,1.0,-16.23483,-1_0,-16.272383
-1,0,0.68,1.0,-15.29137,-1_0,-15.334682
-1,0,0.69,1.0,-14.26003,-1_0,-14.307058
-1,0,0.7,1.0,-13.14254,-1_0,-13.190841
-1,0,0.71,1.0,-11.94129,-1_0,-11.988222
-1,0,0.72,1.0,-10.65956,-1_0,-10.702401
-1,0,0.73,1.0,-9.30127,-1_0,-9.337536
-1,0,0.74,1.0,-7.87131,-1_0,-7.8989134
-1,0,0.75,1.0,-6.37534,-1_0,-6.392849
-1,0,0.76,1.0,-4.81996,-1_0,-4.8266816
-1,0,0.77,1.0,-3.21265,-1_0,-3.2087803
-1,0,0.78,1.0,-1.56175,-1_0,-1.5483384
-1,0,0.79,1.0,0.12346,-1_0,0.14469004
-1,0,0.8,1.0,1.833,-1_0,1.8596879
-1,0,0.81,1.0,3.55591,-1_0,3.5855122
-1,0,0.82,1.0,5.2805,-1_0,5.310583
-1,0,0.83,1.0,6.99441,-1_0,7.0229554
-1,0,0.84,1.0,8.68467,-1_0,8.710203
-1,0,0.85,1.0,10.33764,-1_0,10.359475
-1,0,0.86,1.0,11.93921,-1_0,11.957448
-1,0,0.87,1.0,13.47504,-1_0,13.490137
-1,0,0.88,1.0,14.93046,-1_0,14.943101
-1,0,0.89,1.0,16.29081,-1_0,16.301447
-1,0,0.9,1.0,17.5414,-1_0,17.550102
-1,0,0.91,1.0,18.66781,-1_0,18.674002
-1,0,0.92,1.0,19.65616,-1_0,19.658485
-1,0,0.93,1.0,20.49303,-1_0,20.489672
-1,0,0.94,1.0,21.16589,-1_0,21.154713
-1,0,0.95,1.0,21.66317,-1_0,21.6421
-1,0,0.96,1.0,21.97455,-1_0,21.941841
-1,0,0.97,1.0,22.09111,-1_0,22.045616
-1,0,0.98,1.0,22.00556,-1_0,21.946896
-1,0,0.99,1.0,21.71251,-1_0,21.641083
-1,0,1.0,1.0,21.20846,-1_0,21.125702
-1,0,1.01,1.0,20.49219,-1_0,20.40055
-1,0,1.02,1.0,19.56488,-1_0,19.46792
-1,0,1.03,1.0,18.4301,-1_0,18.332722
-1,0,1.04,1.0,17.09418,-1_0,17.00246
-1,0,1.05,1.0,15.56606,-1_0,15.487141
-1,0,1.06,1.0,13.85754,-1_0,13.798921
-1,0,1.07,1.0,11.98308,-1_0,11.951762
-1,0,1.08,1.0,9.96005,-1_0,9.961187
-1,0,1.09,1.0,7.80846,-1_0,7.844032
-1,0,1.1,1.0,5.55093,-1_0,5.618759
-1,0,1.11,1.0,3.21251,-1_0,3.3059149
-1,0,1.12,1.0,0.82043,-1_0,0.9288244
-1,0,1.13,1.0,-1.59605,-1_0,-1.4857268
-1,0,1.14,1.0,-4.00606,-1_0,-3.9072084
-1,0,1.15,1.0,-6.37741,-1_0,-6.3014345
-1,0,1.16,1.0,-8.67706,-1_0,-8.631384
-1,0,1.17,1.0,-10.87162,-1_0,-10.858389
-1,0,1.18,1.0,-12.92769,-1_0,-12.943713
-1,0,1.19,1.0,-14.81252,-1_0,-14.850212
-1,0,1.2,1.0,-16.49459,-1_0,-16.543644
-1,0,1.21,1.0,-17.94413,-1_0,-17.99399
-1,0,1.22,1.0,-19.13365,-1_0,-19.175879
-1,0,1.23,1.0,-20.0387,-1_0,-20.06864
-1,0,1.24,1.0,-20.63833,-1_0,-20.655909
-1,0,1.25,1.0,-20.91565,-1_0,-20.924839
-1,0,1.26,1.0,-20.85844,-1_0,-20.86557
-1,0,1.27,1.0,-20.4596,-1_0,-20.47096
-1,0,1.28,1.0,-19.71744,-1_0,-19.736912
-1,0,1.29,1.0,-18.63619,-1_0,-18.663311
-1,0,1.3,1.0,-17.22605,-1_0,-17.25548
-1,0,1.31,1.0,-15.50347,-1_0,-15.5259285
-1,0,1.32,1.0,-13.49115,-1_0,-13.495737
-1,0,1.33,1.0,-11.2179,-1_0,-11.195513
-1,0,1.34,1.0,-8.71855,-1_0,-8.664972
-1,0,1.35,1.0,-6.03324,-1_0,-5.951668
-1,0,1.36,1.0,-3.20731,-1_0,-3.1086497
-1,0,1.37,1.0,-0.29046,-1_0,-0.1914289
-1,0,1.38,1.0,2.66398,-1_0,2.7447498
-1,0,1.39,1.0,5.59995,-1_0,5.64697
-1,0,1.4,1.0,8.45973,-1_0,8.464873
-1,0,1.41,1.0,11.18519,-1_0,11.149605
-1,0,1.42,1.0,13.71865,-1_0,13.652053
-1,0,1.43,1.0,16.00445,-1_0,15.921715
-1,0,1.44,1.0,17.99021,-1_0,17.907084
-1,0,1.45,1.0,19.62806,-1_0,19.557573
-1,0,1.46,1.0,20.87596,-1_0,20.82662
-1,0,1.47,1.0,21.69898,-1_0,21.674297
-1,0,1.48,1.0,22.07044,-1_0,22.069328
-1,0,1.49,1.0,21.97291,-1_0,21.99028
-1,0,1.5,1.0,21.39907,-1_0,21.426546
-1,0,1.51,1.0,20.35227,-1_0,20.379578
-1,0,1.52,1.0,18.84712,-1_0,18.864304
-1,0,1.53,1.0,16.90946,-1_0,16.909992
-1,0,1.54,1.0,14.57636,-1_0,14.559447
-1,0,1.55,1.0,11.89584,-1_0,11.86642
-1,0,1.56,1.0,8.92592,-1_0,8.892118
-1,0,1.57,1.0,5.73366,-1_0,5.702747
-1,0,1.58,1.0,2.39398,-1_0,2.369162
-1,0,1.59,1.0,-1.01207,-1_0,-1.0322273
-1,0,1.6,1.0,-4.3992,-1_0,-4.4185
-1,0,1.61,1.0,-7.67977,-1_0,-7.7013245
-1,0,1.62,1.0,-10.7664,-1_0,-10.79046
-1,0,1.63,1.0,-13.57394,-1_0,-13.597416
-1,0,1.64,1.0,-16.02229,-1_0,-16.039894
-1,0,1.65,1.0,-18.03862,-1_0,-18.045633
-1,0,1.66,1.0,-19.55988,-1_0,-19.555689
-1,0,1.67,1.0,-20.53495,-1_0,-20.525309
-1,0,1.68,1.0,-20.92663,-1_0,-20.923147
-1,0,1.69,1.0,-20.71329,-1_0,-20.729317
-1,0,1.7,1.0,-19.89026,-1_0,-19.934616
-1,0,1.71,1.0,-18.47066,-1_0,-18.542542
-1,0,1.72,1.0,-16.48558,-1_0,-16.574053
-1,0,1.73,1.0,-13.98409,-1_0,-14.071688
-1,0,1.74,1.0,-11.03226,-1_0,-11.098891
-1,0,1.75,1.0,-7.71196,-1_0,-7.736948
-1,0,1.76,1.0,-4.11885,-1_0,-4.084744
-1,0,1.77,1.0,-0.35995,-1_0,-0.25870275
-1,0,1.78,1.0,3.4494,-1_0,3.6113954
-1,0,1.79,1.0,7.18906,-1_0,7.3849745
-1,0,1.8,1.0,10.73765,-1_0,10.919319
-1,0,1.81,1.0,13.97668,-1_0,14.089723
-1,0,1.82,1.0,16.79443,-1_0,16.803574
-1,0,1.83,1.0,19.0905,-1_0,18.993475
-1,0,1.84,1.0,20.7791,-1_0,20.60414
-1,0,1.85,1.0,21.79296,-1_0,21.590456
-1,0,1.86,1.0,22.08628,-1_0,21.917934
-1,0,1.87,1.0,21.63718,-1_0,21.553062
-1,0,1.88,1.0,20.44956,-1_0,20.462791
-1,0,1.89,1.0,18.55357,-1_0,18.64535
-1,0,1.9,1.0,16.00582,-1_0,16.157772
-1,0,1.91,1.0,12.88812,-1_0,13.093023
-1,0,1.92,1.0,9.30539,-1_0,9.532509
-1,0,1.93,1.0,5.38261,-1_0,5.555557
-1,0,1.94,1.0,1.26087,-1_0,1.3102123
-1,0,1.95,1.0,-2.90756,-1_0,-2.9764104
-1,0,1.96,1.0,-6.96465,-1_0,-7.075197
-1,0,1.97,1.0,-10.7526,-1_0,-10.8195305
-1,0,1.98,1.0,-14.12012,-1_0,-14.117826
-1,0,1.99,1.0,-16.92876,-1_0,-16.93979
-1,0,2.0,1.0,-19.05861,-1_0,-19.298334
5,0,0.0,2.0,4.70317,5_0,4.7057
5,0,0.01,2.0,4.69233,5_0,4.697639
5,0,0.02,2.0,4.66016,5_0,4.6698103
5,0,0.03,2.0,4.60639,5_0,4.6215315
5,0,0.04,2.0,4.53102,5_0,4.5522814
5,0,0.05,2.0,4.43422,5_0,4.4615946
5,0,0.06,2.0,4.31595,5_0,4.3491607
5,0,0.07,2.0,4.17619,5_0,4.2147503
5,0,0.08,2.0,4.01488,5_0,4.058223
5,0,0.09,2.0,3.83216,5_0,3.8794973
5,0,0.1,2.0,3.62793,5_0,3.6785684
5,0,0.11,2.0,3.40232,5_0,3.4554877
5,0,0.12,2.0,3.1555,5_0,3.2103176
5,0,0.13,2.0,2.88735,5_0,2.9431736
5,0,0.14,2.0,2.5981,5_0,2.6542141
5,0,0.15,2.0,2.2879,5_0,2.343583
5,0,0.16,2.0,1.95674,5_0,2.011517
5,0,0.17,2.0,1.60503,5_0,1.658186
5,0,0.18,2.0,1.23293,5_0,1.2839007
5,0,0.19,2.0,0.84073,5_0,0.8889283
5,0,0.2,2.0,0.42873,5_0,0.47361994
5,0,0.21,2.0,-0.00257,5_0,0.038395643
5,0,0.22,2.0,-0.45288,5_0,-0.4163282
5,0,0.23,2.0,-0.9215,5_0,-0.88996315
5,0,0.24,2.0,-1.40787,5_0,-1.3819077
5,0,0.25,2.0,-1.91141,5_0,-1.89146
5,0,0.26,2.0,-2.43129,5_0,-2.4177804
5,0,0.27,2.0,-2.9667,5_0,-2.9599762
5,0,0.28,2.0,-3.51654,5_0,-3.5169592
5,0,0.29,2.0,-4.07983,5_0,-4.0875835
5,0,0.3,2.0,-4.65535,5_0,-4.6705194
5,0,0.31,2.0,-5.24183,5_0,-5.2643747
5,0,0.32,2.0,-5.83782,5_0,-5.8675117
5,0,0.33,2.0,-6.44177,5_0,-6.4782686
5,0,0.34,2.0,-7.05195,5_0,-7.094739
5,0,0.35,2.0,-7.66665,5_0,-7.714945
5,0,0.36,2.0,-8.28366,5_0,-8.336764
5,0,0.37,2.0,-8.90106,5_0,-8.957898
5,0,0.38,2.0,-9.51651,5_0,-9.575983
5,0,0.39,2.0,-10.12752,5_0,-10.188479
5,0,0.4,2.0,-10.73159,5_0,-10.792731
5,0,0.41,2.0,-11.32596,5_0,-11.386003
5,0,0.42,2.0,-11.90769,5_0,-11.965403
5,0,0.43,2.0,-12.47382,5_0,-12.527959
5,0,0.44,2.0,-13.02111,5_0,-13.070611
5,0,0.45,2.0,-13.54628,5_0,-13.590183
5,0,0.46,2.0,-14.04584,5_0,-14.083403
5,0,0.47,2.0,-14.5164,5_0,-14.546957
5,0,0.48,2.0,-14.9541,5_0,-14.9774
5,0,0.49,2.0,-15.35525,5_0,-15.371229
5,0,0.5,2.0,-15.71605,5_0,-15.724909
5,0,0.51,2.0,-16.03251,5_0,-16.034784
5,0,0.52,2.0,-16.30088,5_0,-16.297186
5,0,0.53,2.0,-16.51706,5_0,-16.508392
5,0,0.54,2.0,-16.67721,5_0,-16.664652
5,0,0.55,2.0,-16.77746,5_0,-16.762215
5,0,0.56,2.0,-16.81399,5_0,-16.797333
5,0,0.57,2.0,-16.78312,5_0,-16.766325
5,0,0.58,2.0,-16.6813,5_0,-16.665564
5,0,0.59,2.0,-16.50514,5_0,-16.49156
5,0,0.6,2.0,-16.25159,5_0,-16.240946
5,0,0.61,2.0,-15.91771,5_0,-15.910618
5,0,0.62,2.0,-15.50099,5_0,-15.497709
5,0,0.63,2.0,-14.99922,5_0,-14.999687
5,0,0.64,2.0,-14.41062,5_0,-14.414431
5,0,0.65,2.0,-13.73394,5_0,-13.740292
5,0,0.66,2.0,-12.96829,5_0,-12.976188
5,0,0.67,2.0,-12.1134,5_0,-12.121623
5,0,0.68,2.0,-11.16976,5_0,-11.1768875
5,0,0.69,2.0,-10.13815,5_0,-10.142936
5,0,0.7,2.0,-9.0204,5_0,-9.021666
5,0,0.71,2.0,-7.8189,5_0,-7.8157806
5,0,0.72,2.0,-6.5369,5_0,-6.52894
5,0,0.73,2.0,-5.17836,5_0,-5.165748
5,0,0.74,2.0,-3.74808,5_0,-3.731648
5,0,0.75,2.0,-2.25186,5_0,-2.2330122
5,0,0.76,2.0,-0.69623,5_0,-0.67686725
5,0,0.77,2.0,0.91131,5_0,0.92886484
5,0,0.78,2.0,2.56243,5_0,2.5758045
5,0,0.79,2.0,4.24791,5_0,4.2549872
5,0,0.8,2.0,5.95761,5_0,5.9569416
5,0,0.81,2.0,7.68069,5_0,7.671651
5,0,0.82,2.0,9.40544,5_0,9.388664
5,0,0.83,2.0,11.11952,5_0,11.096801
5,0,0.84,2.0,12.80986,5_0,12.784153
5,0,0.85,2.0,14.46288,5_0,14.437921
5,0,0.86,2.0,16.06446,5_0,16.044338
5,0,0.87,2.0,17.60028,5_0,17.588737
5,0,0.88,2.0,19.0557,5_0,19.05556
5,0,0.89,2.0,20.41592,5_0,20.428806
5,0,0.9,2.0,21.66647,5_0,21.692215
5,0,0.91,2.0,22.79281,5_0,22.829844
5,0,0.92,2.0,23.78108,5_0,23.826403
5,0,0.93,2.0,24.61787,5_0,24.667727
5,0,0.94,2.0,25.29065,5_0,25.340973
5,0,0.95,2.0,25.78785,5_0,25.834818
5,0,0.96,2.0,26.09919,5_0,26.139502
5,0,0.97,2.0,26.21569,5_0,26.246826
5,0,0.98,2.0,26.13012,5_0,26.150137
5,0,0.99,2.0,25.83705,5_0,25.844423
5,0,1.0,2.0,25.33302,5_0,25.32652
5,0,1.01,2.0,24.61679,5_0,24.59536
5,0,1.02,2.0,23.68951,5_0,23.652416
5,0,1.03,2.0,22.55481,5_0,22.502071
5,0,1.04,2.0,21.21895,5_0,21.151924
5,0,1.05,2.0,19.6909,5_0,19.612835
5,0,1.06,2.0,17.98241,5_0,17.898678
5,0,1.07,2.0,16.10802,5_0,16.025837
5,0,1.08,2.0,14.08503,5_0,14.012661
5,0,1.09,2.0,11.93343,5_0,11.878724
5,0,1.1,2.0,9.67592,5_0,9.644539
5,0,1.11,2.0,7.3374,5_0,7.331694
5,0,1.12,2.0,4.94522,5_0,4.9632163
5,0,1.13,2.0,2.5286,5_0,2.5643563
5,0,1.14,2.0,0.11835,5_0,0.16317964
5,0,1.15,2.0,-2.25324,5_0,-2.209084
5,0,1.16,2.0,-4.5532,5_0,-4.518287
5,0,1.17,2.0,-6.74812,5_0,-6.728158
5,0,1.18,2.0,-8.80456,5_0,-8.801525
5,0,1.19,2.0,-10.68982,5_0,-10.701881
5,0,1.2,2.0,-12.37229,5_0,-12.394599
5,0,1.21,2.0,-13.8222,5_0,-13.848366
5,0,1.22,2.0,-15.01211,5_0,-15.035826
5,0,1.23,2.0,-15.91747,5_0,-15.934027
5,0,1.24,2.0,-16.51738,5_0,-16.524328
5,0,1.25,2.0,-16.79495,5_0,-16.792236
5,0,1.26,2.0,-16.73798,5_0,-16.727081
5,0,1.27,2.0,-16.33925,5_0,-16.322052
5,0,1.28,2.0,-15.59709,5_0,-15.574535
5,0,1.29,2.0,-14.51574,5_0,-14.486956
5,0,1.3,2.0,-13.10541,5_0,-13.067837
5,0,1.31,2.0,-11.38256,5_0,-11.332926
5,0,1.32,2.0,-9.36989,5_0,-9.30602
5,0,1.33,2.0,-7.09632,5_0,-7.0191765
5,0,1.34,2.0,-4.5965,5_0,-4.5119133
5,0,1.35,2.0,-1.91073,5_0,-1.8295937
5,0,1.36,2.0,0.91558,5_0,0.9788562
5,0,1.37,2.0,3.83283,5_0,3.8634212
5,0,1.38,2.0,6.78764,5_0,6.7748218
5,0,1.39,2.0,9.72393,5_0,9.664964
5,0,1.4,2.0,12.58406,5_0,12.485808
5,0,1.41,2.0,15.30972,5_0,15.1875515
5,0,1.42,2.0,17.84336,5_0,17.717052
5,0,1.43,2.0,20.12928,5_0,20.018108
5,0,1.44,2.0,22.11517,5_0,22.033764
5,0,1.45,2.0,23.75301,5_0,23.710016
5,0,1.46,2.0,25.00096,5_0,24.999502
5,0,1.47,2.0,25.82406,5_0,25.863657
5,0,1.48,2.0,26.19561,5_0,26.273329
5,0,1.49,2.0,26.09816,5_0,26.208254
5,0,1.5,2.0,25.52444,5_0,25.656855
5,0,1.51,2.0,24.47776,5_0,24.617311
5,0,1.52,2.0,22.97273,5_0,23.10004
5,0,1.53,2.0,21.03519,5_0,21.1305
5,0,1.54,2.0,18.70224,5_0,18.750793
5,0,1.55,2.0,16.02178,5_0,16.018257
5,0,1.56,2.0,13.05182,5_0,13.001581
5,0,1.57,2.0,9.8595,5_0,9.775621
5,0,1.58,2.0,6.51963,5_0,6.4183903
5,0,1.59,2.0,3.11332,5_0,3.0099206
5,0,1.6,2.0,-0.27414,5_0,-0.36664152
5,0,1.61,2.0,-3.55519,5_0,-3.625577
5,0,1.62,2.0,-6.64234,5_0,-6.6809263
5,0,1.63,2.0,-9.45047,5_0,-9.450366
5,0,1.64,2.0,-11.89945,5_0,-11.858796
5,0,1.65,2.0,-13.91644,5_0,-13.840866
5,0,1.66,2.0,-15.43833,5_0,-15.341997
5,0,1.67,2.0,-16.41397,5_0,-16.318048
5,0,1.68,2.0,-16.80612,5_0,-16.7343
5,0,1.69,2.0,-16.59315,5_0,-16.564812
5,0,1.7,2.0,-15.77033,5_0,-15.793812
5,0,1.71,2.0,-14.35082,5_0,-14.419685
5,0,1.72,2.0,-12.36562,5_0,-12.460262
5,0,1.73,2.0,-9.86384,5_0,-9.957191
5,0,1.74,2.0,-6.9116,5_0,-6.9794254
5,0,1.75,2.0,-3.59082,5_0,-3.62281
5,0,1.76,2.0,0.0028,5_0,-0.00012612343
5,0,1.77,2.0,3.76224,5_0,3.7735586
5,0,1.78,2.0,7.57216,5_0,7.5862093
5,0,1.79,2.0,11.3123,5_0,11.324544
5,0,1.8,2.0,14.86129,5_0,14.869967
5,0,1.81,2.0,18.10066,5_0,18.099823
5,0,1.82,2.0,20.91878,5_0,20.89591
5,0,1.83,2.0,23.21512,5_0,23.158627
5,0,1.84,2.0,24.90399,5_0,24.816591
5,0,1.85,2.0,25.91817,5_0,25.821514
5,0,1.86,2.0,26.21179,5_0,26.132895
5,0,1.87,2.0,25.76306,5_0,25.710972
5,0,1.88,2.0,24.57575,5_0,24.533499
5,0,1.89,2.0,22.68006,5_0,22.625263
5,0,1.9,2.0,20.13256,5_0,20.065107
5,0,1.91,2.0,17.01495,5_0,16.955883
5,0,1.92,2.0,13.43221,5_0,13.390797
5,0,1.93,2.0,9.50938,5_0,9.466122
5,0,1.94,2.0,5.38742,5_0,5.3270435
5,0,1.95,2.0,1.21858,5_0,1.1679181
5,0,1.96,2.0,-2.8391,5_0,-2.8211446
5,0,1.97,2.0,-6.62785,5_0,-6.499565
5,0,1.98,2.0,-9.99622,5_0,-9.785368
5,0,1.99,2.0,-12.80576,5_0,-12.645219
5,0,2.0,2.0,-14.9365,5_0,-15.081308
10,0,0.0,3.0,7.49848,10_0,7.560157
10,0,0.01,3.0,7.48765,10_0,7.525386
10,0,0.02,3.0,7.45539,10_0,7.472956
10,0,0.03,3.0,7.40163,10_0,7.4025245
10,0,0.04,3.0,7.32625,10_0,7.313743
10,0,0.05,3.0,7.22947,10_0,7.2062902
10,0,0.06,3.0,7.11119,10_0,7.079859
10,0,0.07,3.0,6.9715,10_0,6.934182
10,0,0.08,3.0,6.81017,10_0,6.7690167
10,0,0.09,3.0,6.62743,10_0,6.584154
10,0,0.1,3.0,6.42325,10_0,6.379406
10,0,0.11,3.0,6.19758,10_0,6.154617
10,0,0.12,3.0,5.95064,10_0,5.90967
10,0,0.13,3.0,5.6825,10_0,5.644459
10,0,0.14,3.0,5.39324,10_0,5.3589053
10,0,0.15,3.0,5.083,10_0,5.0529866
10,0,0.16,3.0,4.75199,10_0,4.7266855
10,0,0.17,3.0,4.4002,10_0,4.380045
10,0,0.18,3.0,4.02811,10_0,4.0131354
10,0,0.19,3.0,3.63589,10_0,3.626099
10,0,0.2,3.0,3.2239,10_0,3.2191303
10,0,0.21,3.0,2.79254,10_0,2.7924755
10,0,0.22,3.0,2.34222,10_0,2.3464797
10,0,0.23,3.0,1.87357,10_0,1.8815427
10,0,0.24,3.0,1.38714,10_0,1.3982308
10,0,0.25,3.0,0.88356,10_0,0.89711714
10,0,0.26,3.0,0.36361,10_0,0.37895918
10,0,0.27,3.0,-0.1718,10_0,-0.15539193
10,0,0.28,3.0,-0.72168,10_0,-0.70494175
10,0,0.29,3.0,-1.28501,10_0,-1.2685506
10,0,0.3,3.0,-1.86064,10_0,-1.8449817
10,0,0.31,3.0,-2.44716,10_0,-2.4328074
10,0,0.32,3.0,-3.04319,10_0,-3.030457
10,0,0.33,3.0,-3.64723,10_0,-3.6362438
10,0,0.34,3.0,-4.25746,10_0,-4.24831
10,0,0.35,3.0,-4.87217,10_0,-4.86468
10,0,0.36,3.0,-5.48932,10_0,-5.483208
10,0,0.37,3.0,-6.10685,10_0,-6.1016283
10,0,0.38,3.0,-6.72229,10_0,-6.7175903
10,0,0.39,3.0,-7.33345,10_0,-7.328541
10,0,0.4,3.0,-7.93754,10_0,-7.931857
10,0,0.41,3.0,-8.53198,10_0,-8.524815
10,0,0.42,3.0,-9.11382,10_0,-9.104539
10,0,0.43,3.0,-9.67997,10_0,-9.668085
10,0,0.44,3.0,-10.2274,10_0,-10.212387
10,0,0.45,3.0,-10.75265,10_0,-10.734275
10,0,0.46,3.0,-11.25229,10_0,-11.230507
10,0,0.47,3.0,-11.72291,10_0,-11.69773
10,0,0.48,3.0,-12.16072,10_0,-12.132495
10,0,0.49,3.0,-12.56199,10_0,-12.531267
10,0,0.5,3.0,-12.92283,10_0,-12.890427
10,0,0.51,3.0,-13.23941,10_0,-13.206284
10,0,0.52,3.0,-13.50778,10_0,-13.475057
10,0,0.53,3.0,-13.72406,10_0,-13.692909
10,0,0.54,3.0,-13.88426,10_0,-13.855993
10,0,0.55,3.0,-13.98456,10_0,-13.960371
10,0,0.56,3.0,-14.02113,10_0,-14.002176
10,0,0.57,3.0,-13.99029,10_0,-13.977514
10,0,0.58,3.0,-13.88845,10_0,-13.882591
10,0,0.59,3.0,-13.71232,10_0,-13.713722
10,0,0.6,3.0,-13.45875,10_0,-13.467392
10,0,0.61,3.0,-13.12485,10_0,-13.14031
10,0,0.62,3.0,-12.7081,10_0,-12.729499
10,0,0.63,3.0,-12.20633,10_0,-12.232357
10,0,0.64,3.0,-11.61776,10_0,-11.646698
10,0,0.65,3.0,-10.94099,10_0,-10.970967
10,0,0.66,3.0,-10.17526,10_0,-10.204128
10,0,0.67,3.0,-9.32035,10_0,-9.345936
10,0,0.68,3.0,-8.37653,10_0,-8.396886
10,0,0.69,3.0,-7.3449,10_0,-7.3582907
10,0,0.7,3.0,-6.22707,10_0,-6.2324104
10,0,0.71,3.0,-5.02546,10_0,-5.022329
10,0,0.72,3.0,-3.74333,10_0,-3.732059
10,0,0.73,3.0,-2.38464,10_0,-2.366516
10,0,0.74,3.0,-0.95424,10_0,-0.93130565
10,0,0.75,3.0,0.54209,10_0,0.56715107
10,0,0.76,3.0,2.09775,10_0,2.1218462
10,0,0.77,3.0,3.70538,10_0,3.725144
10,0,0.78,3.0,5.35664,10_0,5.369004
10,0,0.79,3.0,7.04222,10_0,7.044981
10,0,0.8,3.0,8.752,10_0,8.74396
10,0,0.81,3.0,10.47516,10_0,10.456422
10,0,0.82,3.0,12.19991,10_0,12.172159
10,0,0.83,3.0,13.91402,10_0,13.880066
10,0,0.84,3.0,15.60439,10_0,15.568135
10,0,0.85,3.0,17.25748,10_0,17.223202
10,0,0.86,3.0,18.85903,10_0,18.83098
10,0,0.87,3.0,20.39484,10_0,20.376245
10,0,0.88,3.0,21.8502,10_0,21.842989
10,0,0.89,3.0,23.21043,10_0,23.214832
10,0,0.9,3.0,24.46092,10_0,24.475546
10,0,0.91,3.0,25.58726,10_0,25.609444
10,0,0.92,3.0,26.57549,10_0,26.601831
10,0,0.93,3.0,27.41221,10_0,27.439425
10,0,0.94,3.0,28.08502,10_0,28.110332
10,0,0.95,3.0,28.58222,10_0,28.604239
10,0,0.96,3.0,28.89351,10_0,28.91213
10,0,0.97,3.0,29.01002,10_0,29.026293
10,0,0.98,3.0,28.92451,10_0,28.940128
10,0,0.99,3.0,28.63147,10_0,28.648136
10,0,1.0,3.0,28.12748,10_0,28.146158
10,0,1.01,3.0,27.41132,10_0,27.431715
10,0,1.02,3.0,26.48409,10_0,26.504566
10,0,1.03,3.0,25.34949,10_0,25.367325
10,0,1.04,3.0,24.0137,10_0,24.026026
10,0,1.05,3.0,22.48576,10_0,22.49052
10,0,1.06,3.0,20.77733,10_0,20.774487
10,0,1.07,3.0,18.90303,10_0,18.894976
10,0,1.08,3.0,16.88013,10_0,16.871778
10,0,1.09,3.0,14.72862,10_0,14.726405
10,0,1.1,3.0,12.47111,10_0,12.481378
10,0,1.11,3.0,10.13262,10_0,10.1598215
10,0,1.12,3.0,7.7404,10_0,7.78559
10,0,1.13,3.0,5.32374,10_0,5.3837857
10,0,1.14,3.0,2.9135,10_0,2.9815376
10,0,1.15,3.0,0.54172,10_0,0.60860205
10,0,1.16,3.0,-1.75833,10_0,-1.7024927
10,0,1.17,3.0,-3.95338,10_0,-3.916832
10,0,1.18,3.0,-6.00996,10_0,-5.9980526
10,0,1.19,3.0,-7.89543,10_0,-7.9096994
10,0,1.2,3.0,-9.57811,10_0,-9.616592
10,0,1.21,3.0,-11.02826,10_0,-11.086229
10,0,1.22,3.0,-12.21837,10_0,-12.289633
10,0,1.23,3.0,-13.12394,10_0,-13.202088
10,0,1.24,3.0,-13.72403,10_0,-13.803242
10,0,1.25,3.0,-14.00178,10_0,-14.077255
10,0,1.26,3.0,-13.94488,10_0,-14.01272
10,0,1.27,3.0,-13.54626,10_0,-13.602739
10,0,1.28,3.0,-12.80419,10_0,-12.845418
10,0,1.29,3.0,-11.72288,10_0,-11.744513
10,0,1.3,3.0,-10.31257,10_0,-10.310374
10,0,1.31,3.0,-8.58975,10_0,-8.560771
10,0,1.32,3.0,-6.57704,10_0,-6.5213118
10,0,1.33,3.0,-4.30334,10_0,-4.2253284
10,0,1.34,3.0,-1.80341,10_0,-1.7126851
10,0,1.35,3.0,0.88244,10_0,0.97197735
10,0,1.36,3.0,3.70893,10_0,3.7815108
10,0,1.37,3.0,6.62629,10_0,6.668266
10,0,1.38,3.0,9.58113,10_0,9.584977
10,0,1.39,3.0,12.51754,10_0,12.484225
10,0,1.4,3.0,15.37775,10_0,15.316525
10,0,1.41,3.0,18.1035,10_0,18.02855
10,0,1.42,3.0,20.63719,10_0,20.562521
10,0,1.43,3.0,22.92318,10_0,22.858305
10,0,1.44,3.0,24.9091,10_0,24.857302
10,0,1.45,3.0,26.54707,10_0,26.506996
10,0,1.46,3.0,27.79506,10_0,27.76447
10,0,1.47,3.0,28.61826,10_0,28.597227
10,0,1.48,3.0,28.98992,10_0,28.982157
10,0,1.49,3.0,28.89264,10_0,28.903496
10,0,1.5,3.0,28.31904,10_0,28.351734
10,0,1.51,3.0,27.27253,10_0,27.324274
10,0,1.52,3.0,25.76768,10_0,25.828331
10,0,1.53,3.0,23.83035,10_0,23.88482
10,0,1.54,3.0,21.49757,10_0,21.531456
10,0,1.55,3.0,18.8173,10_0,18.82296
10,0,1.56,3.0,15.84751,10_0,15.827551
10,0,1.57,3.0,12.65529,10_0,12.621418
10,0,1.58,3.0,9.31547,10_0,9.283573
10,0,1.59,3.0,5.90916,10_0,5.893114
10,0,1.6,3.0,2.52163,10_0,2.529651
10,0,1.61,3.0,-0.75958,10_0,-0.7259338
10,0,1.62,3.0,-3.84693,10_0,-3.7921267
10,0,1.63,3.0,-6.65535,10_0,-6.588763
10,0,1.64,3.0,-9.10462,10_0,-9.039726
10,0,1.65,3.0,-11.12198,10_0,-11.074969
10,0,1.66,3.0,-12.64417,10_0,-12.631289
10,0,1.67,3.0,-13.62018,10_0,-13.652779
10,0,1.68,3.0,-14.01265,10_0,-14.092443
10,0,1.69,3.0,-13.79995,10_0,-13.915594
10,0,1.7,3.0,-12.9774,10_0,-13.105259
10,0,1.71,3.0,-11.55803,10_0,-11.668146
10,0,1.72,3.0,-9.57297,10_0,-9.639037
10,0,1.73,3.0,-7.07122,10_0,-7.0817585
10,0,1.74,3.0,-4.11904,10_0,-4.0842524
10,0,1.75,3.0,-0.7982,10_0,-0.7468574
10,0,1.76,3.0,2.79549,10_0,2.8298867
10,0,1.77,3.0,6.55503,10_0,6.550201
10,0,1.78,3.0,10.36504,10_0,10.320722
10,0,1.79,3.0,14.10527,10_0,14.044407
10,0,1.8,3.0,17.65439,10_0,17.61348
10,0,1.81,3.0,20.89388,10_0,20.905212
10,0,1.82,3.0,23.71215,10_0,23.787537
10,0,1.83,3.0,26.00866,10_0,26.137472
10,0,1.84,3.0,27.69771,10_0,27.860275
10,0,1.85,3.0,28.7121,10_0,28.890696
10,0,1.86,3.0,29.006,10_0,29.180244
10,0,1.87,3.0,28.55757,10_0,28.694366
10,0,1.88,3.0,27.37062,10_0,27.430567
10,0,1.89,3.0,25.47529,10_0,25.437609
10,0,1.9,3.0,22.92811,10_0,22.808973
10,0,1.91,3.0,19.81085,10_0,19.651814
10,0,1.92,3.0,16.22843,10_0,16.064793
10,0,1.93,3.0,12.30575,10_0,12.154085
10,0,1.94,3.0,8.1839,10_0,8.064178
10,0,1.95,3.0,4.01504,10_0,3.971322
10,0,1.96,3.0,-0.04279,10_0,0.042214155
10,0,1.97,3.0,-3.83178,10_0,-3.5983353
10,0,1.98,3.0,-7.20055,10_0,-6.8749857
10,0,1.99,3.0,-10.01054,10_0,-9.753776
10,0,2.0,3.0,-12.1418,10_0,-12.231932
-1,3,0.0,4.0,0.57784,-1_3,0.6591555
-1,3,0.01,4.0,0.567,-1_3,0.61373615
-1,3,0.02,4.0,0.53484,-1_3,0.5539044
-1,3,0.03,4.0,0.48119,-1_3,0.47908306
-1,3,0.04,4.0,0.4063,-1_3,0.38874388
-1,3,0.05,4.0,0.31049,-1_3,0.2824459
-1,3,0.06,4.0,0.19375,-1_3,0.15979815
-1,3,0.07,4.0,0.0567,-1_3,0.020460606
-1,3,0.08,4.0,-0.10032,-1_3,-0.13577795
-1,3,0.09,4.0,-0.27685,-1_3,-0.30909967
-1,3,0.1,4.0,-0.4726,-1_3,-0.4996009
-1,3,0.11,4.0,-0.68685,-1_3,-0.70732164
-1,3,0.12,4.0,-0.91906,-1_3,-0.93221474
-1,3,0.13,4.0,-1.16867,-1_3,-1.1741838
-1,3,0.14,4.0,-1.43502,-1_3,-1.4330878
-1,3,0.15,4.0,-1.71768,-1_3,-1.7086911
-1,3,0.16,4.0,-2.01593,-1_3,-2.0007267
-1,3,0.17,4.0,-2.32926,-1_3,-2.3088932
-1,3,0.18,4.0,-2.65714,-1_3,-2.6327848
-1,3,0.19,4.0,-2.99914,-1_3,-2.9720058
-1,3,0.2,4.0,-3.35464,-1_3,-3.326058
-1,3,0.21,4.0,-3.72327,-1_3,-3.6944194
-1,3,0.22,4.0,-4.10442,-1_3,-4.0765243
-1,3,0.23,4.0,-4.49771,-1_3,-4.471696
-1,3,0.24,4.0,-4.90248,-1_3,-4.879264
-1,3,0.25,4.0,-5.3182,-1_3,-5.2984695
-1,3,0.26,4.0,-5.74425,-1_3,-5.728462
-1,3,0.27,4.0,-6.17994,-1_3,-6.168379
-1,3,0.28,4.0,-6.62441,-1_3,-6.617237
-1,3,0.29,4.0,-7.07685,-1_3,-7.0740213
-1,3,0.3,4.0,-7.53633,-1_3,-7.537586
-1,3,0.31,4.0,-8.00173,-1_3,-8.006734
-1,3,0.32,4.0,-8.47189,-1_3,-8.48017
-1,3,0.33,4.0,-8.94554,-1_3,-8.956498
-1,3,0.34,4.0,-9.42123,-1_3,-9.434234
-1,3,0.35,4.0,-9.8974,-1_3,-9.911769
-1,3,0.36,4.0,-10.37228,-1_3,-10.387427
-1,3,0.37,4.0,-10.84413,-1_3,-10.859364
-1,3,0.38,4.0,-11.31098,-1_3,-11.32566
-1,3,0.39,4.0,-11.77064,-1_3,-11.784241
-1,3,0.4,4.0,-12.2208,-1_3,-12.23292
-1,3,0.41,4.0,-12.65914,-1_3,-12.669405
-1,3,0.42,4.0,-13.08306,-1_3,-13.091237
-1,3,0.43,4.0,-13.48987,-1_3,-13.495855
-1,3,0.44,4.0,-13.87675,-1_3,-13.880556
-1,3,0.45,4.0,-14.24074,-1_3,-14.242531
-1,3,0.46,4.0,-14.5788,-1_3,-14.578844
-1,3,0.47,4.0,-14.88772,-1_3,-14.886433
-1,3,0.48,4.0,-15.16435,-1_3,-15.162167
-1,3,0.49,4.0,-15.40527,-1_3,-15.402798
-1,3,0.5,4.0,-15.6071,-1_3,-15.605009
-1,3,0.51,4.0,-15.7664,-1_3,-15.76543
-1,3,0.52,4.0,-15.87981,-1_3,-15.880629
-1,3,0.53,4.0,-15.94376,-1_3,-15.947172
-1,3,0.54,4.0,-15.95497,-1_3,-15.961611
-1,3,0.55,4.0,-15.91,-1_3,-15.920521
-1,3,0.56,4.0,-15.80562,-1_3,-15.820538
-1,3,0.57,4.0,-15.63874,-1_3,-15.658358
-1,3,0.58,4.0,-15.40633,-1_3,-15.430801
-1,3,0.59,4.0,-15.10568,-1_3,-15.13485
-1,3,0.6,4.0,-14.73422,-1_3,-14.767641
-1,3,0.61,4.0,-14.28971,-1_3,-14.326576
-1,3,0.62,4.0,-13.7702,-1_3,-13.809347
-1,3,0.63,4.0,-13.17417,-1_3,-13.213972
-1,3,0.64,4.0,-12.50048,-1_3,-12.538946
-1,3,0.65,4.0,-11.74842,-1_3,-11.783163
-1,3,0.66,4.0,-10.91782,-1_3,-10.94616
-1,3,0.67,4.0,-10.00911,-1_3,-10.028118
-1,3,0.68,4.0,-9.02322,-1_3,-9.029944
-1,3,0.69,4.0,-7.96177,-1_3,-7.953389
-1,3,0.7,4.0,-6.82712,-1_3,-6.8011065
-1,3,0.71,4.0,-5.62225,-1_3,-5.5766783
-1,3,0.72,4.0,-4.35096,-1_3,-4.284764
-1,3,0.73,4.0,-3.01783,-1_3,-2.9309855
-1,3,0.74,4.0,-1.62825,-1_3,-1.5220041
-1,3,0.75,4.0,-0.18844,-1_3,-0.06546235
-1,3,0.76,4.0,1.29455,-1_3,1.4301223
-1,3,0.77,4.0,2.81285,-1_3,2.9554417
-1,3,0.78,4.0,4.35767,-1_3,4.5004683
-1,3,0.79,4.0,5.91949,-1_3,6.0546417
-1,3,0.8,4.0,7.48788,-1_3,7.606934
-1,3,0.81,4.0,9.05183,-1_3,9.146026
-1,3,0.82,4.0,10.59946,-1_3,10.660337
-1,3,0.83,4.0,12.1184,-1_3,12.138248
-1,3,0.84,4.0,13.59559,-1_3,13.568009
-1,3,0.85,4.0,15.0176,-1_3,14.938085
-1,3,0.86,4.0,16.3706,-1_3,16.237099
-1,3,0.87,4.0,17.64069,-1_3,17.454037
-1,3,0.88,4.0,18.81373,-1_3,18.578306
-1,3,0.89,4.0,19.87583,-1_3,19.599916
-1,3,0.9,4.0,20.81335,-1_3,20.509521
-1,3,0.91,4.0,21.61327,-1_3,21.298567
-1,3,0.92,4.0,22.26332,-1_3,21.959246
-1,3,0.93,4.0,22.75243,-1_3,22.484594
-1,3,0.94,4.0,23.07117,-1_3,22.868422
-1,3,0.95,4.0,23.21213,-1_3,23.10539
-1,3,0.96,4.0,23.17101,-1_3,23.190903
-1,3,0.97,4.0,22.94787,-1_3,23.121214
-1,3,0.98,4.0,22.54998,-1_3,22.893444
-1,3,0.99,4.0,21.99796,-1_3,22.505707
-1,3,1.0,4.0,21.33367,-1_3,21.957249
-1,3,1.01,4.0,20.60602,-1_3,21.248653
-1,3,1.02,4.0,19.82105,-1_3,20.382006
-1,3,1.03,4.0,18.94748,-1_3,19.361044
-1,3,1.04,4.0,17.95405,-1_3,18.19128
-1,3,1.05,4.0,16.82089,-1_3,16.88
-1,3,1.06,4.0,15.53826,-1_3,15.436169
-1,3,1.07,4.0,14.10456,-1_3,13.870285
-1,3,1.08,4.0,12.52477,-1_3,12.194309
-1,3,1.09,4.0,10.80969,-1_3,10.421354
-1,3,1.1,4.0,8.97504,-1_3,8.565866
-1,3,1.11,4.0,7.04076,-1_3,6.6436524
-1,3,1.12,4.0,5.03036,-1_3,4.672127
-1,3,1.13,4.0,2.97011,-1_3,2.6706824
-1,3,1.14,4.0,0.88859,-1_3,0.66088474
-1,3,1.15,4.0,-1.18404,-1_3,-1.333365
-1,3,1.16,4.0,-3.21649,-1_3,-3.286015
-1,3,1.17,4.0,-5.17709,-1_3,-5.1692996
-1,3,1.18,4.0,-7.03411,-1_3,-6.9544153
-1,3,1.19,4.0,-8.75632,-1_3,-8.612415
-1,3,1.2,4.0,-10.31378,-1_3,-10.1150675
-1,3,1.21,4.0,-11.67796,-1_3,-11.435843
-1,3,1.22,4.0,-12.82271,-1_3,-12.550525
-1,3,1.23,4.0,-13.72462,-1_3,-13.437785
-1,3,1.24,4.0,-14.36352,-1_3,-14.079426
-1,3,1.25,4.0,-14.72321,-1_3,-14.460524
-1,3,1.26,4.0,-14.79178,-1_3,-14.569374
-1,3,1.27,4.0,-14.56199,-1_3,-14.397614
-1,3,1.28,4.0,-14.03199,-1_3,-13.940239
-1,3,1.29,4.0,-13.2051,-1_3,-13.196036
-1,3,1.3,4.0,-12.09048,-1_3,-12.16798
-1,3,1.31,4.0,-10.70296,-1_3,-10.863866
-1,3,1.32,4.0,-9.06299,-1_3,-9.296784
-1,3,1.33,4.0,-7.19652,-1_3,-7.4855795
-1,3,1.34,4.0,-5.13458,-1_3,-5.4546766
-1,3,1.35,4.0,-2.91257,-1_3,-3.2336717
-1,3,1.36,4.0,-0.56941,-1_3,-0.85643554
-1,3,1.37,4.0,1.85382,-1_3,1.6402366
-1,3,1.38,4.0,4.31605,-1_3,4.217833
-1,3,1.39,4.0,6.78012,-1_3,6.83708
-1,3,1.4,4.0,9.21987,-1_3,9.457958
-1,3,1.41,4.0,11.63473,-1_3,12.039011
-1,3,1.42,4.0,14.054,-1_3,14.535841
-1,3,1.43,4.0,16.46726,-1_3,16.899992
-1,3,1.44,4.0,18.77962,-1_3,19.078682
-1,3,1.45,4.0,20.87639,-1_3,21.016146
-1,3,1.46,4.0,22.66094,-1_3,22.656496
-1,3,1.47,4.0,24.0577,-1_3,23.946909
-1,3,1.48,4.0,25.00976,-1_3,24.840378
-1,3,1.49,4.0,25.47751,-1_3,25.297462
-1,3,1.5,4.0,25.43751,-1_3,25.287054
-1,3,1.51,4.0,24.88178,-1_3,24.787289
-1,3,1.52,4.0,23.81682,-1_3,23.787405
-1,3,1.53,4.0,22.26285,-1_3,22.290928
-1,3,1.54,4.0,20.25271,-1_3,20.31917
-1,3,1.55,4.0,17.83122,-1_3,17.91322
-1,3,1.56,4.0,15.05388,-1_3,15.132537
-1,3,1.57,4.0,11.9858,-1_3,12.050184
-1,3,1.58,4.0,8.70043,-1_3,8.747215
-1,3,1.59,4.0,5.27785,-1_3,5.307952
-1,3,1.6,4.0,1.80311,-1_3,1.8189144
-1,3,1.61,4.0,-1.63594,-1_3,-1.6317706
-1,3,1.62,4.0,-4.95068,-1_3,-4.955448
-1,3,1.63,4.0,-8.054,-1_3,-8.065617
-1,3,1.64,4.0,-10.86272,-1_3,-10.881014
-1,3,1.65,4.0,-13.29992,-1_3,-13.327342
-1,3,1.66,4.0,-15.29683,-1_3,-15.3382435
-1,3,1.67,4.0,-16.79498,-1_3,-16.855196
-1,3,1.68,4.0,-17.74747,-1_3,-17.827005
-1,3,1.69,4.0,-18.11953,-1_3,-18.20866
-1,3,1.7,4.0,-17.88792,-1_3,-17.961061
-1,3,1.71,4.0,-17.03749,-1_3,-17.053404
-1,3,1.72,4.0,-15.55148,-1_3,-15.46896
-1,3,1.73,4.0,-13.39187,-1_3,-13.212114
-1,3,1.74,4.0,-10.50916,-1_3,-10.314017
-1,3,1.75,4.0,-6.95656,-1_3,-6.8386393
-1,3,1.76,4.0,-2.90632,-1_3,-2.8913474
-1,3,1.77,4.0,1.44569,-1_3,1.3814172
-1,3,1.78,4.0,5.91458,-1_3,5.806843
-1,3,1.79,4.0,10.32881,-1_3,10.206493
-1,3,1.8,4.0,14.52981,-1_3,14.415111
-1,3,1.81,4.0,18.37244,-1_3,18.287594
-1,3,1.82,4.0,21.72674,-1_3,21.68945
-1,3,1.83,4.0,24.47961,-1_3,24.490774
-1,3,1.84,4.0,26.537,-1_3,26.580887
-1,3,1.85,4.0,27.82606,-1_3,27.88813
-1,3,1.86,4.0,28.29741,-1_3,28.375265
-1,3,1.87,4.0,27.92706,-1_3,28.01876
-1,3,1.88,4.0,26.71793,-1_3,26.807875
-1,3,1.89,4.0,24.70078,-1_3,24.77063
-1,3,1.9,4.0,21.93405,-1_3,21.985256
-1,3,1.91,4.0,18.50305,-1_3,18.547943
-1,3,1.92,4.0,14.5179,-1_3,14.536296
-1,3,1.93,4.0,10.11111,-1_3,10.041244
-1,3,1.94,4.0,5.43365,-1_3,5.2410507
-1,3,1.95,4.0,0.65105,-1_3,0.39286947
-1,3,1.96,4.0,-4.06047,-1_3,-4.251517
-1,3,1.97,4.0,-8.51755,-1_3,-8.505357
-1,3,1.98,4.0,-12.52962,-1_3,-12.258231
-1,3,1.99,4.0,-15.89084,-1_3,-15.465794
-1,3,2.0,4.0,-18.36141,-1_3,-18.134628
5,3,0.0,5.0,4.70317,5_3,4.761576
5,3,0.01,5.0,4.69233,5_3,4.724823
5,3,0.02,5.0,4.66014,5_3,4.6713896
5,3,0.03,5.0,4.60655,5_3,4.6006584
5,3,0.04,5.0,4.53126,5_3,4.512082
5,3,0.05,5.0,4.43472,5_3,4.4052167
5,3,0.06,5.0,4.31671,5_3,4.279669
5,3,0.07,5.0,4.17758,5_3,4.13515
5,3,0.08,5.0,4.0172,5_3,3.9714293
5,3,0.09,5.0,3.83575,5_3,3.7883444
5,3,0.1,5.0,3.63345,5_3,3.5857878
5,3,0.11,5.0,3.41046,5_3,3.3637378
5,3,0.12,5.0,3.16697,5_3,3.1221662
5,3,0.13,5.0,2.90317,5_3,2.8611708
5,3,0.14,5.0,2.61936,5_3,2.580831
5,3,0.15,5.0,2.31582,5_3,2.281317
5,3,0.16,5.0,1.99292,5_3,1.962825
5,3,0.17,5.0,1.65106,5_3,1.6256235
5,3,0.18,5.0,1.29061,5_3,1.2700169
5,3,0.19,5.0,0.91219,5_3,0.896404
5,3,0.2,5.0,0.51626,5_3,0.50523996
5,3,0.21,5.0,0.10341,5_3,0.097043514
5,3,0.22,5.0,-0.32567,5_3,-0.32757926
5,3,0.23,5.0,-0.77015,5_3,-0.7679479
5,3,0.24,5.0,-1.22933,5_3,-1.2232256
5,3,0.25,5.0,-1.70234,5_3,-1.6925726
5,3,0.26,5.0,-2.18818,5_3,-2.1749816
5,3,0.27,5.0,-2.68567,5_3,-2.6693969
5,3,0.28,5.0,-3.1939,5_3,-3.1746335
5,3,0.29,5.0,-3.7115,5_3,-3.6893902
5,3,0.3,5.0,-4.23716,5_3,-4.212304
5,3,0.31,5.0,-4.76956,5_3,-4.741898
5,3,0.32,5.0,-5.30711,5_3,-5.276591
5,3,0.33,5.0,-5.84828,5_3,-5.81472
5,3,0.34,5.0,-6.39122,5_3,-6.354521
5,3,0.35,5.0,-6.93414,5_3,-6.894124
5,3,0.36,5.0,-7.47513,5_3,-7.431576
5,3,0.37,5.0,-8.0121,5_3,-7.964864
5,3,0.38,5.0,-8.54288,5_3,-8.491821
5,3,0.39,5.0,-9.0652,5_3,-9.010217
5,3,0.4,5.0,-9.57658,5_3,-9.517714
5,3,0.41,5.0,-10.0745,5_3,-10.011901
5,3,0.42,5.0,-10.55628,5_3,-10.490201
5,3,0.43,5.0,-11.01919,5_3,-10.95
5,3,0.44,5.0,-11.46028,5_3,-11.388538
5,3,0.45,5.0,-11.87663,5_3,-11.802958
5,3,0.46,5.0,-12.26512,5_3,-12.190319
5,3,0.47,5.0,-12.62252,5_3,-12.547561
5,3,0.48,5.0,-12.94556,5_3,-12.87152
5,3,0.49,5.0,-13.23092,5_3,-13.158985
5,3,0.5,5.0,-13.47522,5_3,-13.406641
5,3,0.51,5.0,-13.67497,5_3,-13.611128
5,3,0.52,5.0,-13.82678,5_3,-13.76902
5,3,0.53,5.0,-13.92723,5_3,-13.876883
5,3,0.54,5.0,-13.9729,5_3,-13.93125
5,3,0.55,5.0,-13.96048,5_3,-13.928692
5,3,0.56,5.0,-13.88667,5_3,-13.865797
5,3,0.57,5.0,-13.74839,5_3,-13.739235
5,3,0.58,5.0,-13.54267,5_3,-13.545795
5,3,0.59,5.0,-13.26669,5_3,-13.282382
5,3,0.6,5.0,-12.91805,5_3,-12.946119
5,3,0.61,5.0,-12.4944,5_3,-12.534358
5,3,0.62,5.0,-11.99384,5_3,-12.044734
5,3,0.63,5.0,-11.41479,5_3,-11.475257
5,3,0.64,5.0,-10.75606,5_3,-10.824315
5,3,0.65,5.0,-10.01703,5_3,-10.090818
5,3,0.66,5.0,-9.1974,5_3,-9.27421
5,3,0.67,5.0,-8.29763,5_3,-8.374565
5,3,0.68,5.0,-7.31855,5_3,-7.392661
5,3,0.69,5.0,-6.26177,5_3,-6.3299828
5,3,0.7,5.0,-5.12954,5_3,-5.1888976
5,3,0.71,5.0,-3.92476,5_3,-3.9726195
5,3,0.72,5.0,-2.65119,5_3,-2.6852632
5,3,0.73,5.0,-1.31322,5_3,-1.3318603
5,3,0.74,5.0,0.08383,5_3,0.08167958
5,3,0.75,5.0,1.53393,5_3,1.5484439
5,3,0.76,5.0,3.03018,5_3,3.0607705
5,3,0.77,5.0,4.56495,5_3,4.610115
5,3,0.78,5.0,6.12965,5_3,6.1871843
5,3,0.79,5.0,7.71503,5_3,7.782021
5,3,0.8,5.0,9.31106,5_3,9.383952
5,3,0.81,5.0,10.90692,5_3,10.981821
5,3,0.82,5.0,12.49135,5_3,12.563949
5,3,0.83,5.0,14.05229,5_3,14.118247
5,3,0.84,5.0,15.57736,5_3,15.632357
5,3,0.85,5.0,17.0537,5_3,17.093729
5,3,0.86,5.0,18.46833,5_3,18.489796
5,3,0.87,5.0,19.80804,5_3,19.808197
5,3,0.88,5.0,21.05983,5_3,21.036907
5,3,0.89,5.0,22.21082,5_3,22.164434
5,3,0.9,5.0,23.24862,5_3,23.17999
5,3,0.91,5.0,24.1615,5_3,24.073582
5,3,0.92,5.0,24.93864,5_3,24.836065
5,3,0.93,5.0,25.5703,5_3,25.45922
5,3,0.94,5.0,26.04797,5_3,25.935661
5,3,0.95,5.0,26.3648,5_3,26.258749
5,3,0.96,5.0,26.51544,5_3,26.422625
5,3,0.97,5.0,26.49629,5_3,26.42209
5,3,0.98,5.0,26.3053,5_3,26.252695
5,3,0.99,5.0,25.94193,5_3,25.910809
5,3,1.0,5.0,25.40674,5_3,25.393879
5,3,1.01,5.0,24.70118,5_3,24.700666
5,3,1.02,5.0,23.82749,5_3,23.83168
5,3,1.03,5.0,22.78857,5_3,22.789415
5,3,1.04,5.0,21.58808,5_3,21.578798
5,3,1.05,5.0,20.23095,5_3,20.20727
5,3,1.06,5.0,18.72378,5_3,18.684776
5,3,1.07,5.0,17.07537,5_3,17.023594
5,3,1.08,5.0,15.29694,5_3,15.238064
5,3,1.09,5.0,13.40253,5_3,13.344077
5,3,1.1,5.0,11.40905,5_3,11.358851
5,3,1.11,5.0,9.33615,5_3,9.30083
5,3,1.12,5.0,7.20614,5_3,7.1897945
5,3,1.13,5.0,5.04374,5_3,5.0471725
5,3,1.14,5.0,2.87563,5_3,2.896507
5,3,1.15,5.0,0.73021,5_3,0.7637532
5,3,1.16,5.0,-1.36286,5_3,-1.3227832
5,3,1.17,5.0,-3.37323,5_3,-3.3326578
5,3,1.18,5.0,-5.2704,5_3,-5.234128
5,3,1.19,5.0,-7.02397,5_3,-6.995102
5,3,1.2,5.0,-8.60458,5_3,-8.584254
5,3,1.21,5.0,-9.98424,5_3,-9.972127
5,3,1.22,5.0,-11.13702,5_3,-11.132062
5,3,1.23,5.0,-12.03963,5_3,-12.040767
5,3,1.24,5.0,-12.67181,5_3,-12.67875
5,3,1.25,5.0,-13.01716,5_3,-13.030427
5,3,1.26,5.0,-13.06331,5_3,-13.084208
5,3,1.27,5.0,-12.80262,5_3,-12.832534
5,3,1.28,5.0,-12.23235,5_3,-12.27207
5,3,1.29,5.0,-11.35492,5_3,-11.404095
5,3,1.3,5.0,-10.17829,5_3,-10.234994
5,3,1.31,5.0,-8.71573,5_3,-8.776809
5,3,1.32,5.0,-6.98589,5_3,-7.0475645
5,3,1.33,5.0,-5.0125,5_3,-5.0713997
5,3,1.34,5.0,-2.82402,5_3,-2.8780274
5,3,1.35,5.0,-0.45299,5_3,-0.5017905
5,3,1.36,5.0,2.06446,5_3,2.0196905
5,3,1.37,5.0,4.68958,5_3,4.6470394
5,3,1.38,5.0,7.38162,5_3,7.340169
5,3,1.39,5.0,10.09821,5_3,10.058527
5,3,1.4,5.0,12.79565,5_3,12.7601795
5,3,1.41,5.0,15.42809,5_3,15.400271
5,3,1.42,5.0,17.94704,5_3,17.929407
5,3,1.43,5.0,20.30046,5_3,20.293396
5,3,1.44,5.0,22.43339,5_3,22.434776
5,3,1.45,5.0,24.28932,5_3,24.295994
5,3,1.46,5.0,25.81333,5_3,25.823421
5,3,1.47,5.0,26.9551,5_3,26.970367
5,3,1.48,5.0,27.67207,5_3,27.698526
5,3,1.49,5.0,27.93167,5_3,27.977797
5,3,1.5,5.0,27.71306,5_3,27.78554
5,3,1.51,5.0,27.0078,5_3,27.106682
5,3,1.52,5.0,25.8204,5_3,25.935757
5,3,1.53,5.0,24.16829,5_3,24.280739
5,3,1.54,5.0,22.08151,5_3,22.167305
5,3,1.55,5.0,19.6021,5_3,19.641222
5,3,1.56,5.0,16.7834,5_3,16.766813
5,3,1.57,5.0,13.68885,5_3,13.621563
5,3,1.58,5.0,10.39073,5_3,10.289375
5,3,1.59,5.0,6.96846,5_3,6.855308
5,3,1.6,5.0,3.5069,5_3,3.4042544
5,3,1.61,5.0,0.09421,5_3,0.021079302
5,3,1.62,5.0,-3.18022,5_3,-3.2098508
5,3,1.63,5.0,-6.22795,5_3,-6.2061787
5,3,1.64,5.0,-8.96397,5_3,-8.890616
5,3,1.65,5.0,-11.30885,5_3,-11.192481
5,3,1.66,5.0,-13.19076,5_3,-13.048535
5,3,1.67,5.0,-14.54734,5_3,-14.402275
5,3,1.68,5.0,-15.32749,5_3,-15.203262
5,3,1.69,5.0,-15.49216,5_3,-15.407043
5,3,1.7,5.0,-15.01611,5_3,-14.97723
5,3,1.71,5.0,-13.8889,5_3,-13.890308
5,3,1.72,5.0,-12.11703,5_3,-12.141919
5,3,1.73,5.0,-9.72742,5_3,-9.7533865
5,3,1.74,5.0,-6.77143,5_3,-6.7781887
5,3,1.75,5.0,-3.32783,5_3,-3.3057084
5,3,1.76,5.0,0.49811,5_3,0.5440531
5,3,1.77,5.0,4.57895,5_3,4.6320157
5,3,1.78,5.0,8.77318,5_3,8.811489
5,3,1.79,5.0,12.93287,5_3,12.938682
5,3,1.8,5.0,16.91062,5_3,16.880697
5,3,1.81,5.0,20.56546,5_3,20.514004
5,3,1.82,5.0,23.76707,5_3,23.716856
5,3,1.83,5.0,26.3999,5_3,26.366684
5,3,1.84,5.0,28.3665,5_3,28.351768
5,3,1.85,5.0,29.59058,5_3,29.587143
5,3,1.86,5.0,30.01974,5_3,30.018648
5,3,1.87,5.0,29.62788,5_3,29.61746
5,3,1.88,5.0,28.41656,5_3,28.384504
5,3,1.89,5.0,26.41587,5_3,26.363443
5,3,1.9,5.0,23.68472,5_3,23.636627
5,3,1.91,5.0,20.30955,5_3,20.294338
5,3,1.92,5.0,16.40279,5_3,16.413113
5,3,1.93,5.0,12.10003,5_3,12.08835
5,3,1.94,5.0,7.55656,5_3,7.4875793
5,3,1.95,5.0,2.94327,5_3,2.8394966
5,3,1.96,5.0,-1.55811,5_3,-1.6315379
5,3,1.97,5.0,-5.76067,5_3,-5.7550535
5,3,1.98,5.0,-9.47873,5_3,-9.426285
5,3,1.99,5.0,-12.53726,5_3,-12.599121
5,3,2.0,5.0,-14.78394,5_3,-15.272806
10,3,0.0,6.0,7.49848,10_3,7.61862
10,3,0.01,6.0,7.48765,10_3,7.5705695
10,3,0.02,6.0,7.45543,10_3,7.5064454
10,3,0.03,6.0,7.40161,10_3,7.4260793
10,3,0.04,6.0,7.32627,10_3,7.329228
10,3,0.05,6.0,7.22965,10_3,7.215564
10,3,0.06,6.0,7.11145,10_3,7.084753
10,3,0.07,6.0,6.97178,10_3,6.9363995
10,3,0.08,6.0,6.81074,10_3,6.7701383
10,3,0.09,6.0,6.62844,10_3,6.585586
10,3,0.1,6.0,6.42481,10_3,6.382388
10,3,0.11,6.0,6.19997,10_3,6.16021
10,3,0.12,6.0,5.95411,10_3,5.9187436
10,3,0.13,6.0,5.68728,10_3,5.657736
10,3,0.14,6.0,5.39966,10_3,5.376935
10,3,0.15,6.0,5.09146,10_3,5.076166
10,3,0.16,6.0,4.76288,10_3,4.7552977
10,3,0.17,6.0,4.41416,10_3,4.414244
10,3,0.18,6.0,4.04569,10_3,4.0530095
10,3,0.19,6.0,3.65782,10_3,3.6716778
10,3,0.2,6.0,3.25097,10_3,3.2703867
10,3,0.21,6.0,2.82564,10_3,2.8494515
10,3,0.22,6.0,2.38239,10_3,2.40924
10,3,0.23,6.0,1.92187,10_3,1.9503098
10,3,0.24,6.0,1.44488,10_3,1.4733242
10,3,0.25,6.0,0.95216,10_3,0.979125
10,3,0.26,6.0,0.44469,10_3,0.46870136
10,3,0.27,6.0,-0.07654,10_3,-0.056762695
10,3,0.28,6.0,-0.61034,10_3,-0.59596133
10,3,0.29,6.0,-1.15547,10_3,-1.1473827
10,3,0.3,6.0,-1.71052,10_3,-1.7093978
10,3,0.31,6.0,-2.27404,10_3,-2.2802205
10,3,0.32,6.0,-2.84449,10_3,-2.857943
10,3,0.33,6.0,-3.41993,10_3,-3.4405088
10,3,0.34,6.0,-3.99867,10_3,-4.025771
10,3,0.35,6.0,-4.57864,10_3,-4.6115127
10,3,0.36,6.0,-5.15769,10_3,-5.1954155
10,3,0.37,6.0,-5.73357,10_3,-5.775053
10,3,0.38,6.0,-6.3039,10_3,-6.3479557
10,3,0.39,6.0,-6.86613,10_3,-6.911584
10,3,0.4,6.0,-7.41776,10_3,-7.4632826
10,3,0.41,6.0,-7.95597,10_3,-8.000372
10,3,0.42,6.0,-8.47792,10_3,-8.520055
10,3,0.43,6.0,-8.98062,10_3,-9.019488
10,3,0.44,6.0,-9.46113,10_3,-9.495708
10,3,0.45,6.0,-9.91614,10_3,-9.945693
10,3,0.46,6.0,-10.34255,10_3,-10.366348
10,3,0.47,6.0,-10.73694,10_3,-10.754498
10,3,0.48,6.0,-11.09599,10_3,-11.106908
10,3,0.49,6.0,-11.41626,10_3,-11.42029
10,3,0.5,6.0,-11.69424,10_3,-11.691341
10,3,0.51,6.0,-11.92647,10_3,-11.91671
10,3,0.52,6.0,-12.10946,10_3,-12.093049
10,3,0.53,6.0,-12.23969,10_3,-12.217037
10,3,0.54,6.0,-12.31381,10_3,-12.285396
10,3,0.55,6.0,-12.32828,10_3,-12.29487
10,3,0.56,6.0,-12.28001,10_3,-12.242337
10,3,0.57,6.0,-12.16574,10_3,-12.124738
10,3,0.58,6.0,-11.98258,10_3,-11.939192
10,3,0.59,6.0,-11.72766,10_3,-11.682976
10,3,0.6,6.0,-11.39847,10_3,-11.353564
10,3,0.61,6.0,-10.99276,10_3,-10.948697
10,3,0.62,6.0,-10.50856,10_3,-10.466376
10,3,0.63,6.0,-9.94428,10_3,-9.904976
10,3,0.64,6.0,-9.29879,10_3,-9.263192
10,3,0.65,6.0,-8.57135,10_3,-8.540216
10,3,0.66,6.0,-7.76172,10_3,-7.735654
10,3,0.67,6.0,-6.87021,10_3,-6.849639
10,3,0.68,6.0,-5.8977,10_3,-5.8829403
10,3,0.69,6.0,-4.84578,10_3,-4.836867
10,3,0.7,6.0,-3.71655,10_3,-3.713431
10,3,0.71,6.0,-2.51298,10_3,-2.5153766
10,3,0.72,6.0,-1.23867,10_3,-1.2460415
10,3,0.73,6.0,0.10201,10_3,0.09032345
10,3,0.74,6.0,1.50386,10_3,1.4888163
10,3,0.75,6.0,2.96094,10_3,2.9436312
10,3,0.76,6.0,4.46646,10_3,4.448207
10,3,0.77,6.0,6.01285,10_3,5.9952044
10,3,0.78,6.0,7.59174,10_3,7.5763726
10,3,0.79,6.0,9.19404,10_3,9.182648
10,3,0.8,6.0,10.8098,10_3,10.804132
10,3,0.81,6.0,12.42858,10_3,12.430059
10,3,0.82,6.0,14.03913,10_3,14.048931
10,3,0.83,6.0,15.62972,10_3,15.648482
10,3,0.84,6.0,17.18818,10_3,17.215816
10,3,0.85,6.0,18.70189,10_3,18.73756
10,3,0.86,6.0,20.15811,10_3,20.200035
10,3,0.87,6.0,21.5439,10_3,21.589579
10,3,0.88,6.0,22.84636,10_3,22.892696
10,3,0.89,6.0,24.05277,10_3,24.096426
10,3,0.9,6.0,25.15069,10_3,25.188515
10,3,0.91,6.0,26.12824,10_3,26.1576
10,3,0.92,6.0,26.97414,10_3,26.993353
10,3,0.93,6.0,27.67784,10_3,27.686512
10,3,0.94,6.0,28.2297,10_3,28.228758
10,3,0.95,6.0,28.62106,10_3,28.61269
10,3,0.96,6.0,28.84424,10_3,28.831642
10,3,0.97,6.0,28.89279,10_3,28.879583
10,3,0.98,6.0,28.76125,10_3,28.751106
10,3,0.99,6.0,28.4455,10_3,28.4415
10,3,1.0,6.0,27.94281,10_3,27.946928
10,3,1.01,6.0,27.25175,10_3,27.264832
10,3,1.02,6.0,26.37278,10_3,26.394405
10,3,1.03,6.0,25.30834,10_3,25.337086
10,3,1.04,6.0,24.06316,10_3,24.09716
10,3,1.05,6.0,22.64445,10_3,22.682022
10,3,1.06,6.0,21.06216,10_3,21.102463
10,3,1.07,6.0,19.32891,10_3,19.372303
10,3,1.08,6.0,17.46013,10_3,17.508183
10,3,1.09,6.0,15.47366,10_3,15.528672
10,3,1.1,6.0,13.38962,10_3,13.453819
10,3,1.11,6.0,11.23053,10_3,11.304709
10,3,1.12,6.0,9.02042,10_3,9.103308
10,3,1.13,6.0,6.78527,10_3,6.872722
10,3,1.14,6.0,4.55233,10_3,4.6377544
10,3,1.15,6.0,2.3502,10_3,2.4252276
10,3,1.16,6.0,0.20826,10_3,0.26433158
10,3,1.17,6.0,-1.84338,10_3,-1.8136563
10,3,1.18,6.0,-3.77466,10_3,-3.7759428
10,3,1.19,6.0,-5.55557,10_3,-5.589242
10,3,1.2,6.0,-7.15712,10_3,-7.220908
10,3,1.21,6.0,-8.55152,10_3,-8.640222
10,3,1.22,6.0,-9.71308,10_3,-9.8193
10,3,1.23,6.0,-10.61851,10_3,-10.733839
10,3,1.24,6.0,-11.24765,10_3,-11.3636055
10,3,1.25,6.0,-11.584,10_3,-11.692611
10,3,1.26,6.0,-11.61493,10_3,-11.709259
10,3,1.27,6.0,-11.33262,10_3,-11.406475
10,3,1.28,6.0,-10.73393,10_3,-10.781957
10,3,1.29,6.0,-9.82095,10_3,-9.838569
10,3,1.3,6.0,-8.60103,10_3,-8.584875
10,3,1.31,6.0,-7.08706,10_3,-7.0355864
10,3,1.32,6.0,-5.2972,10_3,-5.211727
10,3,1.33,6.0,-3.25496,10_3,-3.140551
10,3,1.34,6.0,-0.98868,10_3,-0.85465837
10,3,1.35,6.0,1.46858,10_3,1.6092647
10,3,1.36,6.0,4.07933,10_3,4.2119327
10,3,1.37,6.0,6.80241,10_3,6.9128966
10,3,1.38,6.0,9.5929,10_3,9.671132
10,3,1.39,6.0,12.40267,10_3,12.444594
10,3,1.4,6.0,15.18064,10_3,15.18861
10,3,1.41,6.0,17.87313,10_3,17.854156
10,3,1.42,6.0,20.42444,10_3,20.3869
10,3,1.43,6.0,22.77814,10_3,22.728369
10,3,1.44,6.0,24.87831,10_3,24.81908
10,3,1.45,6.0,26.67156,10_3,26.602924
10,3,1.46,6.0,28.109,10_3,28.03123
10,3,1.47,6.0,29.14808,10_3,29.064732
10,3,1.48,6.0,29.75439,10_3,29.673445
10,3,1.49,6.0,29.90256,10_3,29.834976
10,3,1.5,6.0,29.57756,10_3,29.53285
10,3,1.51,6.0,28.77512,10_3,28.756403
10,3,1.52,6.0,27.5022,10_3,27.50299
10,3,1.53,6.0,25.77739,10_3,25.782272
10,3,1.54,6.0,23.63091,10_3,23.620766
10,3,1.55,6.0,21.1045,10_3,21.064514
10,3,1.56,6.0,18.25078,10_3,18.177605
10,3,1.57,6.0,15.13252,10_3,15.036484
10,3,1.58,6.0,11.82136,10_3,11.723062
10,3,1.59,6.0,8.39633,10_3,8.31908
10,3,1.6,6.0,4.94208,10_3,4.9045296
10,3,1.61,6.0,1.54692,10_3,1.55855
10,3,1.62,6.0,-1.69958,10_3,-1.6396542
10,3,1.63,6.0,-4.70851,10_3,-4.6108694
10,3,1.64,6.0,-7.39427,10_3,-7.2773914
10,3,1.65,6.0,-9.67673,10_3,-9.564598
10,3,1.66,6.0,-11.48356,10_3,-11.401647
10,3,1.67,6.0,-12.75235,10_3,-12.721966
10,3,1.68,6.0,-13.43269,10_3,-13.464839
10,3,1.69,6.0,-13.48818,10_3,-13.578884
10,3,1.7,6.0,-12.89837,10_3,-13.0280905
10,3,1.71,6.0,-11.6608,10_3,-11.798703
10,3,1.72,6.0,-9.79322,10_3,-9.905349
10,3,1.73,6.0,-7.33492,10_3,-7.3947315
10,3,1.74,6.0,-4.34811,10_3,-4.3445187
10,3,1.75,6.0,-0.91686,10_3,-0.85654783
10,3,1.76,6.0,2.85498,10_3,2.9520862
10,3,1.77,6.0,6.84789,10_3,6.954696
10,3,1.78,6.0,10.93155,10_3,11.019939
10,3,1.79,6.0,14.96984,10_3,15.017852
10,3,1.8,6.0,18.826,10_3,18.825695
10,3,1.81,6.0,22.36689,10_3,22.32882
10,3,1.82,6.0,25.46748,10_3,25.417343
10,3,1.83,6.0,28.01511,10_3,27.982023
10,3,1.84,6.0,29.91341,10_3,29.91552
10,3,1.85,6.0,31.08598,10_3,31.121836
10,3,1.86,6.0,31.47997,10_3,31.530336
10,3,1.87,6.0,31.06828,10_3,31.105907
10,3,1.88,6.0,29.8519,10_3,29.856207
10,3,1.89,6.0,27.86056,10_3,27.834835
10,3,1.9,6.0,25.15311,10_3,25.128363
10,3,1.91,6.0,21.81636,10_3,21.828129
10,3,1.92,6.0,17.96334,10_3,18.016544
10,3,1.93,6.0,13.73024,10_3,13.79716
10,3,1.94,6.0,9.2729,10_3,9.33289
10,3,1.95,6.0,4.76171,10_3,4.832485
10,3,1.96,6.0,0.37605,10_3,0.49693465
10,3,1.97,6.0,-3.70262,10_3,-3.5199103
10,3,1.98,6.0,-7.29878,10_3,-7.121931
10,3,1.99,6.0,-10.25233,10_3,-10.263947
10,3,2.0,6.0,-12.428,10_3,-12.940886
