Ri,M,Eta,k,Fval,Gval
-1,0,0.0,1.0,0.0949,1.0
-1,0,0.02,1.0,0.01004,0.98202
-1,0,0.04,1.0,0.02039,0.9649
-1,0,0.06,1.0,0.03103,0.94774
-1,0,0.08,1.0,0.04197,0.93053
-1,0,0.1,1.0,0.05317,0.91328
-1,0,0.12,1.0,0.06464,0.89598
-1,0,0.14,1.0,0.07635,0.87864
-1,0,0.16,1.0,0.08831,0.86125
-1,0,0.18,1.0,0.10048,0.84383
-1,0,0.2,1.0,0.11287,0.82636
-1,0,0.22,1.0,0.12546,0.80885
-1,0,0.24,1.0,0.13824,0.79132
-1,0,0.26,1.0,0.15119,0.77375
-1,0,0.28,1.0,0.1643,0.75615
-1,0,0.3,1.0,0.17756,0.73854
-1,0,0.32,1.0,0.19097,0.72091
-1,0,0.34,1.0,0.20449,0.70327
-1,0,0.36,1.0,0.21813,0.68563
-1,0,0.38,1.0,0.23188,0.668
-1,0,0.4,1.0,0.24571,0.65039
-1,0,0.42,1.0,0.25962,0.6328
-1,0,0.44,1.0,0.27359,0.61524
-1,0,0.46,1.0,0.28762,0.59774
-1,0,0.48,1.0,0.30169,0.58028
-1,0,0.5,1.0,0.31579,0.5629
-1,0,0.52,1.0,0.3299,0.5456
-1,0,0.54,1.0,0.34403,0.52839
-1,0,0.56,1.0,0.35814,0.51129
-1,0,0.58,1.0,0.37225,0.49431
-1,0,0.6,1.0,0.38632,0.47746
-1,0,0.62,1.0,0.40036,0.46077
-1,0,0.64,1.0,0.41434,0.44423
-1,0,0.66,1.0,0.42827,0.42788
-1,0,0.68,1.0,0.44213,0.41171
-1,0,0.7,1.0,0.45591,0.39575
-1,0,0.72,1.0,0.4696,0.38002
-1,0,0.74,1.0,0.48318,0.36452
-1,0,0.76,1.0,0.49666,0.34927
-1,0,0.78,1.0,0.51003,0.33428
-1,0,0.8,1.0,0.52326,0.31958
-1,0,0.82,1.0,0.53636,0.30516
-1,0,0.84,1.0,0.54932,0.29105
-1,0,0.86,1.0,0.56213,0.27725
-1,0,0.88,1.0,0.57478,0.26378
-1,0,0.9,1.0,0.58726,0.25065
-1,0,0.92,1.0,0.59957,0.23787
-1,0,0.94,1.0,0.6117,0.22544
-1,0,0.96,1.0,0.62365,0.21338
-1,0,0.98,1.0,0.63541,0.20169
-1,0,1.0,1.0,0.64697,0.19038
-1,0,1.02,1.0,0.65834,0.17945
-1,0,1.04,1.0,0.6695,0.16891
-1,0,1.06,1.0,0.68045,0.15876
-1,0,1.08,1.0,0.69118,0.149
-1,0,1.1,1.0,0.7017,0.13963
-1,0,1.12,1.0,0.71201,0.13065
-1,0,1.14,1.0,0.72209,0.12207
-1,0,1.16,1.0,0.73195,0.11387
-1,0,1.18,1.0,0.74159,0.10605
-1,0,1.2,1.0,0.751,0.09862
-1,0,1.22,1.0,0.76018,0.09156
-1,0,1.24,1.0,0.76914,0.08487
-1,0,1.26,1.0,0.77786,0.07854
-1,0,1.28,1.0,0.78637,0.07256
-1,0,1.3,1.0,0.79464,0.06692
-1,0,1.32,1.0,0.80269,0.06162
-1,0,1.34,1.0,0.81051,0.05664
-1,0,1.36,1.0,0.81811,0.05197
-1,0,1.38,1.0,0.82549,0.04761
-1,0,1.4,1.0,0.83265,0.04353
-1,0,1.42,1.0,0.83959,0.03974
-1,0,1.44,1.0,0.84631,0.03621
-1,0,1.46,1.0,0.85282,0.03293
-1,0,1.48,1.0,0.85913,0.0299
-1,0,1.5,1.0,0.86522,0.0271
-1,0,1.52,1.0,0.87111,0.02452
-1,0,1.54,1.0,0.8768,0.02214
-1,0,1.56,1.0,0.88229,0.01995
-1,0,1.58,1.0,0.8876,0.01795
-1,0,1.6,1.0,0.89271,0.01612
-1,0,1.62,1.0,0.89763,0.01445
-1,0,1.64,1.0,0.90238,0.01293
-1,0,1.66,1.0,0.90694,0.01155
-1,0,1.68,1.0,0.91133,0.01029
-1,0,1.7,1.0,0.91556,0.00916
-1,0,1.72,1.0,0.91962,0.00813
-1,0,1.74,1.0,0.92352,0.00721
-1,0,1.76,1.0,0.92726,0.00638
-1,0,1.78,1.0,0.93085,0.00564
-1,0,1.8,1.0,0.93429,0.00497
-1,0,1.82,1.0,0.93759,0.00437
-1,0,1.84,1.0,0.94075,0.00384
-1,0,1.86,1.0,0.94378,0.00337
-1,0,1.88,1.0,0.94667,0.00295
-1,0,1.9,1.0,0.94944,0.00257
-1,0,1.92,1.0,0.95209,0.00224
-1,0,1.94,1.0,0.95462,0.00195
-1,0,1.96,1.0,0.95704,0.0017
-1,0,1.98,1.0,0.95934,0.00147
-1,0,2.0,1.0,0.96154,0.00127
-1,0,2.02,1.0,0.96364,0.0011
-1,0,2.04,1.0,0.96563,0.00095
-1,0,2.06,1.0,0.96754,0.00082
-1,0,2.08,1.0,0.96935,0.0007
-1,0,2.1,1.0,0.97107,0.00061
-1,0,2.12,1.0,0.97271,0.00052
-1,0,2.14,1.0,0.97427,0.00044
-1,0,2.16,1.0,0.97575,0.00038
-1,0,2.18,1.0,0.97715,0.00032
-1,0,2.2,1.0,0.97848,0.00028
-1,0,2.22,1.0,0.97975,0.00024
-1,0,2.24,1.0,0.98095,0.0002
-1,0,2.26,1.0,0.98208,0.00017
-1,0,2.28,1.0,0.98316,0.00014
-1,0,2.3,1.0,0.98418,0.00012
-1,0,2.32,1.0,0.98514,0.0001
-1,0,2.34,1.0,0.98605,9e-05
-1,0,2.36,1.0,0.98691,7e-05
-1,0,2.38,1.0,0.98773,6e-05
-1,0,2.4,1.0,0.9885,5e-05
-1,0,2.42,1.0,0.98922,4e-05
-1,0,2.44,1.0,0.98991,4e-05
-1,0,2.46,1.0,0.99055,3e-05
-1,0,2.48,1.0,0.99116,3e-05
-1,0,2.5,1.0,0.99173,2e-05
-1,0,2.52,1.0,0.99227,2e-05
-1,0,2.54,1.0,0.99278,2e-05
-1,0,2.56,1.0,0.99325,1e-05
-1,0,2.58,1.0,0.9937,1e-05
-1,0,2.6,1.0,0.99412,1e-05
-1,0,2.62,1.0,0.99452,1e-05
-1,0,2.64,1.0,0.99489,1e-05
-1,0,2.66,1.0,0.99523,1e-05
-1,0,2.68,1.0,0.99556,0.0
-1,0,2.7,1.0,0.99587,0.0
-1,0,2.72,1.0,0.99615,0.0
-1,0,2.74,1.0,0.99642,0.0
-1,0,2.76,1.0,0.99667,0.0
-1,0,2.78,1.0,0.99691,0.0
-1,0,2.8,1.0,0.99713,0.0
-1,0,2.82,1.0,0.99734,0.0
-1,0,2.84,1.0,0.99753,0.0
-1,0,2.86,1.0,0.99771,0.0
-1,0,2.88,1.0,0.99788,0.0
-1,0,2.9,1.0,0.99803,0.0
-1,0,2.92,1.0,0.99818,0.0
-1,0,2.94,1.0,0.99832,0.0
-1,0,2.96,1.0,0.99844,0.0
-1,0,2.98,1.0,0.99856,0.0
-1,0,3.0,1.0,0.99867,0.0
-1,0,3.02,1.0,0.99877,0.0
-1,0,3.04,1.0,0.99887,0.0
-1,0,3.06,1.0,0.99895,0.0
-1,0,3.08,1.0,0.99903,0.0
-1,0,3.1,1.0,0.99911,0.0
-1,0,3.12,1.0,0.99918,0.0
-1,0,3.14,1.0,0.99924,0.0
-1,0,3.16,1.0,0.9993,0.0
-1,0,3.18,1.0,0.99936,0.0
-1,0,3.2,1.0,0.99941,0.0
-1,0,3.22,1.0,0.99946,0.0
-1,0,3.24,1.0,0.9995,0.0
-1,0,3.26,1.0,0.99954,0.0
-1,0,3.28,1.0,0.99958,0.0
-1,0,3.3,1.0,0.99961,0.0
-1,0,3.32,1.0,0.99964,0.0
-1,0,3.34,1.0,0.99967,0.0
-1,0,3.36,1.0,0.9997,0.0
-1,0,3.38,1.0,0.99972,0.0
-1,0,3.4,1.0,0.99974,0.0
-1,0,3.42,1.0,0.99976,0.0
-1,0,3.44,1.0,0.99978,0.0
-1,0,3.46,1.0,0.9998,0.0
-1,0,3.48,1.0,0.99982,0.0
-1,0,3.5,1.0,0.99983,0.0
-1,0,3.52,1.0,0.99985,0.0
-1,0,3.54,1.0,0.99986,0.0
-1,0,3.56,1.0,0.99987,0.0
-1,0,3.58,1.0,0.99988,0.0
-1,0,3.6,1.0,0.99989,0.0
-1,0,3.62,1.0,0.9999,0.0
-1,0,3.64,1.0,0.99991,0.0
-1,0,3.66,1.0,0.99992,0.0
-1,0,3.68,1.0,0.99993,0.0
-1,0,3.7,1.0,0.99993,0.0
-1,0,3.72,1.0,0.99994,0.0
-1,0,3.74,1.0,0.99994,0.0
-1,0,3.76,1.0,0.99995,0.0
-1,0,3.78,1.0,0.99995,0.0
-1,0,3.8,1.0,0.99995,0.0
-1,0,3.82,1.0,0.99996,0.0
-1,0,3.84,1.0,0.99996,0.0
-1,0,3.86,1.0,0.99996,0.0
-1,0,3.88,1.0,0.99997,0.0
-1,0,3.9,1.0,0.99997,0.0
-1,0,3.92,1.0,0.99997,0.0
-1,0,3.94,1.0,0.99998,0.0
-1,0,3.96,1.0,0.99998,0.0
-1,0,3.98,1.0,0.99998,0.0
-1,0,4.0,1.0,0.99999,0.0
-1,0,4.02,1.0,0.99999,0.0
-1,0,4.04,1.0,0.99999,0.0
-1,0,4.06,1.0,0.99999,0.0
-1,0,4.08,1.0,0.99999,0.0
-1,0,4.1,1.0,1.0,0.0
-1,0,4.12,1.0,1.0,0.0
-1,0,4.14,1.0,1.0,0.0
-1,0,4.16,1.0,1.0,0.0
-1,0,4.18,1.0,1.0,0.0
-1,0,4.2,1.0,1.0,0.0
-1,0,4.22,1.0,1.0,0.0
-1,0,4.24,1.0,1.00001,0.0
-1,0,4.26,1.0,1.00001,0.0
-1,0,4.28,1.0,1.00001,0.0
-1,0,4.3,1.0,1.00001,0.0
-1,0,4.32,1.0,1.00001,0.0
-1,0,4.34,1.0,1.00001,0.0
-1,0,4.36,1.0,1.00001,0.0
-1,0,4.38001,1.0,1.00001,0.0
-1,0,4.40001,1.0,1.00001,0.0
-1,0,4.42001,1.0,1.00001,0.0
-1,0,4.44001,1.0,1.00001,0.0
-1,0,4.46001,1.0,1.00001,0.0
-1,0,4.48001,1.0,1.00001,0.0
-1,0,4.50001,1.0,1.00001,0.0
-1,0,4.52001,1.0,1.00001,0.0
-1,0,4.54001,1.0,1.00001,0.0
-1,0,4.56001,1.0,1.00001,0.0
-1,0,4.58001,1.0,1.0,0.0
-1,0,4.60001,1.0,1.0,0.0
-1,0,4.62001,1.0,1.0,0.0
-1,0,4.64001,1.0,1.0,0.0
-1,0,4.66001,1.0,1.0,0.0
-1,0,4.68001,1.0,1.0,0.0
-1,0,4.70001,1.0,1.0,0.0
-1,0,4.72001,1.0,1.0,0.0
-1,0,4.74001,1.0,1.0,0.0
-1,0,4.76001,1.0,1.0,0.0
-1,0,4.78001,1.0,1.0,0.0
-1,0,4.80001,1.0,1.0,0.0
-1,0,4.82002,1.0,1.0,0.0
-1,0,4.84002,1.0,1.0,0.0
-1,0,4.86002,1.0,1.0,0.0
-1,0,4.88002,1.0,1.0,0.0
-1,0,4.90002,1.0,1.0,0.0
-1,0,4.92002,1.0,1.0,0.0
-1,0,4.94002,1.0,1.0,0.0
-1,0,4.96002,1.0,1.0,0.0
-1,0,4.98002,1.0,1.0,0.0
-1,0,5.00002,1.0,1.0,0.0
-1,1,0.0,2.0,0.0949,1.0
-1,1,0.02,2.0,0.02505,0.98018
-1,1,0.04,2.0,0.04972,0.961
-1,1,0.06,2.0,0.07398,0.94159
-1,1,0.08,2.0,0.09786,0.92196
-1,1,0.1,2.0,0.12134,0.90212
-1,1,0.12,2.0,0.14442,0.88207
-1,1,0.14,2.0,0.16712,0.86185
-1,1,0.16,2.0,0.18943,0.84145
-1,1,0.18,2.0,0.21134,0.82091
-1,1,0.2,2.0,0.23287,0.80022
-1,1,0.22,2.0,0.25401,0.77942
-1,1,0.24,2.0,0.27476,0.75852
-1,1,0.26,2.0,0.29513,0.73754
-1,1,0.28,2.0,0.31512,0.7165
-1,1,0.3,2.0,0.33472,0.69543
-1,1,0.32,2.0,0.35394,0.67435
-1,1,0.34,2.0,0.37279,0.65327
-1,1,0.36,2.0,0.39126,0.63224
-1,1,0.38,2.0,0.40935,0.61126
-1,1,0.4,2.0,0.42708,0.59037
-1,1,0.42,2.0,0.44444,0.56959
-1,1,0.44,2.0,0.46143,0.54894
-1,1,0.46,2.0,0.47805,0.52846
-1,1,0.48,2.0,0.49432,0.50817
-1,1,0.5,2.0,0.51022,0.48809
-1,1,0.52,2.0,0.52577,0.46826
-1,1,0.54,2.0,0.54097,0.44868
-1,1,0.56,2.0,0.55583,0.4294
-1,1,0.58,2.0,0.57033,0.41043
-1,1,0.6,2.0,0.58449,0.3918
-1,1,0.62,2.0,0.59832,0.37353
-1,1,0.64,2.0,0.61181,0.35564
-1,1,0.66,2.0,0.62496,0.33815
-1,1,0.68,2.0,0.63779,0.32108
-1,1,0.7,2.0,0.6503,0.30444
-1,1,0.72,2.0,0.66249,0.28826
-1,1,0.74,2.0,0.67436,0.27255
-1,1,0.76,2.0,0.68591,0.25731
-1,1,0.78,2.0,0.69716,0.24257
-1,1,0.8,2.0,0.70811,0.22832
-1,1,0.82,2.0,0.71876,0.21459
-1,1,0.84,2.0,0.72911,0.20137
-1,1,0.86,2.0,0.73918,0.18866
-1,1,0.88,2.0,0.74895,0.17648
-1,1,0.9,2.0,0.75845,0.16482
-1,1,0.92,2.0,0.76767,0.15368
-1,1,0.94,2.0,0.77662,0.14305
-1,1,0.96,2.0,0.7853,0.13294
-1,1,0.98,2.0,0.79372,0.12333
-1,1,1.0,2.0,0.80188,0.11423
-1,1,1.02,2.0,0.80978,0.10561
-1,1,1.04,2.0,0.81744,0.09748
-1,1,1.06,2.0,0.82486,0.08981
-1,1,1.08,2.0,0.83204,0.0826
-1,1,1.1,2.0,0.83898,0.07583
-1,1,1.12,2.0,0.8457,0.06949
-1,1,1.14,2.0,0.85219,0.06357
-1,1,1.16,2.0,0.85846,0.05804
-1,1,1.18,2.0,0.86452,0.0529
-1,1,1.2,2.0,0.87037,0.04812
-1,1,1.22,2.0,0.87601,0.0437
-1,1,1.24,2.0,0.88146,0.0396
-1,1,1.26,2.0,0.88671,0.03582
-1,1,1.28,2.0,0.89177,0.03234
-1,1,1.3,2.0,0.89665,0.02915
-1,1,1.32,2.0,0.90134,0.02622
-1,1,1.34,2.0,0.90586,0.02353
-1,1,1.36,2.0,0.91021,0.02108
-1,1,1.38,2.0,0.9144,0.01885
-1,1,1.4,2.0,0.91842,0.01683
-1,1,1.42,2.0,0.92228,0.01499
-1,1,1.44,2.0,0.926,0.01332
-1,1,1.46,2.0,0.92956,0.01182
-1,1,1.48,2.0,0.93298,0.01047
-1,1,1.5,2.0,0.93626,0.00925
-1,1,1.52,2.0,0.93941,0.00816
-1,1,1.54,2.0,0.94242,0.00718
-1,1,1.56,2.0,0.94531,0.00631
-1,1,1.58,2.0,0.94808,0.00553
-1,1,1.6,2.0,0.95072,0.00484
-1,1,1.62,2.0,0.95325,0.00423
-1,1,1.64,2.0,0.95568,0.00368
-1,1,1.66,2.0,0.95799,0.0032
-1,1,1.68,2.0,0.9602,0.00278
-1,1,1.7,2.0,0.96231,0.00241
-1,1,1.72,2.0,0.96432,0.00209
-1,1,1.74,2.0,0.96625,0.0018
-1,1,1.76,2.0,0.96808,0.00155
-1,1,1.78,2.0,0.96982,0.00133
-1,1,1.8,2.0,0.97149,0.00114
-1,1,1.82,2.0,0.97307,0.00098
-1,1,1.84,2.0,0.97458,0.00084
-1,1,1.86,2.0,0.97601,0.00072
-1,1,1.88,2.0,0.97737,0.00061
-1,1,1.9,2.0,0.97867,0.00052
-1,1,1.92,2.0,0.9799,0.00044
-1,1,1.94,2.0,0.98106,0.00037
-1,1,1.96,2.0,0.98217,0.00032
-1,1,1.98,2.0,0.98322,0.00027
-1,1,2.0,2.0,0.98422,0.00022
-1,1,2.02,2.0,0.98516,0.00019
-1,1,2.04,2.0,0.98605,0.00016
-1,1,2.06,2.0,0.9869,0.00013
-1,1,2.08,2.0,0.9877,0.00011
-1,1,2.1,2.0,0.98845,9e-05
-1,1,2.12,2.0,0.98917,8e-05
-1,1,2.14,2.0,0.98984,7e-05
-1,1,2.16,2.0,0.99048,5e-05
-1,1,2.18,2.0,0.99108,5e-05
-1,1,2.2,2.0,0.99165,4e-05
-1,1,2.22,2.0,0.99219,3e-05
-1,1,2.24,2.0,0.99269,3e-05
-1,1,2.26,2.0,0.99317,2e-05
-1,1,2.28,2.0,0.99361,2e-05
-1,1,2.3,2.0,0.99403,1e-05
-1,1,2.32,2.0,0.99443,1e-05
-1,1,2.34,2.0,0.9948,1e-05
-1,1,2.36,2.0,0.99515,1e-05
-1,1,2.38,2.0,0.99548,1e-05
-1,1,2.4,2.0,0.99579,1e-05
-1,1,2.42,2.0,0.99608,0.0
-1,1,2.44,2.0,0.99635,0.0
-1,1,2.46,2.0,0.9966,0.0
-1,1,2.48,2.0,0.99684,0.0
-1,1,2.5,2.0,0.99706,0.0
-1,1,2.52,2.0,0.99727,0.0
-1,1,2.54,2.0,0.99746,0.0
-1,1,2.56,2.0,0.99764,0.0
-1,1,2.58,2.0,0.99781,0.0
-1,1,2.6,2.0,0.99797,0.0
-1,1,2.62,2.0,0.99812,0.0
-1,1,2.64,2.0,0.99826,0.0
-1,1,2.66,2.0,0.99839,0.0
-1,1,2.68,2.0,0.99851,0.0
-1,1,2.7,2.0,0.99862,0.0
-1,1,2.72,2.0,0.99873,0.0
-1,1,2.74,2.0,0.99883,0.0
-1,1,2.76,2.0,0.99892,0.0
-1,1,2.78,2.0,0.999,0.0
-1,1,2.8,2.0,0.99908,0.0
-1,1,2.82,2.0,0.99915,0.0
-1,1,2.84,2.0,0.99922,0.0
-1,1,2.86,2.0,0.99928,0.0
-1,1,2.88,2.0,0.99934,0.0
-1,1,2.9,2.0,0.99939,0.0
-1,1,2.92,2.0,0.99944,0.0
-1,1,2.94,2.0,0.99948,0.0
-1,1,2.96,2.0,0.99953,0.0
-1,1,2.98,2.0,0.99956,0.0
-1,1,3.0,2.0,0.9996,0.0
-1,1,3.02,2.0,0.99963,0.0
-1,1,3.04,2.0,0.99967,0.0
-1,1,3.06,2.0,0.99969,0.0
-1,1,3.08,2.0,0.99972,0.0
-1,1,3.1,2.0,0.99975,0.0
-1,1,3.12,2.0,0.99977,0.0
-1,1,3.14,2.0,0.99979,0.0
-1,1,3.16,2.0,0.99981,0.0
-1,1,3.18,2.0,0.99983,0.0
-1,1,3.2,2.0,0.99984,0.0
-1,1,3.22,2.0,0.99986,0.0
-1,1,3.24,2.0,0.99987,0.0
-1,1,3.26,2.0,0.99989,0.0
-1,1,3.28,2.0,0.9999,0.0
-1,1,3.3,2.0,0.99991,0.0
-1,1,3.32,2.0,0.99992,0.0
-1,1,3.34,2.0,0.99993,0.0
-1,1,3.36,2.0,0.99994,0.0
-1,1,3.38,2.0,0.99994,0.0
-1,1,3.4,2.0,0.99995,0.0
-1,1,3.42,2.0,0.99996,0.0
-1,1,3.44,2.0,0.99996,0.0
-1,1,3.46,2.0,0.99997,0.0
-1,1,3.48,2.0,0.99997,0.0
-1,1,3.5,2.0,0.99998,0.0
-1,1,3.52,2.0,0.99998,0.0
-1,1,3.54,2.0,0.99999,0.0
-1,1,3.56,2.0,0.99999,0.0
-1,1,3.58,2.0,1.0,0.0
-1,1,3.6,2.0,1.0,0.0
-1,1,3.62,2.0,1.0,0.0
-1,1,3.64,2.0,1.0,0.0
-1,1,3.66,2.0,1.00001,0.0
-1,1,3.68,2.0,1.00001,0.0
-1,1,3.7,2.0,1.00001,0.0
-1,1,3.72,2.0,1.00001,0.0
-1,1,3.74,2.0,1.00001,0.0
-1,1,3.76,2.0,1.00001,0.0
-1,1,3.78,2.0,1.00001,0.0
-1,1,3.8,2.0,1.00001,0.0
-1,1,3.82,2.0,1.00001,0.0
-1,1,3.84,2.0,1.00001,0.0
-1,1,3.86,2.0,1.00002,0.0
-1,1,3.88,2.0,1.00002,0.0
-1,1,3.9,2.0,1.00002,0.0
-1,1,3.92,2.0,1.00002,0.0
-1,1,3.94,2.0,1.00002,0.0
-1,1,3.96,2.0,1.00002,0.0
-1,1,3.98,2.0,1.00002,0.0
-1,1,4.0,2.0,1.00002,0.0
-1,1,4.02,2.0,1.00002,0.0
-1,1,4.04,2.0,1.00002,0.0
-1,1,4.06,2.0,1.00002,0.0
-1,1,4.08,2.0,1.00002,0.0
-1,1,4.1,2.0,1.00002,0.0
-1,1,4.12,2.0,1.00002,0.0
-1,1,4.14,2.0,1.00002,0.0
-1,1,4.16,2.0,1.00002,0.0
-1,1,4.18,2.0,1.00002,0.0
-1,1,4.2,2.0,1.00002,0.0
-1,1,4.22,2.0,1.00002,0.0
-1,1,4.24,2.0,1.00002,0.0
-1,1,4.26,2.0,1.00002,0.0
-1,1,4.28,2.0,1.00002,0.0
-1,1,4.3,2.0,1.00002,0.0
-1,1,4.32,2.0,1.00002,0.0
-1,1,4.34,2.0,1.00002,0.0
-1,1,4.36,2.0,1.00002,0.0
-1,1,4.38001,2.0,1.00002,0.0
-1,1,4.40001,2.0,1.00002,0.0
-1,1,4.42001,2.0,1.00002,0.0
-1,1,4.44001,2.0,1.00002,0.0
-1,1,4.46001,2.0,1.00003,0.0
-1,1,4.48001,2.0,1.00003,0.0
-1,1,4.50001,2.0,1.00003,0.0
-1,1,4.52001,2.0,1.00003,0.0
-1,1,4.54001,2.0,1.00003,0.0
-1,1,4.56001,2.0,1.00003,0.0
-1,1,4.58001,2.0,1.00003,0.0
-1,1,4.60001,2.0,1.00003,0.0
-1,1,4.62001,2.0,1.00002,0.0
-1,1,4.64001,2.0,1.00002,0.0
-1,1,4.66001,2.0,1.00002,0.0
-1,1,4.68001,2.0,1.00002,0.0
-1,1,4.70001,2.0,1.00002,0.0
-1,1,4.72001,2.0,1.00002,0.0
-1,1,4.74001,2.0,1.00002,0.0
-1,1,4.76001,2.0,1.00002,0.0
-1,1,4.78001,2.0,1.00001,0.0
-1,1,4.80001,2.0,1.00001,0.0
-1,1,4.82002,2.0,1.00001,0.0
-1,1,4.84002,2.0,1.00001,0.0
-1,1,4.86002,2.0,1.00001,0.0
-1,1,4.88002,2.0,1.00001,0.0
-1,1,4.90002,2.0,1.0,0.0
-1,1,4.92002,2.0,1.0,0.0
-1,1,4.94002,2.0,1.0,0.0
-1,1,4.96002,2.0,1.0,0.0
-1,1,4.98002,2.0,1.0,0.0
-1,1,5.00002,2.0,1.0,0.0
-1,3,0.0,3.0,0.0949,1.0
-1,3,0.02,3.0,0.07814,0.98382
-1,3,0.04,3.0,0.15235,0.96624
-1,3,0.06,3.0,0.22271,0.94659
-1,3,0.08,3.0,0.28929,0.92511
-1,3,0.1,3.0,0.35218,0.902
-1,3,0.12,3.0,0.41144,0.87748
-1,3,0.14,3.0,0.4672,0.85172
-1,3,0.16,3.0,0.51953,0.82492
-1,3,0.18,3.0,0.56856,0.79726
-1,3,0.2,3.0,0.61438,0.7689
-1,3,0.22,3.0,0.65711,0.74
-1,3,0.24,3.0,0.69687,0.71072
-1,3,0.26,3.0,0.73377,0.68119
-1,3,0.28,3.0,0.76794,0.65156
-1,3,0.3,3.0,0.79948,0.62195
-1,3,0.32,3.0,0.82854,0.59249
-1,3,0.34,3.0,0.85521,0.56327
-1,3,0.36,3.0,0.87964,0.53441
-1,3,0.38,3.0,0.90192,0.506
-1,3,0.4,3.0,0.92219,0.47813
-1,3,0.42,3.0,0.94056,0.45088
-1,3,0.44,3.0,0.95714,0.42431
-1,3,0.46,3.0,0.97205,0.39849
-1,3,0.48,3.0,0.98539,0.37347
-1,3,0.5,3.0,0.99726,0.34931
-1,3,0.52,3.0,1.00777,0.32603
-1,3,0.54,3.0,1.01702,0.30367
-1,3,0.56,3.0,1.02511,0.28226
-1,3,0.58,3.0,1.03211,0.2618
-1,3,0.6,3.0,1.03813,0.24232
-1,3,0.62,3.0,1.04324,0.22382
-1,3,0.64,3.0,1.04751,0.20629
-1,3,0.66,3.0,1.05104,0.18973
-1,3,0.68,3.0,1.05388,0.17413
-1,3,0.7,3.0,1.0561,0.15947
-1,3,0.72,3.0,1.05776,0.14573
-1,3,0.74,3.0,1.05892,0.13288
-1,3,0.76,3.0,1.05965,0.12091
-1,3,0.78,3.0,1.05997,0.10978
-1,3,0.8,3.0,1.05995,0.09945
-1,3,0.82,3.0,1.05962,0.0899
-1,3,0.84,3.0,1.05903,0.08109
-1,3,0.86,3.0,1.05821,0.07298
-1,3,0.88,3.0,1.05719,0.06554
-1,3,0.9,3.0,1.05601,0.05873
-1,3,0.92,3.0,1.05469,0.05251
-1,3,0.94,3.0,1.05325,0.04684
-1,3,0.96,3.0,1.05173,0.0417
-1,3,0.98,3.0,1.05013,0.03703
-1,3,1.0,3.0,1.04849,0.03282
-1,3,1.02,3.0,1.0468,0.02902
-1,3,1.04,3.0,1.04509,0.0256
-1,3,1.06,3.0,1.04337,0.02254
-1,3,1.08,3.0,1.04165,0.01979
-1,3,1.1,3.0,1.03994,0.01735
-1,3,1.12,3.0,1.03825,0.01517
-1,3,1.14,3.0,1.03659,0.01323
-1,3,1.16,3.0,1.03495,0.01152
-1,3,1.18,3.0,1.03335,0.01
-1,3,1.2,3.0,1.03178,0.00867
-1,3,1.22,3.0,1.03026,0.0075
-1,3,1.24,3.0,1.02879,0.00647
-1,3,1.26,3.0,1.02736,0.00557
-1,3,1.28,3.0,1.02598,0.00478
-1,3,1.3,3.0,1.02465,0.0041
-1,3,1.32,3.0,1.02337,0.0035
-1,3,1.34,3.0,1.02213,0.00299
-1,3,1.36,3.0,1.02095,0.00255
-1,3,1.38,3.0,1.01982,0.00216
-1,3,1.4,3.0,1.01873,0.00183
-1,3,1.42,3.0,1.01769,0.00155
-1,3,1.44,3.0,1.0167,0.00131
-1,3,1.46,3.0,1.01576,0.0011
-1,3,1.48,3.0,1.01486,0.00093
-1,3,1.5,3.0,1.014,0.00078
-1,3,1.52,3.0,1.01319,0.00065
-1,3,1.54,3.0,1.01241,0.00054
-1,3,1.56,3.0,1.01167,0.00045
-1,3,1.58,3.0,1.01098,0.00038
-1,3,1.6,3.0,1.01031,0.00031
-1,3,1.62,3.0,1.00969,0.00026
-1,3,1.64,3.0,1.00909,0.00021
-1,3,1.66,3.0,1.00853,0.00018
-1,3,1.68,3.0,1.008,0.00014
-1,3,1.7,3.0,1.0075,0.00012
-1,3,1.72,3.0,1.00702,0.0001
-1,3,1.74,3.0,1.00657,8e-05
-1,3,1.76,3.0,1.00615,6e-05
-1,3,1.78,3.0,1.00575,5e-05
-1,3,1.8,3.0,1.00538,4e-05
-1,3,1.82,3.0,1.00502,4e-05
-1,3,1.84,3.0,1.00469,3e-05
-1,3,1.86,3.0,1.00438,2e-05
-1,3,1.88,3.0,1.00409,2e-05
-1,3,1.9,3.0,1.00381,2e-05
-1,3,1.92,3.0,1.00355,1e-05
-1,3,1.94,3.0,1.00331,1e-05
-1,3,1.96,3.0,1.00308,1e-05
-1,3,1.98,3.0,1.00287,1e-05
-1,3,2.0,3.0,1.00267,1e-05
-1,3,2.02,3.0,1.00248,0.0
-1,3,2.04,3.0,1.00231,0.0
-1,3,2.06,3.0,1.00214,0.0
-1,3,2.08,3.0,1.00199,0.0
-1,3,2.1,3.0,1.00185,0.0
-1,3,2.12,3.0,1.00171,0.0
-1,3,2.14,3.0,1.00159,0.0
-1,3,2.16,3.0,1.00147,0.0
-1,3,2.18,3.0,1.00136,0.0
-1,3,2.2,3.0,1.00126,0.0
-1,3,2.22,3.0,1.00117,0.0
-1,3,2.24,3.0,1.00108,0.0
-1,3,2.26,3.0,1.001,0.0
-1,3,2.28,3.0,1.00092,0.0
-1,3,2.3,3.0,1.00085,0.0
-1,3,2.32,3.0,1.00078,0.0
-1,3,2.34,3.0,1.00072,0.0
-1,3,2.36,3.0,1.00066,0.0
-1,3,2.38,3.0,1.00061,0.0
-1,3,2.4,3.0,1.00056,0.0
-1,3,2.42,3.0,1.00052,0.0
-1,3,2.44,3.0,1.00047,0.0
-1,3,2.46,3.0,1.00044,0.0
-1,3,2.48,3.0,1.0004,0.0
-1,3,2.5,3.0,1.00037,0.0
-1,3,2.52,3.0,1.00034,0.0
-1,3,2.54,3.0,1.00031,0.0
-1,3,2.56,3.0,1.00028,0.0
-1,3,2.58,3.0,1.00026,0.0
-1,3,2.6,3.0,1.00024,0.0
-1,3,2.62,3.0,1.00022,0.0
-1,3,2.64,3.0,1.0002,0.0
-1,3,2.66,3.0,1.00019,0.0
-1,3,2.68,3.0,1.00017,0.0
-1,3,2.7,3.0,1.00016,0.0
-1,3,2.72,3.0,1.00014,0.0
-1,3,2.74,3.0,1.00013,0.0
-1,3,2.76,3.0,1.00012,0.0
-1,3,2.78,3.0,1.00011,0.0
-1,3,2.8,3.0,1.0001,0.0
-1,3,2.82,3.0,1.00009,0.0
-1,3,2.84,3.0,1.00008,0.0
-1,3,2.86,3.0,1.00008,0.0
-1,3,2.88,3.0,1.00007,0.0
-1,3,2.9,3.0,1.00006,0.0
-1,3,2.92,3.0,1.00006,0.0
-1,3,2.94,3.0,1.00005,0.0
-1,3,2.96,3.0,1.00004,0.0
-1,3,2.98,3.0,1.00004,0.0
-1,3,3.0,3.0,1.00004,0.0
-1,3,3.02,3.0,1.00003,0.0
-1,3,3.04,3.0,1.00003,0.0
-1,3,3.06,3.0,1.00003,0.0
-1,3,3.08,3.0,1.00003,0.0
-1,3,3.1,3.0,1.00002,0.0
-1,3,3.12,3.0,1.00002,0.0
-1,3,3.14,3.0,1.00002,0.0
-1,3,3.16,3.0,1.00002,0.0
-1,3,3.18,3.0,1.00002,0.0
-1,3,3.2,3.0,1.00002,0.0
-1,3,3.22,3.0,1.00003,0.0
-1,3,3.24,3.0,1.00003,0.0
-1,3,3.26,3.0,1.00003,0.0
-1,3,3.28,3.0,1.00003,0.0
-1,3,3.3,3.0,1.00003,0.0
-1,3,3.32,3.0,1.00003,0.0
-1,3,3.34,3.0,1.00003,0.0
-1,3,3.36,3.0,1.00002,0.0
-1,3,3.38,3.0,1.00002,0.0
-1,3,3.4,3.0,1.00002,0.0
-1,3,3.42,3.0,1.00002,0.0
-1,3,3.44,3.0,1.00002,0.0
-1,3,3.46,3.0,1.00002,0.0
-1,3,3.48,3.0,1.00001,0.0
-1,3,3.5,3.0,1.00001,0.0
-1,3,3.52,3.0,1.00001,0.0
-1,3,3.54,3.0,1.00001,0.0
-1,3,3.56,3.0,1.0,0.0
-1,3,3.58,3.0,1.0,0.0
-1,3,3.6,3.0,1.0,0.0
-1,3,3.62,3.0,1.0,0.0
-1,3,3.64,3.0,1.0,0.0
-1,3,3.66,3.0,1.0,0.0
-1,3,3.68,3.0,1.0,0.0
-1,3,3.7,3.0,0.99999,0.0
-1,3,3.72,3.0,0.99999,0.0
-1,3,3.74,3.0,0.99999,0.0
-1,3,3.76,3.0,0.99999,0.0
-1,3,3.78,3.0,0.99999,0.0
-1,3,3.8,3.0,0.99999,0.0
-1,3,3.82,3.0,0.99999,0.0
-1,3,3.84,3.0,0.99999,0.0
-1,3,3.86,3.0,0.99999,0.0
-1,3,3.88,3.0,0.99999,0.0
-1,3,3.9,3.0,0.99999,0.0
-1,3,3.92,3.0,0.99998,0.0
-1,3,3.94,3.0,0.99998,0.0
-1,3,3.96,3.0,0.99998,0.0
-1,3,3.98,3.0,0.99998,0.0
-1,3,4.0,3.0,0.99998,0.0
-1,3,4.02,3.0,0.99998,0.0
-1,3,4.04,3.0,0.99998,0.0
-1,3,4.06,3.0,0.99998,0.0
-1,3,4.08,3.0,0.99999,0.0
-1,3,4.1,3.0,0.99999,0.0
-1,3,4.12,3.0,0.99999,0.0
-1,3,4.14,3.0,0.99999,0.0
-1,3,4.16,3.0,0.99999,0.0
-1,3,4.18,3.0,0.99999,0.0
-1,3,4.2,3.0,0.99999,0.0
-1,3,4.22,3.0,0.99999,0.0
-1,3,4.24,3.0,0.99999,0.0
-1,3,4.26,3.0,0.99999,0.0
-1,3,4.28,3.0,0.99999,0.0
-1,3,4.3,3.0,1.0,0.0
-1,3,4.32,3.0,1.0,0.0
-1,3,4.34,3.0,1.0,0.0
-1,3,4.36,3.0,1.0,0.0
-1,3,4.38001,3.0,1.0,0.0
-1,3,4.40001,3.0,1.0,0.0
-1,3,4.42001,3.0,1.0,0.0
-1,3,4.44001,3.0,1.0,0.0
-1,3,4.46001,3.0,1.0,0.0
-1,3,4.48001,3.0,1.0,0.0
-1,3,4.50001,3.0,1.0,0.0
-1,3,4.52001,3.0,1.0,0.0
-1,3,4.54001,3.0,1.0,0.0
-1,3,4.56001,3.0,1.0,0.0
-1,3,4.58001,3.0,1.0,0.0
-1,3,4.60001,3.0,1.0,0.0
-1,3,4.62001,3.0,1.0,0.0
-1,3,4.64001,3.0,1.0,0.0
-1,3,4.66001,3.0,1.0,0.0
-1,3,4.68001,3.0,1.0,0.0
-1,3,4.70001,3.0,1.0,0.0
-1,3,4.72001,3.0,1.0,0.0
-1,3,4.74001,3.0,1.0,0.0
-1,3,4.76001,3.0,1.0,0.0
-1,3,4.78001,3.0,1.0,0.0
-1,3,4.80001,3.0,1.0,0.0
-1,3,4.82002,3.0,1.0,0.0
-1,3,4.84002,3.0,1.0,0.0
-1,3,4.86002,3.0,1.0,0.0
-1,3,4.88002,3.0,1.0,0.0
-1,3,4.90002,3.0,1.0,0.0
-1,3,4.92002,3.0,1.0,0.0
-1,3,4.94002,3.0,1.0,0.0
-1,3,4.96002,3.0,1.0,0.0
-1,3,4.98002,3.0,1.0,0.0
-1,3,5.00002,3.0,1.0,0.0
0,0,0.0,4.0,0.0949,1.0
0,0,0.02,4.0,0.12394,0.99501
0,0,0.04,4.0,0.24036,0.9852
0,0,0.06,4.0,0.34933,0.97037
0,0,0.08,4.0,0.45097,0.95117
0,0,0.1,4.0,0.54541,0.92822
0,0,0.12,4.0,0.63285,0.90208
0,0,0.14,4.0,0.71349,0.87328
0,0,0.16,4.0,0.78755,0.84231
0,0,0.18,4.0,0.85528,0.80963
0,0,0.2,4.0,0.91694,0.77564
0,0,0.22,4.0,0.97279,0.74072
0,0,0.24,4.0,1.02312,0.70522
0,0,0.26,4.0,1.06821,0.66944
0,0,0.28,4.0,1.10836,0.63366
0,0,0.3,4.0,1.14384,0.59813
0,0,0.32,4.0,1.17495,0.56306
0,0,0.34,4.0,1.20198,0.52863
0,0,0.36,4.0,1.22521,0.49503
0,0,0.38,4.0,1.2449,0.46237
0,0,0.4,4.0,1.26134,0.43079
0,0,0.42,4.0,1.27477,0.40036
0,0,0.44,4.0,1.28546,0.37118
0,0,0.46,4.0,1.29363,0.34329
0,0,0.48,4.0,1.29952,0.31674
0,0,0.5,4.0,1.30336,0.29155
0,0,0.52,4.0,1.30533,0.26773
0,0,0.54,4.0,1.30565,0.24528
0,0,0.56,4.0,1.30449,0.2242
0,0,0.58,4.0,1.30204,0.20446
0,0,0.6,4.0,1.29843,0.18603
0,0,0.62,4.0,1.29384,0.16888
0,0,0.64,4.0,1.28839,0.15297
0,0,0.66,4.0,1.28221,0.13824
0,0,0.68,4.0,1.27542,0.12466
0,0,0.7,4.0,1.26813,0.11216
0,0,0.72,4.0,1.26043,0.10069
0,0,0.74,4.0,1.25241,0.0902
0,0,0.76,4.0,1.24415,0.08063
0,0,0.78,4.0,1.23573,0.07192
0,0,0.8,4.0,1.2272,0.06401
0,0,0.82,4.0,1.21862,0.05685
0,0,0.84,4.0,1.21005,0.05039
0,0,0.86,4.0,1.20152,0.04457
0,0,0.88,4.0,1.19307,0.03934
0,0,0.9,4.0,1.18474,0.03465
0,0,0.92,4.0,1.17656,0.03046
0,0,0.94,4.0,1.16854,0.02672
0,0,0.96,4.0,1.16071,0.0234
0,0,0.98,4.0,1.15309,0.02045
0,0,1.0,4.0,1.14568,0.01784
0,0,1.02,4.0,1.1385,0.01553
0,0,1.04,4.0,1.13156,0.01349
0,0,1.06,4.0,1.12485,0.01171
0,0,1.08,4.0,1.11839,0.01014
0,0,1.1,4.0,1.11217,0.00876
0,0,1.12,4.0,1.1062,0.00756
0,0,1.14,4.0,1.10047,0.00651
0,0,1.16,4.0,1.09498,0.0056
0,0,1.18,4.0,1.08973,0.00481
0,0,1.2,4.0,1.08471,0.00412
0,0,1.22,4.0,1.07992,0.00353
0,0,1.24,4.0,1.07535,0.00302
0,0,1.26,4.0,1.071,0.00258
0,0,1.28,4.0,1.06686,0.0022
0,0,1.3,4.0,1.06292,0.00187
0,0,1.32,4.0,1.05918,0.00159
0,0,1.34,4.0,1.05563,0.00135
0,0,1.36,4.0,1.05227,0.00115
0,0,1.38,4.0,1.04908,0.00097
0,0,1.4,4.0,1.04606,0.00082
0,0,1.42,4.0,1.0432,0.0007
0,0,1.44,4.0,1.0405,0.00059
0,0,1.46,4.0,1.03795,0.0005
0,0,1.48,4.0,1.03554,0.00042
0,0,1.5,4.0,1.03326,0.00035
0,0,1.52,4.0,1.03112,0.0003
0,0,1.54,4.0,1.02909,0.00025
0,0,1.56,4.0,1.02719,0.00021
0,0,1.58,4.0,1.0254,0.00018
0,0,1.6,4.0,1.02371,0.00015
0,0,1.62,4.0,1.02213,0.00013
0,0,1.64,4.0,1.02064,0.00011
0,0,1.66,4.0,1.01924,9e-05
0,0,1.68,4.0,1.01792,8e-05
0,0,1.7,4.0,1.01669,6e-05
0,0,1.72,4.0,1.01554,5e-05
0,0,1.74,4.0,1.01445,4e-05
0,0,1.76,4.0,1.01344,4e-05
0,0,1.78,4.0,1.01249,3e-05
0,0,1.8,4.0,1.01161,3e-05
0,0,1.82,4.0,1.01078,2e-05
0,0,1.84,4.0,1.01,2e-05
0,0,1.86,4.0,1.00928,2e-05
0,0,1.88,4.0,1.0086,1e-05
0,0,1.9,4.0,1.00797,1e-05
0,0,1.92,4.0,1.00738,1e-05
0,0,1.94,4.0,1.00683,1e-05
0,0,1.96,4.0,1.00632,1e-05
0,0,1.98,4.0,1.00584,1e-05
0,0,2.0,4.0,1.0054,0.0
0,0,2.02,4.0,1.00499,0.0
0,0,2.04,4.0,1.00461,0.0
0,0,2.06,4.0,1.00425,0.0
0,0,2.08,4.0,1.00392,0.0
0,0,2.1,4.0,1.00361,0.0
0,0,2.12,4.0,1.00333,0.0
0,0,2.14,4.0,1.00306,0.0
0,0,2.16,4.0,1.00282,0.0
0,0,2.18,4.0,1.00259,0.0
0,0,2.2,4.0,1.00238,0.0
0,0,2.22,4.0,1.00219,0.0
0,0,2.24,4.0,1.00201,0.0
0,0,2.26,4.0,1.00185,0.0
0,0,2.28,4.0,1.00169,0.0
0,0,2.3,4.0,1.00155,0.0
0,0,2.32,4.0,1.00142,0.0
0,0,2.34,4.0,1.00131,0.0
0,0,2.36,4.0,1.0012,0.0
0,0,2.38,4.0,1.00109,0.0
0,0,2.4,4.0,1.001,0.0
0,0,2.42,4.0,1.00092,0.0
0,0,2.44,4.0,1.00084,0.0
0,0,2.46,4.0,1.00076,0.0
0,0,2.48,4.0,1.0007,0.0
0,0,2.5,4.0,1.00064,0.0
0,0,2.52,4.0,1.00058,0.0
0,0,2.54,4.0,1.00053,0.0
0,0,2.56,4.0,1.00048,0.0
0,0,2.58,4.0,1.00044,0.0
0,0,2.6,4.0,1.0004,0.0
0,0,2.62,4.0,1.00036,0.0
0,0,2.64,4.0,1.00033,0.0
0,0,2.66,4.0,1.0003,0.0
0,0,2.68,4.0,1.00027,0.0
0,0,2.7,4.0,1.00024,0.0
0,0,2.72,4.0,1.00022,0.0
0,0,2.74,4.0,1.00019,0.0
0,0,2.76,4.0,1.00017,0.0
0,0,2.78,4.0,1.00016,0.0
0,0,2.8,4.0,1.00014,0.0
0,0,2.82,4.0,1.00013,0.0
0,0,2.84,4.0,1.00011,0.0
0,0,2.86,4.0,1.0001,0.0
0,0,2.88,4.0,1.00009,0.0
0,0,2.9,4.0,1.00008,0.0
0,0,2.92,4.0,1.00007,0.0
0,0,2.94,4.0,1.00007,0.0
0,0,2.96,4.0,1.00006,0.0
0,0,2.98,4.0,1.00005,0.0
0,0,3.0,4.0,1.00005,0.0
0,0,3.02,4.0,1.00004,0.0
0,0,3.04,4.0,1.00003,0.0
0,0,3.06,4.0,1.00003,0.0
0,0,3.08,4.0,1.00003,0.0
0,0,3.1,4.0,1.00002,0.0
0,0,3.12,4.0,1.00002,0.0
0,0,3.14,4.0,1.00001,0.0
0,0,3.16,4.0,1.00001,0.0
0,0,3.18,4.0,1.00001,0.0
0,0,3.2,4.0,1.00001,0.0
0,0,3.22,4.0,1.00001,0.0
0,0,3.24,4.0,1.00001,0.0
0,0,3.26,4.0,1.0,0.0
0,0,3.28,4.0,1.00001,0.0
0,0,3.3,4.0,1.00001,0.0
0,0,3.32,4.0,1.00001,0.0
0,0,3.34,4.0,1.00001,0.0
0,0,3.36,4.0,1.00001,0.0
0,0,3.38,4.0,1.0,0.0
0,0,3.4,4.0,1.0,0.0
0,0,3.42,4.0,1.0,0.0
0,0,3.44,4.0,1.0,0.0
0,0,3.46,4.0,1.0,0.0
0,0,3.48,4.0,1.0,0.0
0,0,3.5,4.0,1.0,0.0
0,0,3.52,4.0,1.0,0.0
0,0,3.54,4.0,1.0,0.0
0,0,3.56,4.0,1.0,0.0
0,0,3.58,4.0,1.0,0.0
0,0,3.6,4.0,1.0,0.0
0,0,3.62,4.0,1.0,0.0
0,0,3.64,4.0,1.0,0.0
0,0,3.66,4.0,1.0,0.0
0,0,3.68,4.0,1.0,0.0
0,0,3.7,4.0,1.0,0.0
0,0,3.72,4.0,1.0,0.0
0,0,3.74,4.0,1.0,0.0
0,0,3.76,4.0,1.0,0.0
0,0,3.78,4.0,1.0,0.0
0,0,3.8,4.0,1.0,0.0
0,0,3.82,4.0,1.0,0.0
0,0,3.84,4.0,1.0,0.0
0,0,3.86,4.0,1.0,0.0
0,0,3.88,4.0,1.0,0.0
0,0,3.9,4.0,1.0,0.0
0,0,3.92,4.0,1.0,0.0
0,0,3.94,4.0,1.0,0.0
0,0,3.96,4.0,1.0,0.0
0,0,3.98,4.0,1.0,0.0
0,0,4.0,4.0,1.0,0.0
0,0,4.02,4.0,1.0,0.0
0,0,4.04,4.0,0.99999,0.0
0,0,4.06,4.0,0.99999,0.0
0,0,4.08,4.0,0.99999,0.0
0,0,4.1,4.0,0.99999,0.0
0,0,4.12,4.0,0.99999,0.0
0,0,4.14,4.0,0.99999,0.0
0,0,4.16,4.0,0.99999,0.0
0,0,4.18,4.0,0.99999,0.0
0,0,4.2,4.0,0.99999,0.0
0,0,4.22,4.0,0.99999,0.0
0,0,4.24,4.0,0.99999,0.0
0,0,4.26,4.0,0.99999,0.0
0,0,4.28,4.0,0.99999,0.0
0,0,4.3,4.0,0.99999,0.0
0,0,4.32,4.0,0.99999,0.0
0,0,4.34,4.0,0.99999,0.0
0,0,4.36,4.0,0.99999,0.0
0,0,4.38001,4.0,0.99999,0.0
0,0,4.40001,4.0,0.99999,0.0
0,0,4.42001,4.0,0.99999,0.0
0,0,4.44001,4.0,0.99999,0.0
0,0,4.46001,4.0,0.99998,0.0
0,0,4.48001,4.0,0.99998,0.0
0,0,4.50001,4.0,0.99998,0.0
0,0,4.52001,4.0,0.99998,0.0
0,0,4.54001,4.0,0.99998,0.0
0,0,4.56001,4.0,0.99998,0.0
0,0,4.58001,4.0,0.99998,0.0
0,0,4.60001,4.0,0.99998,0.0
0,0,4.62001,4.0,0.99999,0.0
0,0,4.64001,4.0,0.99999,0.0
0,0,4.66001,4.0,0.99999,0.0
0,0,4.68001,4.0,0.99999,0.0
0,0,4.70001,4.0,0.99999,0.0
0,0,4.72001,4.0,0.99999,0.0
0,0,4.74001,4.0,0.99999,0.0
0,0,4.76001,4.0,0.99999,0.0
0,0,4.78001,4.0,0.99999,0.0
0,0,4.80001,4.0,1.0,0.0
0,0,4.82002,4.0,1.0,0.0
0,0,4.84002,4.0,1.0,0.0
0,0,4.86002,4.0,1.0,0.0
0,0,4.88002,4.0,1.0,0.0
0,0,4.90002,4.0,1.0,0.0
0,0,4.92002,4.0,1.0,0.0
0,0,4.94002,4.0,1.0,0.0
0,0,4.96002,4.0,1.0,0.0
0,0,4.98002,4.0,1.0,0.0
0,0,5.00002,4.0,1.0,0.0
0,1,0.0,5.0,0.0949,1.0
0,1,0.02,5.0,0.04503,0.98375
0,1,0.04,5.0,0.08809,0.96697
0,1,0.06,5.0,0.12925,0.94891
0,1,0.08,5.0,0.16862,0.92968
0,1,0.1,5.0,0.20628,0.9094
0,1,0.12,5.0,0.2423,0.88819
0,1,0.14,5.0,0.27676,0.86614
0,1,0.16,5.0,0.30973,0.84335
0,1,0.18,5.0,0.34129,0.81992
0,1,0.2,5.0,0.37149,0.79595
0,1,0.22,5.0,0.40039,0.77152
0,1,0.24,5.0,0.42807,0.74672
0,1,0.26,5.0,0.45456,0.72163
0,1,0.28,5.0,0.47992,0.69633
0,1,0.3,5.0,0.50421,0.6709
0,1,0.32,5.0,0.52746,0.64541
0,1,0.34,5.0,0.54972,0.61994
0,1,0.36,5.0,0.57104,0.59456
0,1,0.38,5.0,0.59146,0.56933
0,1,0.4,5.0,0.61101,0.54431
0,1,0.42,5.0,0.62972,0.51957
0,1,0.44,5.0,0.64764,0.49516
0,1,0.46,5.0,0.66479,0.47113
0,1,0.48,5.0,0.68121,0.44755
0,1,0.5,5.0,0.69693,0.42444
0,1,0.52,5.0,0.71196,0.40186
0,1,0.54,5.0,0.72635,0.37984
0,1,0.56,5.0,0.74011,0.35843
0,1,0.58,5.0,0.75327,0.33764
0,1,0.6,5.0,0.76586,0.31751
0,1,0.62,5.0,0.77788,0.29806
0,1,0.64,5.0,0.78937,0.27931
0,1,0.66,5.0,0.80035,0.26128
0,1,0.68,5.0,0.81083,0.24398
0,1,0.7,5.0,0.82084,0.22741
0,1,0.72,5.0,0.83039,0.21159
0,1,0.74,5.0,0.83949,0.1965
0,1,0.76,5.0,0.84818,0.18216
0,1,0.78,5.0,0.85645,0.16854
0,1,0.8,5.0,0.86434,0.15566
0,1,0.82,5.0,0.87185,0.14349
0,1,0.84,5.0,0.87899,0.13202
0,1,0.86,5.0,0.88579,0.12123
0,1,0.88,5.0,0.89225,0.11112
0,1,0.9,5.0,0.8984,0.10165
0,1,0.92,5.0,0.90423,0.0928
0,1,0.94,5.0,0.90977,0.08457
0,1,0.96,5.0,0.91503,0.07691
0,1,0.98,5.0,0.92002,0.0698
0,1,1.0,5.0,0.92475,0.06323
0,1,1.02,5.0,0.92923,0.05716
0,1,1.04,5.0,0.93347,0.05158
0,1,1.06,5.0,0.93748,0.04644
0,1,1.08,5.0,0.94128,0.04173
0,1,1.1,5.0,0.94487,0.03742
0,1,1.12,5.0,0.94827,0.03349
0,1,1.14,5.0,0.95147,0.02991
0,1,1.16,5.0,0.95449,0.02666
0,1,1.18,5.0,0.95735,0.02372
0,1,1.2,5.0,0.96004,0.02105
0,1,1.22,5.0,0.96258,0.01865
0,1,1.24,5.0,0.96497,0.01648
0,1,1.26,5.0,0.96722,0.01454
0,1,1.28,5.0,0.96934,0.0128
0,1,1.3,5.0,0.97133,0.01124
0,1,1.32,5.0,0.9732,0.00986
0,1,1.34,5.0,0.97496,0.00862
0,1,1.36,5.0,0.97662,0.00753
0,1,1.38,5.0,0.97817,0.00656
0,1,1.4,5.0,0.97963,0.0057
0,1,1.42,5.0,0.98099,0.00494
0,1,1.44,5.0,0.98227,0.00428
0,1,1.46,5.0,0.98347,0.0037
0,1,1.48,5.0,0.9846,0.00319
0,1,1.5,5.0,0.98565,0.00274
0,1,1.52,5.0,0.98664,0.00235
0,1,1.54,5.0,0.98756,0.00201
0,1,1.56,5.0,0.98843,0.00172
0,1,1.58,5.0,0.98923,0.00147
0,1,1.6,5.0,0.98999,0.00125
0,1,1.62,5.0,0.99069,0.00106
0,1,1.64,5.0,0.99135,0.0009
0,1,1.66,5.0,0.99196,0.00076
0,1,1.68,5.0,0.99254,0.00064
0,1,1.7,5.0,0.99307,0.00054
0,1,1.72,5.0,0.99357,0.00045
0,1,1.74,5.0,0.99403,0.00038
0,1,1.76,5.0,0.99446,0.00032
0,1,1.78,5.0,0.99486,0.00027
0,1,1.8,5.0,0.99524,0.00022
0,1,1.82,5.0,0.99559,0.00018
0,1,1.84,5.0,0.99591,0.00015
0,1,1.86,5.0,0.99621,0.00013
0,1,1.88,5.0,0.99649,0.0001
0,1,1.9,5.0,0.99675,9e-05
0,1,1.92,5.0,0.997,7e-05
0,1,1.94,5.0,0.99722,6e-05
0,1,1.96,5.0,0.99743,5e-05
0,1,1.98,5.0,0.99763,4e-05
0,1,2.0,5.0,0.99781,3e-05
0,1,2.02,5.0,0.99797,3e-05
0,1,2.04,5.0,0.99813,2e-05
0,1,2.06,5.0,0.99828,2e-05
0,1,2.08,5.0,0.99841,1e-05
0,1,2.1,5.0,0.99853,1e-05
0,1,2.12,5.0,0.99865,1e-05
0,1,2.14,5.0,0.99876,1e-05
0,1,2.16,5.0,0.99885,1e-05
0,1,2.18,5.0,0.99895,0.0
0,1,2.2,5.0,0.99903,0.0
0,1,2.22,5.0,0.99911,0.0
0,1,2.24,5.0,0.99918,0.0
0,1,2.26,5.0,0.99925,0.0
0,1,2.28,5.0,0.99931,0.0
0,1,2.3,5.0,0.99937,0.0
0,1,2.32,5.0,0.99942,0.0
0,1,2.34,5.0,0.99947,0.0
0,1,2.36,5.0,0.99951,0.0
0,1,2.38,5.0,0.99956,0.0
0,1,2.4,5.0,0.99959,0.0
0,1,2.42,5.0,0.99963,0.0
0,1,2.44,5.0,0.99966,0.0
0,1,2.46,5.0,0.99969,0.0
0,1,2.48,5.0,0.99972,0.0
0,1,2.5,5.0,0.99974,0.0
0,1,2.52,5.0,0.99977,0.0
0,1,2.54,5.0,0.99979,0.0
0,1,2.56,5.0,0.99981,0.0
0,1,2.58,5.0,0.99983,0.0
0,1,2.6,5.0,0.99985,0.0
0,1,2.62,5.0,0.99986,0.0
0,1,2.64,5.0,0.99988,0.0
0,1,2.66,5.0,0.99989,0.0
0,1,2.68,5.0,0.9999,0.0
0,1,2.7,5.0,0.99991,0.0
0,1,2.72,5.0,0.99992,0.0
0,1,2.74,5.0,0.99994,0.0
0,1,2.76,5.0,0.99995,0.0
0,1,2.78,5.0,0.99995,0.0
0,1,2.8,5.0,0.99996,0.0
0,1,2.82,5.0,0.99997,0.0
0,1,2.84,5.0,0.99998,0.0
0,1,2.86,5.0,0.99998,0.0
0,1,2.88,5.0,0.99999,0.0
0,1,2.9,5.0,1.0,0.0
0,1,2.92,5.0,1.0,0.0
0,1,2.94,5.0,1.0,0.0
0,1,2.96,5.0,1.00001,0.0
0,1,2.98,5.0,1.00001,0.0
0,1,3.0,5.0,1.00001,0.0
0,1,3.02,5.0,1.00002,0.0
0,1,3.04,5.0,1.00002,0.0
0,1,3.06,5.0,1.00002,0.0
0,1,3.08,5.0,1.00002,0.0
0,1,3.1,5.0,1.00002,0.0
0,1,3.12,5.0,1.00002,0.0
0,1,3.14,5.0,1.00002,0.0
0,1,3.16,5.0,1.00002,0.0
0,1,3.18,5.0,1.00002,0.0
0,1,3.2,5.0,1.00002,0.0
0,1,3.22,5.0,1.00002,0.0
0,1,3.24,5.0,1.00002,0.0
0,1,3.26,5.0,1.00002,0.0
0,1,3.28,5.0,1.00002,0.0
0,1,3.3,5.0,1.00002,0.0
0,1,3.32,5.0,1.00002,0.0
0,1,3.34,5.0,1.00001,0.0
0,1,3.36,5.0,1.00001,0.0
0,1,3.38,5.0,1.00001,0.0
0,1,3.4,5.0,1.00001,0.0
0,1,3.42,5.0,1.00001,0.0
0,1,3.44,5.0,1.00001,0.0
0,1,3.46,5.0,1.00001,0.0
0,1,3.48,5.0,1.00001,0.0
0,1,3.5,5.0,1.00001,0.0
0,1,3.52,5.0,1.00001,0.0
0,1,3.54,5.0,1.00001,0.0
0,1,3.56,5.0,1.00001,0.0
0,1,3.58,5.0,1.00001,0.0
0,1,3.6,5.0,1.00001,0.0
0,1,3.62,5.0,1.00001,0.0
0,1,3.64,5.0,1.00001,0.0
0,1,3.66,5.0,1.00001,0.0
0,1,3.68,5.0,1.00001,0.0
0,1,3.7,5.0,1.00001,0.0
0,1,3.72,5.0,1.00001,0.0
0,1,3.74,5.0,1.00001,0.0
0,1,3.76,5.0,1.00001,0.0
0,1,3.78,5.0,1.00001,0.0
0,1,3.8,5.0,1.00001,0.0
0,1,3.82,5.0,1.00001,0.0
0,1,3.84,5.0,1.00001,0.0
0,1,3.86,5.0,1.00001,0.0
0,1,3.88,5.0,1.00001,0.0
0,1,3.9,5.0,1.0,0.0
0,1,3.92,5.0,1.0,0.0
0,1,3.94,5.0,1.0,0.0
0,1,3.96,5.0,1.0,0.0
0,1,3.98,5.0,1.0,0.0
0,1,4.0,5.0,1.0,0.0
0,1,4.02,5.0,1.0,0.0
0,1,4.04,5.0,1.0,0.0
0,1,4.06,5.0,1.0,0.0
0,1,4.08,5.0,1.0,0.0
0,1,4.1,5.0,1.0,0.0
0,1,4.12,5.0,1.0,0.0
0,1,4.14,5.0,1.0,0.0
0,1,4.16,5.0,1.0,0.0
0,1,4.18,5.0,1.0,0.0
0,1,4.2,5.0,1.0,0.0
0,1,4.22,5.0,1.0,0.0
0,1,4.24,5.0,1.0,0.0
0,1,4.26,5.0,1.0,0.0
0,1,4.28,5.0,1.0,0.0
0,1,4.3,5.0,1.0,0.0
0,1,4.32,5.0,1.0,0.0
0,1,4.34,5.0,1.0,0.0
0,1,4.36,5.0,1.0,0.0
0,1,4.38001,5.0,1.0,0.0
0,1,4.40001,5.0,1.0,0.0
0,1,4.42001,5.0,1.0,0.0
0,1,4.44001,5.0,1.0,0.0
0,1,4.46001,5.0,1.0,0.0
0,1,4.48001,5.0,1.0,0.0
0,1,4.50001,5.0,1.0,0.0
0,1,4.52001,5.0,1.0,0.0
0,1,4.54001,5.0,1.0,0.0
0,1,4.56001,5.0,1.0,0.0
0,1,4.58001,5.0,1.0,0.0
0,1,4.60001,5.0,1.0,0.0
0,1,4.62001,5.0,1.0,0.0
0,1,4.64001,5.0,1.0,0.0
0,1,4.66001,5.0,1.0,0.0
0,1,4.68001,5.0,1.0,0.0
0,1,4.70001,5.0,1.0,0.0
0,1,4.72001,5.0,1.0,0.0
0,1,4.74001,5.0,1.0,0.0
0,1,4.76001,5.0,1.0,0.0
0,1,4.78001,5.0,1.0,0.0
0,1,4.80001,5.0,1.0,0.0
0,1,4.82002,5.0,1.0,0.0
0,1,4.84002,5.0,1.0,0.0
0,1,4.86002,5.0,1.0,0.0
0,1,4.88002,5.0,1.0,0.0
0,1,4.90002,5.0,1.0,0.0
0,1,4.92002,5.0,1.0,0.0
0,1,4.94002,5.0,1.0,0.0
0,1,4.96002,5.0,1.0,0.0
0,1,4.98002,5.0,1.0,0.0
0,1,5.00002,5.0,1.0,0.0
0,3,0.0,6.0,0.0949,1.0
0,3,0.02,6.0,0.05327,0.98369
0,3,0.04,6.0,0.10387,0.96656
0,3,0.06,6.0,0.15194,0.94791
0,3,0.08,6.0,0.19758,0.9279
0,3,0.1,6.0,0.24091,0.90668
0,3,0.12,6.0,0.28204,0.8844
0,3,0.14,6.0,0.32107,0.86118
0,3,0.16,6.0,0.35811,0.83717
0,3,0.18,6.0,0.39324,0.81248
0,3,0.2,6.0,0.42656,0.78722
0,3,0.22,6.0,0.45816,0.7615
0,3,0.24,6.0,0.48811,0.73542
0,3,0.26,6.0,0.51651,0.70909
0,3,0.28,6.0,0.54342,0.6826
0,3,0.3,6.0,0.56891,0.65604
0,3,0.32,6.0,0.59307,0.62948
0,3,0.34,6.0,0.61594,0.60301
0,3,0.36,6.0,0.63761,0.57672
0,3,0.38,6.0,0.65812,0.55066
0,3,0.4,6.0,0.67753,0.5249
0,3,0.42,6.0,0.6959,0.49952
0,3,0.44,6.0,0.71329,0.47456
0,3,0.46,6.0,0.72974,0.45009
0,3,0.48,6.0,0.74529,0.42615
0,3,0.5,6.0,0.76,0.40279
0,3,0.52,6.0,0.77391,0.38005
0,3,0.54,6.0,0.78706,0.35796
0,3,0.56,6.0,0.79948,0.33657
0,3,0.58,6.0,0.81122,0.31589
0,3,0.6,6.0,0.82231,0.29594
0,3,0.62,6.0,0.83279,0.27676
0,3,0.64,6.0,0.84268,0.25835
0,3,0.66,6.0,0.85202,0.24072
0,3,0.68,6.0,0.86083,0.22387
0,3,0.7,6.0,0.86915,0.20782
0,3,0.72,6.0,0.877,0.19255
0,3,0.74,6.0,0.8844,0.17807
0,3,0.76,6.0,0.89139,0.16437
0,3,0.78,6.0,0.89797,0.15142
0,3,0.8,6.0,0.90418,0.13923
0,3,0.82,6.0,0.91003,0.12777
0,3,0.84,6.0,0.91555,0.11703
0,3,0.86,6.0,0.92074,0.10697
0,3,0.88,6.0,0.92563,0.09759
0,3,0.9,6.0,0.93024,0.08886
0,3,0.92,6.0,0.93457,0.08074
0,3,0.94,6.0,0.93866,0.07322
0,3,0.96,6.0,0.9425,0.06626
0,3,0.98,6.0,0.94611,0.05984
0,3,1.0,6.0,0.94951,0.05394
0,3,1.02,6.0,0.9527,0.04852
0,3,1.04,6.0,0.95571,0.04355
0,3,1.06,6.0,0.95853,0.03901
0,3,1.08,6.0,0.96119,0.03487
0,3,1.1,6.0,0.96368,0.03111
0,3,1.12,6.0,0.96602,0.02769
0,3,1.14,6.0,0.96822,0.0246
0,3,1.16,6.0,0.97029,0.02181
0,3,1.18,6.0,0.97223,0.01929
0,3,1.2,6.0,0.97404,0.01703
0,3,1.22,6.0,0.97575,0.015
0,3,1.24,6.0,0.97735,0.01318
0,3,1.26,6.0,0.97885,0.01156
0,3,1.28,6.0,0.98026,0.01012
0,3,1.3,6.0,0.98157,0.00884
0,3,1.32,6.0,0.98281,0.0077
0,3,1.34,6.0,0.98396,0.0067
0,3,1.36,6.0,0.98505,0.00581
0,3,1.38,6.0,0.98606,0.00503
0,3,1.4,6.0,0.98701,0.00435
0,3,1.42,6.0,0.9879,0.00375
0,3,1.44,6.0,0.98873,0.00323
0,3,1.46,6.0,0.9895,0.00277
0,3,1.48,6.0,0.99023,0.00237
0,3,1.5,6.0,0.99091,0.00203
0,3,1.52,6.0,0.99154,0.00173
0,3,1.54,6.0,0.99213,0.00147
0,3,1.56,6.0,0.99268,0.00125
0,3,1.58,6.0,0.9932,0.00106
0,3,1.6,6.0,0.99368,0.00089
0,3,1.62,6.0,0.99413,0.00075
0,3,1.64,6.0,0.99455,0.00063
0,3,1.66,6.0,0.99494,0.00053
0,3,1.68,6.0,0.9953,0.00045
0,3,1.7,6.0,0.99564,0.00037
0,3,1.72,6.0,0.99596,0.00031
0,3,1.74,6.0,0.99625,0.00026
0,3,1.76,6.0,0.99653,0.00022
0,3,1.78,6.0,0.99678,0.00018
0,3,1.8,6.0,0.99702,0.00015
0,3,1.82,6.0,0.99724,0.00012
0,3,1.84,6.0,0.99745,0.0001
0,3,1.86,6.0,0.99764,8e-05
0,3,1.88,6.0,0.99781,7e-05
0,3,1.9,6.0,0.99798,6e-05
0,3,1.92,6.0,0.99813,5e-05
0,3,1.94,6.0,0.99827,4e-05
0,3,1.96,6.0,0.99841,3e-05
0,3,1.98,6.0,0.99853,2e-05
0,3,2.0,6.0,0.99864,2e-05
0,3,2.02,6.0,0.99875,2e-05
0,3,2.04,6.0,0.99884,1e-05
0,3,2.06,6.0,0.99893,1e-05
0,3,2.08,6.0,0.99902,1e-05
0,3,2.1,6.0,0.9991,1e-05
0,3,2.12,6.0,0.99917,1e-05
0,3,2.14,6.0,0.99923,0.0
0,3,2.16,6.0,0.99929,0.0
0,3,2.18,6.0,0.99935,0.0
0,3,2.2,6.0,0.9994,0.0
0,3,2.22,6.0,0.99945,0.0
0,3,2.24,6.0,0.9995,0.0
0,3,2.26,6.0,0.99954,0.0
0,3,2.28,6.0,0.99957,0.0
0,3,2.3,6.0,0.99961,0.0
0,3,2.32,6.0,0.99964,0.0
0,3,2.34,6.0,0.99967,0.0
0,3,2.36,6.0,0.9997,0.0
0,3,2.38,6.0,0.99973,0.0
0,3,2.4,6.0,0.99975,0.0
0,3,2.42,6.0,0.99977,0.0
0,3,2.44,6.0,0.99979,0.0
0,3,2.46,6.0,0.99981,0.0
0,3,2.48,6.0,0.99983,0.0
0,3,2.5,6.0,0.99985,0.0
0,3,2.52,6.0,0.99986,0.0
0,3,2.54,6.0,0.99987,0.0
0,3,2.56,6.0,0.99989,0.0
0,3,2.58,6.0,0.9999,0.0
0,3,2.6,6.0,0.99991,0.0
0,3,2.62,6.0,0.99992,0.0
0,3,2.64,6.0,0.99993,0.0
0,3,2.66,6.0,0.99994,0.0
0,3,2.68,6.0,0.99995,0.0
0,3,2.7,6.0,0.99995,0.0
0,3,2.72,6.0,0.99996,0.0
0,3,2.74,6.0,0.99997,0.0
0,3,2.76,6.0,0.99998,0.0
0,3,2.78,6.0,0.99998,0.0
0,3,2.8,6.0,0.99999,0.0
0,3,2.82,6.0,0.99999,0.0
0,3,2.84,6.0,1.0,0.0
0,3,2.86,6.0,1.0,0.0
0,3,2.88,6.0,1.0,0.0
0,3,2.9,6.0,1.00001,0.0
0,3,2.92,6.0,1.00001,0.0
0,3,2.94,6.0,1.00001,0.0
0,3,2.96,6.0,1.00001,0.0
0,3,2.98,6.0,1.00001,0.0
0,3,3.0,6.0,1.00001,0.0
0,3,3.02,6.0,1.00001,0.0
0,3,3.04,6.0,1.00001,0.0
0,3,3.06,6.0,1.00001,0.0
0,3,3.08,6.0,1.00001,0.0
0,3,3.1,6.0,1.00001,0.0
0,3,3.12,6.0,1.00001,0.0
0,3,3.14,6.0,1.00001,0.0
0,3,3.16,6.0,1.00001,0.0
0,3,3.18,6.0,1.00001,0.0
0,3,3.2,6.0,1.00001,0.0
0,3,3.22,6.0,1.00001,0.0
0,3,3.24,6.0,1.00001,0.0
0,3,3.26,6.0,1.00001,0.0
0,3,3.28,6.0,1.00001,0.0
0,3,3.3,6.0,1.00001,0.0
0,3,3.32,6.0,1.00001,0.0
0,3,3.34,6.0,1.00002,0.0
0,3,3.36,6.0,1.00002,0.0
0,3,3.38,6.0,1.00002,0.0
0,3,3.4,6.0,1.00002,0.0
0,3,3.42,6.0,1.00002,0.0
0,3,3.44,6.0,1.00002,0.0
0,3,3.46,6.0,1.00002,0.0
0,3,3.48,6.0,1.00002,0.0
0,3,3.5,6.0,1.00002,0.0
0,3,3.52,6.0,1.00002,0.0
0,3,3.54,6.0,1.00002,0.0
0,3,3.56,6.0,1.00003,0.0
0,3,3.58,6.0,1.00003,0.0
0,3,3.6,6.0,1.00002,0.0
0,3,3.62,6.0,1.00002,0.0
0,3,3.64,6.0,1.00002,0.0
0,3,3.66,6.0,1.00002,0.0
0,3,3.68,6.0,1.00002,0.0
0,3,3.7,6.0,1.00002,0.0
0,3,3.72,6.0,1.00002,0.0
0,3,3.74,6.0,1.00002,0.0
0,3,3.76,6.0,1.00002,0.0
0,3,3.78,6.0,1.00002,0.0
0,3,3.8,6.0,1.00002,0.0
0,3,3.82,6.0,1.00002,0.0
0,3,3.84,6.0,1.00002,0.0
0,3,3.86,6.0,1.00002,0.0
0,3,3.88,6.0,1.00002,0.0
0,3,3.9,6.0,1.00002,0.0
0,3,3.92,6.0,1.00002,0.0
0,3,3.94,6.0,1.00002,0.0
0,3,3.96,6.0,1.00002,0.0
0,3,3.98,6.0,1.00002,0.0
0,3,4.0,6.0,1.00002,0.0
0,3,4.02,6.0,1.00002,0.0
0,3,4.04,6.0,1.00002,0.0
0,3,4.06,6.0,1.00002,0.0
0,3,4.08,6.0,1.00002,0.0
0,3,4.1,6.0,1.00002,0.0
0,3,4.12,6.0,1.00002,0.0
0,3,4.14,6.0,1.00002,0.0
0,3,4.16,6.0,1.00002,0.0
0,3,4.18,6.0,1.00003,0.0
0,3,4.2,6.0,1.00003,0.0
0,3,4.22,6.0,1.00003,0.0
0,3,4.24,6.0,1.00002,0.0
0,3,4.26,6.0,1.00002,0.0
0,3,4.28,6.0,1.00002,0.0
0,3,4.3,6.0,1.00002,0.0
0,3,4.32,6.0,1.00002,0.0
0,3,4.34,6.0,1.00002,0.0
0,3,4.36,6.0,1.00002,0.0
0,3,4.38001,6.0,1.00002,0.0
0,3,4.40001,6.0,1.00002,0.0
0,3,4.42001,6.0,1.00002,0.0
0,3,4.44001,6.0,1.00001,0.0
0,3,4.46001,6.0,1.00001,0.0
0,3,4.48001,6.0,1.00001,0.0
0,3,4.50001,6.0,1.00001,0.0
0,3,4.52001,6.0,1.00001,0.0
0,3,4.54001,6.0,1.0,0.0
0,3,4.56001,6.0,1.0,0.0
0,3,4.58001,6.0,1.0,0.0
0,3,4.60001,6.0,1.0,0.0
0,3,4.62001,6.0,1.0,0.0
0,3,4.64001,6.0,1.0,0.0
0,3,4.66001,6.0,0.99999,0.0
0,3,4.68001,6.0,0.99999,0.0
0,3,4.70001,6.0,0.99999,0.0
0,3,4.72001,6.0,0.99999,0.0
0,3,4.74001,6.0,0.99999,0.0
0,3,4.76001,6.0,0.99999,0.0
0,3,4.78001,6.0,0.99999,0.0
0,3,4.80001,6.0,0.99999,0.0
0,3,4.82002,6.0,0.99999,0.0
0,3,4.84002,6.0,0.99999,0.0
0,3,4.86002,6.0,0.99999,0.0
0,3,4.88002,6.0,0.99999,0.0
0,3,4.90002,6.0,0.99999,0.0
0,3,4.92002,6.0,1.0,0.0
0,3,4.94002,6.0,1.0,0.0
0,3,4.96002,6.0,1.0,0.0
0,3,4.98002,6.0,1.0,0.0
0,3,5.00002,6.0,1.0,0.0
5,0,0.0,7.0,0.0949,1.0
5,0,0.02,7.0,0.09158,0.98732
5,0,0.04,7.0,0.17704,0.97184
5,0,0.06,7.0,0.25666,0.9532
5,0,0.08,7.0,0.3307,0.93185
5,0,0.1,7.0,0.39941,0.90822
5,0,0.12,7.0,0.46306,0.88267
5,0,0.14,7.0,0.5219,0.85555
5,0,0.16,7.0,0.57618,0.82716
5,0,0.18,7.0,0.62615,0.79776
5,0,0.2,7.0,0.67204,0.76762
5,0,0.22,7.0,0.71409,0.73694
5,0,0.24,7.0,0.75252,0.70593
5,0,0.26,7.0,0.78756,0.67478
5,0,0.28,7.0,0.81941,0.64364
5,0,0.3,7.0,0.84828,0.61266
5,0,0.32,7.0,0.87437,0.58197
5,0,0.34,7.0,0.89786,0.5517
5,0,0.36,7.0,0.91894,0.52194
5,0,0.38,7.0,0.93779,0.4928
5,0,0.4,7.0,0.95456,0.46435
5,0,0.42,7.0,0.96941,0.43667
5,0,0.44,7.0,0.9825,0.40981
5,0,0.46,7.0,0.99397,0.38384
5,0,0.48,7.0,1.00396,0.35879
5,0,0.5,7.0,1.01258,0.33471
5,0,0.52,7.0,1.01997,0.31161
5,0,0.54,7.0,1.02623,0.28952
5,0,0.56,7.0,1.03148,0.26845
5,0,0.58,7.0,1.03581,0.2484
5,0,0.6,7.0,1.03931,0.22938
5,0,0.62,7.0,1.04207,0.21138
5,0,0.64,7.0,1.04417,0.1944
5,0,0.66,7.0,1.04569,0.1784
5,0,0.68,7.0,1.0467,0.16339
5,0,0.7,7.0,1.04725,0.14932
5,0,0.72,7.0,1.0474,0.13618
5,0,0.74,7.0,1.04722,0.12393
5,0,0.76,7.0,1.04674,0.11255
5,0,0.78,7.0,1.04601,0.102
5,0,0.8,7.0,1.04507,0.09223
5,0,0.82,7.0,1.04396,0.08323
5,0,0.84,7.0,1.04271,0.07494
5,0,0.86,7.0,1.04135,0.06733
5,0,0.88,7.0,1.0399,0.06037
5,0,0.9,7.0,1.03839,0.054
5,0,0.92,7.0,1.03683,0.04821
5,0,0.94,7.0,1.03524,0.04294
5,0,0.96,7.0,1.03365,0.03816
5,0,0.98,7.0,1.03205,0.03384
5,0,1.0,7.0,1.03047,0.02995
5,0,1.02,7.0,1.02892,0.02644
5,0,1.04,7.0,1.02739,0.02329
5,0,1.06,7.0,1.0259,0.02048
5,0,1.08,7.0,1.02446,0.01796
5,0,1.1,7.0,1.02306,0.01572
5,0,1.12,7.0,1.02171,0.01372
5,0,1.14,7.0,1.02041,0.01196
5,0,1.16,7.0,1.01916,0.01039
5,0,1.18,7.0,1.01797,0.00901
5,0,1.2,7.0,1.01684,0.0078
5,0,1.22,7.0,1.01576,0.00674
5,0,1.24,7.0,1.01474,0.0058
5,0,1.26,7.0,1.01376,0.00499
5,0,1.28,7.0,1.01284,0.00428
5,0,1.3,7.0,1.01198,0.00366
5,0,1.32,7.0,1.01116,0.00312
5,0,1.34,7.0,1.01039,0.00266
5,0,1.36,7.0,1.00966,0.00226
5,0,1.38,7.0,1.00898,0.00192
5,0,1.4,7.0,1.00834,0.00162
5,0,1.42,7.0,1.00775,0.00137
5,0,1.44,7.0,1.00719,0.00115
5,0,1.46,7.0,1.00666,0.00097
5,0,1.48,7.0,1.00617,0.00081
5,0,1.5,7.0,1.00572,0.00068
5,0,1.52,7.0,1.00529,0.00057
5,0,1.54,7.0,1.0049,0.00047
5,0,1.56,7.0,1.00453,0.00039
5,0,1.58,7.0,1.00419,0.00033
5,0,1.6,7.0,1.00387,0.00027
5,0,1.62,7.0,1.00357,0.00022
5,0,1.64,7.0,1.0033,0.00018
5,0,1.66,7.0,1.00304,0.00015
5,0,1.68,7.0,1.0028,0.00012
5,0,1.7,7.0,1.00258,0.0001
5,0,1.72,7.0,1.00238,8e-05
5,0,1.74,7.0,1.00219,7e-05
5,0,1.76,7.0,1.00202,5e-05
5,0,1.78,7.0,1.00186,4e-05
5,0,1.8,7.0,1.00171,4e-05
5,0,1.82,7.0,1.00157,3e-05
5,0,1.84,7.0,1.00145,2e-05
5,0,1.86,7.0,1.00133,2e-05
5,0,1.88,7.0,1.00122,1e-05
5,0,1.9,7.0,1.00112,1e-05
5,0,1.92,7.0,1.00103,1e-05
5,0,1.94,7.0,1.00094,1e-05
5,0,1.96,7.0,1.00086,1e-05
5,0,1.98,7.0,1.00079,0.0
5,0,2.0,7.0,1.00072,0.0
5,0,2.02,7.0,1.00066,0.0
5,0,2.04,7.0,1.00061,0.0
5,0,2.06,7.0,1.00055,0.0
5,0,2.08,7.0,1.00051,0.0
5,0,2.1,7.0,1.00046,0.0
5,0,2.12,7.0,1.00042,0.0
5,0,2.14,7.0,1.00039,0.0
5,0,2.16,7.0,1.00035,0.0
5,0,2.18,7.0,1.00032,0.0
5,0,2.2,7.0,1.00029,0.0
5,0,2.22,7.0,1.00027,0.0
5,0,2.24,7.0,1.00025,0.0
5,0,2.26,7.0,1.00023,0.0
5,0,2.28,7.0,1.00021,0.0
5,0,2.3,7.0,1.00019,0.0
5,0,2.32,7.0,1.00017,0.0
5,0,2.34,7.0,1.00016,0.0
5,0,2.36,7.0,1.00014,0.0
5,0,2.38,7.0,1.00013,0.0
5,0,2.4,7.0,1.00012,0.0
5,0,2.42,7.0,1.00011,0.0
5,0,2.44,7.0,1.0001,0.0
5,0,2.46,7.0,1.00009,0.0
5,0,2.48,7.0,1.00008,0.0
5,0,2.5,7.0,1.00008,0.0
5,0,2.52,7.0,1.00007,0.0
5,0,2.54,7.0,1.00007,0.0
5,0,2.56,7.0,1.00006,0.0
5,0,2.58,7.0,1.00005,0.0
5,0,2.6,7.0,1.00005,0.0
5,0,2.62,7.0,1.00004,0.0
5,0,2.64,7.0,1.00004,0.0
5,0,2.66,7.0,1.00003,0.0
5,0,2.68,7.0,1.00003,0.0
5,0,2.7,7.0,1.00003,0.0
5,0,2.72,7.0,1.00002,0.0
5,0,2.74,7.0,1.00002,0.0
5,0,2.76,7.0,1.00002,0.0
5,0,2.78,7.0,1.00001,0.0
5,0,2.8,7.0,1.00001,0.0
5,0,2.82,7.0,1.00001,0.0
5,0,2.84,7.0,1.00001,0.0
5,0,2.86,7.0,1.00001,0.0
5,0,2.88,7.0,1.00001,0.0
5,0,2.9,7.0,1.00001,0.0
5,0,2.92,7.0,1.00001,0.0
5,0,2.94,7.0,1.00001,0.0
5,0,2.96,7.0,1.00001,0.0
5,0,2.98,7.0,1.00001,0.0
5,0,3.0,7.0,1.00001,0.0
5,0,3.02,7.0,1.00001,0.0
5,0,3.04,7.0,1.00002,0.0
5,0,3.06,7.0,1.00002,0.0
5,0,3.08,7.0,1.00002,0.0
5,0,3.1,7.0,1.00002,0.0
5,0,3.12,7.0,1.00002,0.0
5,0,3.14,7.0,1.00002,0.0
5,0,3.16,7.0,1.00002,0.0
5,0,3.18,7.0,1.00002,0.0
5,0,3.2,7.0,1.00002,0.0
5,0,3.22,7.0,1.00002,0.0
5,0,3.24,7.0,1.00002,0.0
5,0,3.26,7.0,1.00002,0.0
5,0,3.28,7.0,1.00002,0.0
5,0,3.3,7.0,1.00002,0.0
5,0,3.32,7.0,1.00002,0.0
5,0,3.34,7.0,1.00002,0.0
5,0,3.36,7.0,1.00002,0.0
5,0,3.38,7.0,1.00002,0.0
5,0,3.4,7.0,1.00002,0.0
5,0,3.42,7.0,1.00002,0.0
5,0,3.44,7.0,1.00002,0.0
5,0,3.46,7.0,1.00002,0.0
5,0,3.48,7.0,1.00002,0.0
5,0,3.5,7.0,1.00002,0.0
5,0,3.52,7.0,1.00002,0.0
5,0,3.54,7.0,1.00002,0.0
5,0,3.56,7.0,1.00002,0.0
5,0,3.58,7.0,1.00002,0.0
5,0,3.6,7.0,1.00002,0.0
5,0,3.62,7.0,1.00002,0.0
5,0,3.64,7.0,1.00002,0.0
5,0,3.66,7.0,1.00002,0.0
5,0,3.68,7.0,1.00002,0.0
5,0,3.7,7.0,1.00002,0.0
5,0,3.72,7.0,1.00002,0.0
5,0,3.74,7.0,1.00002,0.0
5,0,3.76,7.0,1.00002,0.0
5,0,3.78,7.0,1.00002,0.0
5,0,3.8,7.0,1.00001,0.0
5,0,3.82,7.0,1.00001,0.0
5,0,3.84,7.0,1.00001,0.0
5,0,3.86,7.0,1.00001,0.0
5,0,3.88,7.0,1.00001,0.0
5,0,3.9,7.0,1.00001,0.0
5,0,3.92,7.0,1.00001,0.0
5,0,3.94,7.0,1.0,0.0
5,0,3.96,7.0,1.0,0.0
5,0,3.98,7.0,1.0,0.0
5,0,4.0,7.0,1.0,0.0
5,0,4.02,7.0,1.0,0.0
5,0,4.04,7.0,1.0,0.0
5,0,4.06,7.0,0.99999,0.0
5,0,4.08,7.0,0.99999,0.0
5,0,4.1,7.0,0.99999,0.0
5,0,4.12,7.0,0.99999,0.0
5,0,4.14,7.0,0.99998,0.0
5,0,4.16,7.0,0.99998,0.0
5,0,4.18,7.0,0.99998,0.0
5,0,4.2,7.0,0.99998,0.0
5,0,4.22,7.0,0.99998,0.0
5,0,4.24,7.0,0.99998,0.0
5,0,4.26,7.0,0.99998,0.0
5,0,4.28,7.0,0.99998,0.0
5,0,4.3,7.0,0.99998,0.0
5,0,4.32,7.0,0.99997,0.0
5,0,4.34,7.0,0.99997,0.0
5,0,4.36,7.0,0.99997,0.0
5,0,4.38001,7.0,0.99997,0.0
5,0,4.40001,7.0,0.99997,0.0
5,0,4.42001,7.0,0.99997,0.0
5,0,4.44001,7.0,0.99997,0.0
5,0,4.46001,7.0,0.99997,0.0
5,0,4.48001,7.0,0.99997,0.0
5,0,4.50001,7.0,0.99997,0.0
5,0,4.52001,7.0,0.99997,0.0
5,0,4.54001,7.0,0.99997,0.0
5,0,4.56001,7.0,0.99998,0.0
5,0,4.58001,7.0,0.99998,0.0
5,0,4.60001,7.0,0.99998,0.0
5,0,4.62001,7.0,0.99998,0.0
5,0,4.64001,7.0,0.99998,0.0
5,0,4.66001,7.0,0.99998,0.0
5,0,4.68001,7.0,0.99998,0.0
5,0,4.70001,7.0,0.99998,0.0
5,0,4.72001,7.0,0.99998,0.0
5,0,4.74001,7.0,0.99998,0.0
5,0,4.76001,7.0,0.99998,0.0
5,0,4.78001,7.0,0.99998,0.0
5,0,4.80001,7.0,0.99999,0.0
5,0,4.82002,7.0,0.99999,0.0
5,0,4.84002,7.0,0.99999,0.0
5,0,4.86002,7.0,0.99999,0.0
5,0,4.88002,7.0,0.99999,0.0
5,0,4.90002,7.0,0.99999,0.0
5,0,4.92002,7.0,0.99999,0.0
5,0,4.94002,7.0,0.99999,0.0
5,0,4.96002,7.0,1.0,0.0
5,0,4.98002,7.0,1.0,0.0
5,0,5.00002,7.0,1.0,0.0
5,1,0.0,8.0,0.0949,1.0
5,1,0.02,8.0,0.12881,0.99617
5,1,0.04,8.0,0.248,0.9866
5,1,0.06,8.0,0.35792,0.97144
5,1,0.08,8.0,0.45896,0.95161
5,1,0.1,8.0,0.55152,0.92792
5,1,0.12,8.0,0.636,0.90107
5,1,0.14,8.0,0.71282,0.8717
5,1,0.16,8.0,0.78238,0.84037
5,1,0.18,8.0,0.84511,0.80754
5,1,0.2,8.0,0.90141,0.77365
5,1,0.22,8.0,0.95168,0.73907
5,1,0.24,8.0,0.99632,0.70411
5,1,0.26,8.0,1.03571,0.66906
5,1,0.28,8.0,1.07023,0.63417
5,1,0.3,8.0,1.10023,0.59964
5,1,0.32,8.0,1.12608,0.56565
5,1,0.34,8.0,1.14809,0.53236
5,1,0.36,8.0,1.16659,0.49989
5,1,0.38,8.0,1.18188,0.46835
5,1,0.4,8.0,1.19425,0.43784
5,1,0.42,8.0,1.20397,0.40843
5,1,0.44,8.0,1.21131,0.38016
5,1,0.46,8.0,1.21651,0.35309
5,1,0.48,8.0,1.21979,0.32725
5,1,0.5,8.0,1.22137,0.30265
5,1,0.52,8.0,1.22145,0.2793
5,1,0.54,8.0,1.2202,0.2572
5,1,0.56,8.0,1.21782,0.23635
5,1,0.58,8.0,1.21444,0.21672
5,1,0.6,8.0,1.21022,0.1983
5,1,0.62,8.0,1.20529,0.18105
5,1,0.64,8.0,1.19977,0.16496
5,1,0.66,8.0,1.19377,0.14996
5,1,0.68,8.0,1.1874,0.13604
5,1,0.7,8.0,1.18073,0.12315
5,1,0.72,8.0,1.17385,0.11123
5,1,0.74,8.0,1.16683,0.10025
5,1,0.76,8.0,1.15974,0.09016
5,1,0.78,8.0,1.15263,0.08091
5,1,0.8,8.0,1.14554,0.07245
5,1,0.82,8.0,1.13853,0.06473
5,1,0.84,8.0,1.13162,0.05771
5,1,0.86,8.0,1.12485,0.05134
5,1,0.88,8.0,1.11825,0.04557
5,1,0.9,8.0,1.11182,0.04036
5,1,0.92,8.0,1.1056,0.03567
5,1,0.94,8.0,1.09958,0.03146
5,1,0.96,8.0,1.09379,0.02768
5,1,0.98,8.0,1.08823,0.0243
5,1,1.0,8.0,1.08291,0.02129
5,1,1.02,8.0,1.07782,0.01861
5,1,1.04,8.0,1.07296,0.01623
5,1,1.06,8.0,1.06834,0.01413
5,1,1.08,8.0,1.06395,0.01227
5,1,1.1,8.0,1.05979,0.01063
5,1,1.12,8.0,1.05585,0.00919
5,1,1.14,8.0,1.05213,0.00793
5,1,1.16,8.0,1.04862,0.00683
5,1,1.18,8.0,1.04531,0.00586
5,1,1.2,8.0,1.04219,0.00503
5,1,1.22,8.0,1.03926,0.0043
5,1,1.24,8.0,1.03651,0.00367
5,1,1.26,8.0,1.03393,0.00313
5,1,1.28,8.0,1.03151,0.00266
5,1,1.3,8.0,1.02925,0.00225
5,1,1.32,8.0,1.02713,0.00191
5,1,1.34,8.0,1.02516,0.00161
5,1,1.36,8.0,1.02331,0.00136
5,1,1.38,8.0,1.02159,0.00114
5,1,1.4,8.0,1.01999,0.00096
5,1,1.42,8.0,1.01849,0.0008
5,1,1.44,8.0,1.0171,0.00067
5,1,1.46,8.0,1.01581,0.00056
5,1,1.48,8.0,1.0146,0.00047
5,1,1.5,8.0,1.01349,0.00039
5,1,1.52,8.0,1.01245,0.00032
5,1,1.54,8.0,1.01149,0.00027
5,1,1.56,8.0,1.01059,0.00022
5,1,1.58,8.0,1.00977,0.00018
5,1,1.6,8.0,1.009,0.00015
5,1,1.62,8.0,1.00829,0.00012
5,1,1.64,8.0,1.00763,0.0001
5,1,1.66,8.0,1.00703,8e-05
5,1,1.68,8.0,1.00646,7e-05
5,1,1.7,8.0,1.00594,6e-05
5,1,1.72,8.0,1.00547,5e-05
5,1,1.74,8.0,1.00502,4e-05
5,1,1.76,8.0,1.00461,3e-05
5,1,1.78,8.0,1.00424,2e-05
5,1,1.8,8.0,1.00389,2e-05
5,1,1.82,8.0,1.00357,2e-05
5,1,1.84,8.0,1.00327,1e-05
5,1,1.86,8.0,1.003,1e-05
5,1,1.88,8.0,1.00275,1e-05
5,1,1.9,8.0,1.00252,1e-05
5,1,1.92,8.0,1.0023,1e-05
5,1,1.94,8.0,1.00211,0.0
5,1,1.96,8.0,1.00193,0.0
5,1,1.98,8.0,1.00176,0.0
5,1,2.0,8.0,1.00161,0.0
5,1,2.02,8.0,1.00147,0.0
5,1,2.04,8.0,1.00135,0.0
5,1,2.06,8.0,1.00123,0.0
5,1,2.08,8.0,1.00112,0.0
5,1,2.1,8.0,1.00103,0.0
5,1,2.12,8.0,1.00093,0.0
5,1,2.14,8.0,1.00085,0.0
5,1,2.16,8.0,1.00078,0.0
5,1,2.18,8.0,1.00071,0.0
5,1,2.2,8.0,1.00064,0.0
5,1,2.22,8.0,1.00059,0.0
5,1,2.24,8.0,1.00053,0.0
5,1,2.26,8.0,1.00048,0.0
5,1,2.28,8.0,1.00044,0.0
5,1,2.3,8.0,1.0004,0.0
5,1,2.32,8.0,1.00036,0.0
5,1,2.34,8.0,1.00033,0.0
5,1,2.36,8.0,1.0003,0.0
5,1,2.38,8.0,1.00027,0.0
5,1,2.4,8.0,1.00024,0.0
5,1,2.42,8.0,1.00022,0.0
5,1,2.44,8.0,1.0002,0.0
5,1,2.46,8.0,1.00018,0.0
5,1,2.48,8.0,1.00016,0.0
5,1,2.5,8.0,1.00014,0.0
5,1,2.52,8.0,1.00013,0.0
5,1,2.54,8.0,1.00012,0.0
5,1,2.56,8.0,1.00011,0.0
5,1,2.58,8.0,1.0001,0.0
5,1,2.6,8.0,1.00009,0.0
5,1,2.62,8.0,1.00008,0.0
5,1,2.64,8.0,1.00007,0.0
5,1,2.66,8.0,1.00007,0.0
5,1,2.68,8.0,1.00006,0.0
5,1,2.7,8.0,1.00006,0.0
5,1,2.72,8.0,1.00005,0.0
5,1,2.74,8.0,1.00005,0.0
5,1,2.76,8.0,1.00004,0.0
5,1,2.78,8.0,1.00004,0.0
5,1,2.8,8.0,1.00003,0.0
5,1,2.82,8.0,1.00003,0.0
5,1,2.84,8.0,1.00003,0.0
5,1,2.86,8.0,1.00003,0.0
5,1,2.88,8.0,1.00002,0.0
5,1,2.9,8.0,1.00002,0.0
5,1,2.92,8.0,1.00002,0.0
5,1,2.94,8.0,1.00002,0.0
5,1,2.96,8.0,1.00002,0.0
5,1,2.98,8.0,1.00002,0.0
5,1,3.0,8.0,1.00001,0.0
5,1,3.02,8.0,1.00001,0.0
5,1,3.04,8.0,1.00001,0.0
5,1,3.06,8.0,1.00001,0.0
5,1,3.08,8.0,1.00001,0.0
5,1,3.1,8.0,1.00001,0.0
5,1,3.12,8.0,1.00001,0.0
5,1,3.14,8.0,1.00001,0.0
5,1,3.16,8.0,1.00001,0.0
5,1,3.18,8.0,1.0,0.0
5,1,3.2,8.0,1.0,0.0
5,1,3.22,8.0,1.0,0.0
5,1,3.24,8.0,1.0,0.0
5,1,3.26,8.0,1.0,0.0
5,1,3.28,8.0,1.0,0.0
5,1,3.3,8.0,1.0,0.0
5,1,3.32,8.0,1.0,0.0
5,1,3.34,8.0,1.0,0.0
5,1,3.36,8.0,0.99999,0.0
5,1,3.38,8.0,0.99999,0.0
5,1,3.4,8.0,0.99999,0.0
5,1,3.42,8.0,0.99999,0.0
5,1,3.44,8.0,0.99999,0.0
5,1,3.46,8.0,0.99999,0.0
5,1,3.48,8.0,0.99999,0.0
5,1,3.5,8.0,0.99999,0.0
5,1,3.52,8.0,0.99999,0.0
5,1,3.54,8.0,0.99998,0.0
5,1,3.56,8.0,0.99998,0.0
5,1,3.58,8.0,0.99998,0.0
5,1,3.6,8.0,0.99998,0.0
5,1,3.62,8.0,0.99998,0.0
5,1,3.64,8.0,0.99998,0.0
5,1,3.66,8.0,0.99998,0.0
5,1,3.68,8.0,0.99998,0.0
5,1,3.7,8.0,0.99997,0.0
5,1,3.72,8.0,0.99997,0.0
5,1,3.74,8.0,0.99997,0.0
5,1,3.76,8.0,0.99997,0.0
5,1,3.78,8.0,0.99997,0.0
5,1,3.8,8.0,0.99997,0.0
5,1,3.82,8.0,0.99997,0.0
5,1,3.84,8.0,0.99997,0.0
5,1,3.86,8.0,0.99997,0.0
5,1,3.88,8.0,0.99997,0.0
5,1,3.9,8.0,0.99997,0.0
5,1,3.92,8.0,0.99997,0.0
5,1,3.94,8.0,0.99997,0.0
5,1,3.96,8.0,0.99997,0.0
5,1,3.98,8.0,0.99997,0.0
5,1,4.0,8.0,0.99997,0.0
5,1,4.02,8.0,0.99997,0.0
5,1,4.04,8.0,0.99998,0.0
5,1,4.06,8.0,0.99998,0.0
5,1,4.08,8.0,0.99998,0.0
5,1,4.1,8.0,0.99998,0.0
5,1,4.12,8.0,0.99998,0.0
5,1,4.14,8.0,0.99998,0.0
5,1,4.16,8.0,0.99998,0.0
5,1,4.18,8.0,0.99998,0.0
5,1,4.2,8.0,0.99998,0.0
5,1,4.22,8.0,0.99998,0.0
5,1,4.24,8.0,0.99998,0.0
5,1,4.26,8.0,0.99999,0.0
5,1,4.28,8.0,0.99999,0.0
5,1,4.3,8.0,0.99999,0.0
5,1,4.32,8.0,0.99999,0.0
5,1,4.34,8.0,0.99999,0.0
5,1,4.36,8.0,0.99999,0.0
5,1,4.38001,8.0,0.99999,0.0
5,1,4.40001,8.0,0.99999,0.0
5,1,4.42001,8.0,0.99999,0.0
5,1,4.44001,8.0,0.99999,0.0
5,1,4.46001,8.0,0.99999,0.0
5,1,4.48001,8.0,0.99999,0.0
5,1,4.50001,8.0,0.99999,0.0
5,1,4.52001,8.0,0.99999,0.0
5,1,4.54001,8.0,0.99999,0.0
5,1,4.56001,8.0,0.99999,0.0
5,1,4.58001,8.0,0.99999,0.0
5,1,4.60001,8.0,0.99999,0.0
5,1,4.62001,8.0,0.99999,0.0
5,1,4.64001,8.0,0.99999,0.0
5,1,4.66001,8.0,0.99999,0.0
5,1,4.68001,8.0,0.99999,0.0
5,1,4.70001,8.0,0.99999,0.0
5,1,4.72001,8.0,0.99999,0.0
5,1,4.74001,8.0,0.99999,0.0
5,1,4.76001,8.0,0.99999,0.0
5,1,4.78001,8.0,0.99999,0.0
5,1,4.80001,8.0,0.99999,0.0
5,1,4.82002,8.0,0.99999,0.0
5,1,4.84002,8.0,0.99999,0.0
5,1,4.86002,8.0,0.99999,0.0
5,1,4.88002,8.0,0.99999,0.0
5,1,4.90002,8.0,0.99999,0.0
5,1,4.92002,8.0,1.0,0.0
5,1,4.94002,8.0,1.0,0.0
5,1,4.96002,8.0,1.0,0.0
5,1,4.98002,8.0,1.0,0.0
5,1,5.00002,8.0,1.0,0.0
5,3,0.0,9.0,0.0949,1.0
5,3,0.02,9.0,0.07863,0.99015
5,3,0.04,9.0,0.15095,0.97714
5,3,0.06,9.0,0.21747,0.96068
5,3,0.08,9.0,0.27867,0.94134
5,3,0.1,9.0,0.33497,0.91957
5,3,0.12,9.0,0.38679,0.8958
5,3,0.14,9.0,0.43448,0.87036
5,3,0.16,9.0,0.47838,0.84357
5,3,0.18,9.0,0.51881,0.81571
5,3,0.2,9.0,0.55604,0.78703
5,3,0.22,9.0,0.59034,0.75772
5,3,0.24,9.0,0.62195,0.728
5,3,0.26,9.0,0.65108,0.69802
5,3,0.28,9.0,0.67794,0.66796
5,3,0.3,9.0,0.7027,0.63794
5,3,0.32,9.0,0.72554,0.60809
5,3,0.34,9.0,0.74662,0.57853
5,3,0.36,9.0,0.76607,0.54937
5,3,0.38,9.0,0.78402,0.52068
5,3,0.4,9.0,0.8006,0.49256
5,3,0.42,9.0,0.81591,0.46508
5,3,0.44,9.0,0.83005,0.4383
5,3,0.46,9.0,0.84311,0.41228
5,3,0.48,9.0,0.85519,0.38707
5,3,0.5,9.0,0.86635,0.36271
5,3,0.52,9.0,0.87666,0.33923
5,3,0.54,9.0,0.8862,0.31666
5,3,0.56,9.0,0.89502,0.29502
5,3,0.58,9.0,0.90318,0.27433
5,3,0.6,9.0,0.91072,0.2546
5,3,0.62,9.0,0.91769,0.23582
5,3,0.64,9.0,0.92414,0.218
5,3,0.66,9.0,0.9301,0.20112
5,3,0.68,9.0,0.93562,0.18519
5,3,0.7,9.0,0.94072,0.17018
5,3,0.72,9.0,0.94543,0.15607
5,3,0.74,9.0,0.94979,0.14284
5,3,0.76,9.0,0.95381,0.13047
5,3,0.78,9.0,0.95753,0.11893
5,3,0.8,9.0,0.96097,0.10819
5,3,0.82,9.0,0.96414,0.09822
5,3,0.84,9.0,0.96707,0.08899
5,3,0.86,9.0,0.96978,0.08045
5,3,0.88,9.0,0.97227,0.07259
5,3,0.9,9.0,0.97457,0.06535
5,3,0.92,9.0,0.97669,0.05872
5,3,0.94,9.0,0.97865,0.05265
5,3,0.96,9.0,0.98045,0.0471
5,3,0.98,9.0,0.98211,0.04206
5,3,1.0,9.0,0.98363,0.03747
5,3,1.02,9.0,0.98503,0.03331
5,3,1.04,9.0,0.98632,0.02955
5,3,1.06,9.0,0.98751,0.02616
5,3,1.08,9.0,0.98859,0.02311
5,3,1.1,9.0,0.98959,0.02037
5,3,1.12,9.0,0.9905,0.01792
5,3,1.14,9.0,0.99134,0.01573
5,3,1.16,9.0,0.99211,0.01377
5,3,1.18,9.0,0.99282,0.01204
5,3,1.2,9.0,0.99346,0.0105
5,3,1.22,9.0,0.99405,0.00913
5,3,1.24,9.0,0.99459,0.00793
5,3,1.26,9.0,0.99508,0.00687
5,3,1.28,9.0,0.99553,0.00594
5,3,1.3,9.0,0.99594,0.00512
5,3,1.32,9.0,0.99631,0.00441
5,3,1.34,9.0,0.99665,0.00379
5,3,1.36,9.0,0.99696,0.00324
5,3,1.38,9.0,0.99725,0.00277
5,3,1.4,9.0,0.9975,0.00237
5,3,1.42,9.0,0.99774,0.00201
5,3,1.44,9.0,0.99795,0.00171
5,3,1.46,9.0,0.99814,0.00145
5,3,1.48,9.0,0.99832,0.00122
5,3,1.5,9.0,0.99848,0.00103
5,3,1.52,9.0,0.99863,0.00087
5,3,1.54,9.0,0.99876,0.00073
5,3,1.56,9.0,0.99888,0.00061
5,3,1.58,9.0,0.99899,0.00051
5,3,1.6,9.0,0.99908,0.00043
5,3,1.62,9.0,0.99917,0.00036
5,3,1.64,9.0,0.99925,0.0003
5,3,1.66,9.0,0.99933,0.00024
5,3,1.68,9.0,0.99939,0.0002
5,3,1.7,9.0,0.99945,0.00017
5,3,1.72,9.0,0.99951,0.00014
5,3,1.74,9.0,0.99956,0.00011
5,3,1.76,9.0,0.9996,9e-05
5,3,1.78,9.0,0.99964,8e-05
5,3,1.8,9.0,0.99968,6e-05
5,3,1.82,9.0,0.99971,5e-05
5,3,1.84,9.0,0.99974,4e-05
5,3,1.86,9.0,0.99976,3e-05
5,3,1.88,9.0,0.99979,3e-05
5,3,1.9,9.0,0.99981,2e-05
5,3,1.92,9.0,0.99983,2e-05
5,3,1.94,9.0,0.99985,1e-05
5,3,1.96,9.0,0.99986,1e-05
5,3,1.98,9.0,0.99988,1e-05
5,3,2.0,9.0,0.99989,1e-05
5,3,2.02,9.0,0.9999,1e-05
5,3,2.04,9.0,0.99991,0.0
5,3,2.06,9.0,0.99992,0.0
5,3,2.08,9.0,0.99993,0.0
5,3,2.1,9.0,0.99994,0.0
5,3,2.12,9.0,0.99995,0.0
5,3,2.14,9.0,0.99996,0.0
5,3,2.16,9.0,0.99996,0.0
5,3,2.18,9.0,0.99997,0.0
5,3,2.2,9.0,0.99997,0.0
5,3,2.22,9.0,0.99998,0.0
5,3,2.24,9.0,0.99998,0.0
5,3,2.26,9.0,0.99998,0.0
5,3,2.28,9.0,0.99998,0.0
5,3,2.3,9.0,0.99999,0.0
5,3,2.32,9.0,0.99999,0.0
5,3,2.34,9.0,0.99999,0.0
5,3,2.36,9.0,0.99999,0.0
5,3,2.38,9.0,0.99999,0.0
5,3,2.4,9.0,0.99999,0.0
5,3,2.42,9.0,0.99999,0.0
5,3,2.44,9.0,0.99999,0.0
5,3,2.46,9.0,0.99999,0.0
5,3,2.48,9.0,0.99999,0.0
5,3,2.5,9.0,0.99999,0.0
5,3,2.52,9.0,0.99999,0.0
5,3,2.54,9.0,0.99999,0.0
5,3,2.56,9.0,0.99999,0.0
5,3,2.58,9.0,0.99999,0.0
5,3,2.6,9.0,0.99999,0.0
5,3,2.62,9.0,0.99999,0.0
5,3,2.64,9.0,0.99999,0.0
5,3,2.66,9.0,0.99999,0.0
5,3,2.68,9.0,0.99999,0.0
5,3,2.7,9.0,0.99999,0.0
5,3,2.72,9.0,1.0,0.0
5,3,2.74,9.0,1.0,0.0
5,3,2.76,9.0,1.0,0.0
5,3,2.78,9.0,1.0,0.0
5,3,2.8,9.0,1.0,0.0
5,3,2.82,9.0,1.0,0.0
5,3,2.84,9.0,1.0,0.0
5,3,2.86,9.0,1.0,0.0
5,3,2.88,9.0,1.0,0.0
5,3,2.9,9.0,1.0,0.0
5,3,2.92,9.0,1.00001,0.0
5,3,2.94,9.0,1.00001,0.0
5,3,2.96,9.0,1.00001,0.0
5,3,2.98,9.0,1.00001,0.0
5,3,3.0,9.0,1.00001,0.0
5,3,3.02,9.0,1.00001,0.0
5,3,3.04,9.0,1.00001,0.0
5,3,3.06,9.0,1.00001,0.0
5,3,3.08,9.0,1.00001,0.0
5,3,3.1,9.0,1.00001,0.0
5,3,3.12,9.0,1.00001,0.0
5,3,3.14,9.0,1.00001,0.0
5,3,3.16,9.0,1.00001,0.0
5,3,3.18,9.0,1.00001,0.0
5,3,3.2,9.0,1.00001,0.0
5,3,3.22,9.0,1.00001,0.0
5,3,3.24,9.0,1.00001,0.0
5,3,3.26,9.0,1.0,0.0
5,3,3.28,9.0,1.0,0.0
5,3,3.3,9.0,1.0,0.0
5,3,3.32,9.0,1.0,0.0
5,3,3.34,9.0,1.0,0.0
5,3,3.36,9.0,1.0,0.0
5,3,3.38,9.0,1.0,0.0
5,3,3.4,9.0,1.0,0.0
5,3,3.42,9.0,1.0,0.0
5,3,3.44,9.0,1.0,0.0
5,3,3.46,9.0,1.0,0.0
5,3,3.48,9.0,1.0,0.0
5,3,3.5,9.0,1.0,0.0
5,3,3.52,9.0,1.0,0.0
5,3,3.54,9.0,1.0,0.0
5,3,3.56,9.0,1.0,0.0
5,3,3.58,9.0,1.0,0.0
5,3,3.6,9.0,1.0,0.0
5,3,3.62,9.0,1.0,0.0
5,3,3.64,9.0,1.0,0.0
5,3,3.66,9.0,1.0,0.0
5,3,3.68,9.0,1.0,0.0
5,3,3.7,9.0,1.0,0.0
5,3,3.72,9.0,1.0,0.0
5,3,3.74,9.0,1.0,0.0
5,3,3.76,9.0,1.0,0.0
5,3,3.78,9.0,1.0,0.0
5,3,3.8,9.0,1.0,0.0
5,3,3.82,9.0,1.0,0.0
5,3,3.84,9.0,1.0,0.0
5,3,3.86,9.0,1.0,0.0
5,3,3.88,9.0,1.0,0.0
5,3,3.9,9.0,1.0,0.0
5,3,3.92,9.0,1.0,0.0
5,3,3.94,9.0,1.0,0.0
5,3,3.96,9.0,1.0,0.0
5,3,3.98,9.0,1.0,0.0
5,3,4.0,9.0,1.0,0.0
5,3,4.02,9.0,1.0,0.0
5,3,4.04,9.0,0.99999,0.0
5,3,4.06,9.0,0.99999,0.0
5,3,4.08,9.0,0.99999,0.0
5,3,4.1,9.0,0.99999,0.0
5,3,4.12,9.0,0.99999,0.0
5,3,4.14,9.0,0.99999,0.0
5,3,4.16,9.0,0.99999,0.0
5,3,4.18,9.0,0.99999,0.0
5,3,4.2,9.0,0.99999,0.0
5,3,4.22,9.0,0.99999,0.0
5,3,4.24,9.0,0.99999,0.0
5,3,4.26,9.0,0.99999,0.0
5,3,4.28,9.0,0.99999,0.0
5,3,4.3,9.0,0.99998,0.0
5,3,4.32,9.0,0.99998,0.0
5,3,4.34,9.0,0.99998,0.0
5,3,4.36,9.0,0.99998,0.0
5,3,4.38001,9.0,0.99998,0.0
5,3,4.40001,9.0,0.99998,0.0
5,3,4.42001,9.0,0.99998,0.0
5,3,4.44001,9.0,0.99998,0.0
5,3,4.46001,9.0,0.99998,0.0
5,3,4.48001,9.0,0.99998,0.0
5,3,4.50001,9.0,0.99998,0.0
5,3,4.52001,9.0,0.99998,0.0
5,3,4.54001,9.0,0.99998,0.0
5,3,4.56001,9.0,0.99998,0.0
5,3,4.58001,9.0,0.99998,0.0
5,3,4.60001,9.0,0.99998,0.0
5,3,4.62001,9.0,0.99998,0.0
5,3,4.64001,9.0,0.99999,0.0
5,3,4.66001,9.0,0.99999,0.0
5,3,4.68001,9.0,0.99999,0.0
5,3,4.70001,9.0,0.99999,0.0
5,3,4.72001,9.0,0.99999,0.0
5,3,4.74001,9.0,0.99999,0.0
5,3,4.76001,9.0,0.99999,0.0
5,3,4.78001,9.0,0.99999,0.0
5,3,4.80001,9.0,0.99999,0.0
5,3,4.82002,9.0,0.99999,0.0
5,3,4.84002,9.0,0.99999,0.0
5,3,4.86002,9.0,0.99999,0.0
5,3,4.88002,9.0,0.99999,0.0
5,3,4.90002,9.0,1.0,0.0
5,3,4.92002,9.0,1.0,0.0
5,3,4.94002,9.0,1.0,0.0
5,3,4.96002,9.0,1.0,0.0
5,3,4.98002,9.0,1.0,0.0
5,3,5.00002,9.0,1.0,0.0
10,0,0.0,10.0,0.0949,1.0
10,0,0.02,10.0,0.08446,0.99025
10,0,0.04,10.0,0.16194,0.97701
10,0,0.06,10.0,0.233,0.9601
10,0,0.08,10.0,0.29815,0.94013
10,0,0.1,10.0,0.35789,0.91762
10,0,0.12,10.0,0.41264,0.89303
10,0,0.14,10.0,0.46281,0.86674
10,0,0.16,10.0,0.50879,0.8391
10,0,0.18,10.0,0.5509,0.8104
10,0,0.2,10.0,0.58947,0.78091
10,0,0.22,10.0,0.62479,0.75084
10,0,0.24,10.0,0.65713,0.72041
10,0,0.26,10.0,0.68674,0.68979
10,0,0.28,10.0,0.71383,0.65915
10,0,0.3,10.0,0.73863,0.62862
10,0,0.32,10.0,0.76131,0.59834
10,0,0.34,10.0,0.78207,0.56842
10,0,0.36,10.0,0.80105,0.53896
10,0,0.38,10.0,0.8184,0.51006
10,0,0.4,10.0,0.83427,0.48178
10,0,0.42,10.0,0.84878,0.45421
10,0,0.44,10.0,0.86204,0.4274
10,0,0.46,10.0,0.87416,0.40141
10,0,0.48,10.0,0.88523,0.37627
10,0,0.5,10.0,0.89535,0.35204
10,0,0.52,10.0,0.90459,0.32873
10,0,0.54,10.0,0.91302,0.30638
10,0,0.56,10.0,0.92073,0.28499
10,0,0.58,10.0,0.92776,0.26458
10,0,0.6,10.0,0.93418,0.24515
10,0,0.62,10.0,0.94004,0.2267
10,0,0.64,10.0,0.94539,0.20922
10,0,0.66,10.0,0.95027,0.19271
10,0,0.68,10.0,0.95472,0.17715
10,0,0.7,10.0,0.95878,0.16252
10,0,0.72,10.0,0.96248,0.14879
10,0,0.74,10.0,0.96585,0.13595
10,0,0.76,10.0,0.96893,0.12397
10,0,0.78,10.0,0.97173,0.11281
10,0,0.8,10.0,0.97428,0.10245
10,0,0.82,10.0,0.97661,0.09284
10,0,0.84,10.0,0.97873,0.08397
10,0,0.86,10.0,0.98066,0.07578
10,0,0.88,10.0,0.98242,0.06825
10,0,0.9,10.0,0.98403,0.06134
10,0,0.92,10.0,0.98548,0.05501
10,0,0.94,10.0,0.98681,0.04923
10,0,0.96,10.0,0.98802,0.04397
10,0,0.98,10.0,0.98912,0.03919
10,0,1.0,10.0,0.99012,0.03485
10,0,1.02,10.0,0.99103,0.03092
10,0,1.04,10.0,0.99186,0.02738
10,0,1.06,10.0,0.99261,0.0242
10,0,1.08,10.0,0.99329,0.02133
10,0,1.1,10.0,0.99391,0.01877
10,0,1.12,10.0,0.99448,0.01648
10,0,1.14,10.0,0.99499,0.01443
10,0,1.16,10.0,0.99546,0.01262
10,0,1.18,10.0,0.99588,0.011
10,0,1.2,10.0,0.99626,0.00958
10,0,1.22,10.0,0.99661,0.00831
10,0,1.24,10.0,0.99693,0.0072
10,0,1.26,10.0,0.99722,0.00623
10,0,1.28,10.0,0.99748,0.00537
10,0,1.3,10.0,0.99772,0.00462
10,0,1.32,10.0,0.99793,0.00397
10,0,1.34,10.0,0.99813,0.0034
10,0,1.36,10.0,0.99831,0.00291
10,0,1.38,10.0,0.99847,0.00248
10,0,1.4,10.0,0.99861,0.00211
10,0,1.42,10.0,0.99875,0.00179
10,0,1.44,10.0,0.99887,0.00152
10,0,1.46,10.0,0.99898,0.00129
10,0,1.48,10.0,0.99908,0.00108
10,0,1.5,10.0,0.99916,0.00091
10,0,1.52,10.0,0.99925,0.00077
10,0,1.54,10.0,0.99932,0.00064
10,0,1.56,10.0,0.99939,0.00054
10,0,1.58,10.0,0.99945,0.00045
10,0,1.6,10.0,0.9995,0.00037
10,0,1.62,10.0,0.99955,0.00031
10,0,1.64,10.0,0.99959,0.00026
10,0,1.66,10.0,0.99963,0.00021
10,0,1.68,10.0,0.99967,0.00017
10,0,1.7,10.0,0.9997,0.00014
10,0,1.72,10.0,0.99973,0.00012
10,0,1.74,10.0,0.99976,0.0001
10,0,1.76,10.0,0.99978,8e-05
10,0,1.78,10.0,0.9998,6e-05
10,0,1.8,10.0,0.99982,5e-05
10,0,1.82,10.0,0.99984,4e-05
10,0,1.84,10.0,0.99986,3e-05
10,0,1.86,10.0,0.99987,3e-05
10,0,1.88,10.0,0.99988,2e-05
10,0,1.9,10.0,0.9999,2e-05
10,0,1.92,10.0,0.99991,1e-05
10,0,1.94,10.0,0.99992,1e-05
10,0,1.96,10.0,0.99993,1e-05
10,0,1.98,10.0,0.99993,1e-05
10,0,2.0,10.0,0.99994,1e-05
10,0,2.02,10.0,0.99995,0.0
10,0,2.04,10.0,0.99995,0.0
10,0,2.06,10.0,0.99996,0.0
10,0,2.08,10.0,0.99996,0.0
10,0,2.1,10.0,0.99996,0.0
10,0,2.12,10.0,0.99997,0.0
10,0,2.14,10.0,0.99997,0.0
10,0,2.16,10.0,0.99997,0.0
10,0,2.18,10.0,0.99997,0.0
10,0,2.2,10.0,0.99998,0.0
10,0,2.22,10.0,0.99998,0.0
10,0,2.24,10.0,0.99998,0.0
10,0,2.26,10.0,0.99998,0.0
10,0,2.28,10.0,0.99998,0.0
10,0,2.3,10.0,0.99999,0.0
10,0,2.32,10.0,0.99999,0.0
10,0,2.34,10.0,0.99999,0.0
10,0,2.36,10.0,0.99999,0.0
10,0,2.38,10.0,0.99999,0.0
10,0,2.4,10.0,0.99999,0.0
10,0,2.42,10.0,0.99999,0.0
10,0,2.44,10.0,0.99999,0.0
10,0,2.46,10.0,0.99999,0.0
10,0,2.48,10.0,0.99999,0.0
10,0,2.5,10.0,0.99999,0.0
10,0,2.52,10.0,0.99999,0.0
10,0,2.54,10.0,0.99999,0.0
10,0,2.56,10.0,0.99999,0.0
10,0,2.58,10.0,0.99999,0.0
10,0,2.6,10.0,0.99999,0.0
10,0,2.62,10.0,0.99999,0.0
10,0,2.64,10.0,0.99999,0.0
10,0,2.66,10.0,0.99999,0.0
10,0,2.68,10.0,0.99999,0.0
10,0,2.7,10.0,0.99999,0.0
10,0,2.72,10.0,0.99999,0.0
10,0,2.74,10.0,0.99999,0.0
10,0,2.76,10.0,0.99999,0.0
10,0,2.78,10.0,0.99999,0.0
10,0,2.8,10.0,0.99999,0.0
10,0,2.82,10.0,0.99999,0.0
10,0,2.84,10.0,0.99999,0.0
10,0,2.86,10.0,0.99999,0.0
10,0,2.88,10.0,0.99999,0.0
10,0,2.9,10.0,0.99999,0.0
10,0,2.92,10.0,0.99999,0.0
10,0,2.94,10.0,0.99999,0.0
10,0,2.96,10.0,0.99999,0.0
10,0,2.98,10.0,0.99999,0.0
10,0,3.0,10.0,0.99999,0.0
10,0,3.02,10.0,0.99999,0.0
10,0,3.04,10.0,0.99999,0.0
10,0,3.06,10.0,0.99999,0.0
10,0,3.08,10.0,0.99999,0.0
10,0,3.1,10.0,0.99999,0.0
10,0,3.12,10.0,0.99999,0.0
10,0,3.14,10.0,0.99999,0.0
10,0,3.16,10.0,0.99999,0.0
10,0,3.18,10.0,0.99999,0.0
10,0,3.2,10.0,0.99999,0.0
10,0,3.22,10.0,0.99999,0.0
10,0,3.24,10.0,0.99999,0.0
10,0,3.26,10.0,0.99999,0.0
10,0,3.28,10.0,0.99999,0.0
10,0,3.3,10.0,0.99999,0.0
10,0,3.32,10.0,0.99999,0.0
10,0,3.34,10.0,0.99999,0.0
10,0,3.36,10.0,0.99999,0.0
10,0,3.38,10.0,0.99999,0.0
10,0,3.4,10.0,0.99999,0.0
10,0,3.42,10.0,0.99999,0.0
10,0,3.44,10.0,0.99999,0.0
10,0,3.46,10.0,0.99999,0.0
10,0,3.48,10.0,0.99999,0.0
10,0,3.5,10.0,0.99999,0.0
10,0,3.52,10.0,0.99999,0.0
10,0,3.54,10.0,0.99999,0.0
10,0,3.56,10.0,0.99999,0.0
10,0,3.58,10.0,0.99999,0.0
10,0,3.6,10.0,0.99999,0.0
10,0,3.62,10.0,0.99999,0.0
10,0,3.64,10.0,0.99999,0.0
10,0,3.66,10.0,0.99999,0.0
10,0,3.68,10.0,0.99999,0.0
10,0,3.7,10.0,0.99999,0.0
10,0,3.72,10.0,0.99999,0.0
10,0,3.74,10.0,0.99999,0.0
10,0,3.76,10.0,0.99999,0.0
10,0,3.78,10.0,1.0,0.0
10,0,3.8,10.0,1.0,0.0
10,0,3.82,10.0,1.0,0.0
10,0,3.84,10.0,1.0,0.0
10,0,3.86,10.0,1.0,0.0
10,0,3.88,10.0,1.0,0.0
10,0,3.9,10.0,1.0,0.0
10,0,3.92,10.0,1.0,0.0
10,0,3.94,10.0,1.0,0.0
10,0,3.96,10.0,1.0,0.0
10,0,3.98,10.0,1.0,0.0
10,0,4.0,10.0,1.0,0.0
10,0,4.02,10.0,1.0,0.0
10,0,4.04,10.0,1.0,0.0
10,0,4.06,10.0,1.0,0.0
10,0,4.08,10.0,1.0,0.0
10,0,4.1,10.0,1.0,0.0
10,0,4.12,10.0,0.99999,0.0
10,0,4.14,10.0,0.99999,0.0
10,0,4.16,10.0,0.99999,0.0
10,0,4.18,10.0,0.99999,0.0
10,0,4.2,10.0,0.99998,0.0
10,0,4.22,10.0,0.99998,0.0
10,0,4.24,10.0,0.99998,0.0
10,0,4.26,10.0,0.99998,0.0
10,0,4.28,10.0,0.99997,0.0
10,0,4.3,10.0,0.99997,0.0
10,0,4.32,10.0,0.99997,0.0
10,0,4.34,10.0,0.99997,0.0
10,0,4.36,10.0,0.99997,0.0
10,0,4.38001,10.0,0.99997,0.0
10,0,4.40001,10.0,0.99997,0.0
10,0,4.42001,10.0,0.99997,0.0
10,0,4.44001,10.0,0.99997,0.0
10,0,4.46001,10.0,0.99997,0.0
10,0,4.48001,10.0,0.99997,0.0
10,0,4.50001,10.0,0.99997,0.0
10,0,4.52001,10.0,0.99997,0.0
10,0,4.54001,10.0,0.99997,0.0
10,0,4.56001,10.0,0.99997,0.0
10,0,4.58001,10.0,0.99997,0.0
10,0,4.60001,10.0,0.99998,0.0
10,0,4.62001,10.0,0.99998,0.0
10,0,4.64001,10.0,0.99998,0.0
10,0,4.66001,10.0,0.99998,0.0
10,0,4.68001,10.0,0.99998,0.0
10,0,4.70001,10.0,0.99998,0.0
10,0,4.72001,10.0,0.99998,0.0
10,0,4.74001,10.0,0.99999,0.0
10,0,4.76001,10.0,0.99999,0.0
10,0,4.78001,10.0,0.99999,0.0
10,0,4.80001,10.0,0.99999,0.0
10,0,4.82002,10.0,0.99999,0.0
10,0,4.84002,10.0,0.99999,0.0
10,0,4.86002,10.0,0.99999,0.0
10,0,4.88002,10.0,0.99999,0.0
10,0,4.90002,10.0,0.99999,0.0
10,0,4.92002,10.0,1.0,0.0
10,0,4.94002,10.0,1.0,0.0
10,0,4.96002,10.0,1.0,0.0
10,0,4.98002,10.0,1.0,0.0
10,0,5.00002,10.0,1.0,0.0
10,1,0.0,11.0,0.0949,1.0
10,1,0.02,11.0,0.11286,0.99303
10,1,0.04,11.0,0.21539,0.98068
10,1,0.06,11.0,0.30837,0.96325
10,1,0.08,11.0,0.39254,0.94173
10,1,0.1,11.0,0.46859,0.91695
10,1,0.12,11.0,0.53719,0.88961
10,1,0.14,11.0,0.59893,0.86029
10,1,0.16,11.0,0.65439,0.82949
10,1,0.18,11.0,0.70408,0.79762
10,1,0.2,11.0,0.74851,0.76502
10,1,0.22,11.0,0.78813,0.73201
10,1,0.24,11.0,0.82336,0.69882
10,1,0.26,11.0,0.85459,0.66568
10,1,0.28,11.0,0.88218,0.63277
10,1,0.3,11.0,0.90648,0.60024
10,1,0.32,11.0,0.92778,0.56822
10,1,0.34,11.0,0.94638,0.53685
10,1,0.36,11.0,0.96253,0.5062
10,1,0.38,11.0,0.97649,0.47636
10,1,0.4,11.0,0.98847,0.4474
10,1,0.42,11.0,0.99868,0.41939
10,1,0.44,11.0,1.0073,0.39236
10,1,0.46,11.0,1.01451,0.36635
10,1,0.48,11.0,1.02046,0.3414
10,1,0.5,11.0,1.02531,0.31753
10,1,0.52,11.0,1.02917,0.29473
10,1,0.54,11.0,1.03217,0.27304
10,1,0.56,11.0,1.03441,0.25243
10,1,0.58,11.0,1.036,0.23291
10,1,0.6,11.0,1.03702,0.21447
10,1,0.62,11.0,1.03756,0.19709
10,1,0.64,11.0,1.03767,0.18075
10,1,0.66,11.0,1.03744,0.16543
10,1,0.68,11.0,1.03691,0.15109
10,1,0.7,11.0,1.03613,0.13771
10,1,0.72,11.0,1.03516,0.12525
10,1,0.74,11.0,1.03403,0.11369
10,1,0.76,11.0,1.03278,0.10297
10,1,0.78,11.0,1.03144,0.09307
10,1,0.8,11.0,1.03003,0.08394
10,1,0.82,11.0,1.02858,0.07555
10,1,0.84,11.0,1.02711,0.06785
10,1,0.86,11.0,1.02563,0.06081
10,1,0.88,11.0,1.02417,0.05438
10,1,0.9,11.0,1.02272,0.04852
10,1,0.92,11.0,1.02131,0.0432
10,1,0.94,11.0,1.01994,0.03838
10,1,0.96,11.0,1.01861,0.03403
10,1,0.98,11.0,1.01733,0.0301
10,1,1.0,11.0,1.01611,0.02657
10,1,1.02,11.0,1.01495,0.0234
10,1,1.04,11.0,1.01384,0.02056
10,1,1.06,11.0,1.01279,0.01803
10,1,1.08,11.0,1.01181,0.01577
10,1,1.1,11.0,1.01088,0.01377
10,1,1.12,11.0,1.01001,0.01199
10,1,1.14,11.0,1.00919,0.01042
10,1,1.16,11.0,1.00843,0.00904
10,1,1.18,11.0,1.00772,0.00782
10,1,1.2,11.0,1.00706,0.00675
10,1,1.22,11.0,1.00645,0.00581
10,1,1.24,11.0,1.00589,0.00499
10,1,1.26,11.0,1.00537,0.00428
10,1,1.28,11.0,1.00489,0.00366
10,1,1.3,11.0,1.00445,0.00313
10,1,1.32,11.0,1.00404,0.00266
10,1,1.34,11.0,1.00367,0.00226
10,1,1.36,11.0,1.00333,0.00192
10,1,1.38,11.0,1.00302,0.00162
10,1,1.4,11.0,1.00273,0.00137
10,1,1.42,11.0,1.00247,0.00115
10,1,1.44,11.0,1.00223,0.00097
10,1,1.46,11.0,1.00202,0.00081
10,1,1.48,11.0,1.00182,0.00068
10,1,1.5,11.0,1.00164,0.00057
10,1,1.52,11.0,1.00148,0.00047
10,1,1.54,11.0,1.00133,0.00039
10,1,1.56,11.0,1.0012,0.00032
10,1,1.58,11.0,1.00108,0.00027
10,1,1.6,11.0,1.00097,0.00022
10,1,1.62,11.0,1.00087,0.00018
10,1,1.64,11.0,1.00078,0.00015
10,1,1.66,11.0,1.0007,0.00012
10,1,1.68,11.0,1.00063,0.0001
10,1,1.7,11.0,1.00056,8e-05
10,1,1.72,11.0,1.0005,7e-05
10,1,1.74,11.0,1.00045,5e-05
10,1,1.76,11.0,1.0004,4e-05
10,1,1.78,11.0,1.00036,3e-05
10,1,1.8,11.0,1.00032,3e-05
10,1,1.82,11.0,1.00029,2e-05
10,1,1.84,11.0,1.00026,2e-05
10,1,1.86,11.0,1.00023,1e-05
10,1,1.88,11.0,1.00021,1e-05
10,1,1.9,11.0,1.00019,1e-05
10,1,1.92,11.0,1.00017,1e-05
10,1,1.94,11.0,1.00015,1e-05
10,1,1.96,11.0,1.00013,0.0
10,1,1.98,11.0,1.00012,0.0
10,1,2.0,11.0,1.00011,0.0
10,1,2.02,11.0,1.00009,0.0
10,1,2.04,11.0,1.00008,0.0
10,1,2.06,11.0,1.00008,0.0
10,1,2.08,11.0,1.00007,0.0
10,1,2.1,11.0,1.00006,0.0
10,1,2.12,11.0,1.00006,0.0
10,1,2.14,11.0,1.00005,0.0
10,1,2.16,11.0,1.00005,0.0
10,1,2.18,11.0,1.00004,0.0
10,1,2.2,11.0,1.00004,0.0
10,1,2.22,11.0,1.00003,0.0
10,1,2.24,11.0,1.00003,0.0
10,1,2.26,11.0,1.00002,0.0
10,1,2.28,11.0,1.00002,0.0
10,1,2.3,11.0,1.00002,0.0
10,1,2.32,11.0,1.00001,0.0
10,1,2.34,11.0,1.00001,0.0
10,1,2.36,11.0,1.00001,0.0
10,1,2.38,11.0,1.00001,0.0
10,1,2.4,11.0,1.0,0.0
10,1,2.42,11.0,1.0,0.0
10,1,2.44,11.0,1.0,0.0
10,1,2.46,11.0,1.0,0.0
10,1,2.48,11.0,1.0,0.0
10,1,2.5,11.0,1.0,0.0
10,1,2.52,11.0,1.0,0.0
10,1,2.54,11.0,1.0,0.0
10,1,2.56,11.0,1.0,0.0
10,1,2.58,11.0,1.0,0.0
10,1,2.6,11.0,1.0,0.0
10,1,2.62,11.0,1.0,0.0
10,1,2.64,11.0,1.0,0.0
10,1,2.66,11.0,1.00001,0.0
10,1,2.68,11.0,1.00001,0.0
10,1,2.7,11.0,1.00001,0.0
10,1,2.72,11.0,1.00001,0.0
10,1,2.74,11.0,1.00001,0.0
10,1,2.76,11.0,1.00002,0.0
10,1,2.78,11.0,1.00002,0.0
10,1,2.8,11.0,1.00002,0.0
10,1,2.82,11.0,1.00002,0.0
10,1,2.84,11.0,1.00002,0.0
10,1,2.86,11.0,1.00002,0.0
10,1,2.88,11.0,1.00002,0.0
10,1,2.9,11.0,1.00002,0.0
10,1,2.92,11.0,1.00001,0.0
10,1,2.94,11.0,1.00001,0.0
10,1,2.96,11.0,1.00001,0.0
10,1,2.98,11.0,1.00001,0.0
10,1,3.0,11.0,1.00001,0.0
10,1,3.02,11.0,1.00001,0.0
10,1,3.04,11.0,1.00001,0.0
10,1,3.06,11.0,1.0,0.0
10,1,3.08,11.0,1.0,0.0
10,1,3.1,11.0,1.0,0.0
10,1,3.12,11.0,1.0,0.0
10,1,3.14,11.0,1.0,0.0
10,1,3.16,11.0,0.99999,0.0
10,1,3.18,11.0,0.99999,0.0
10,1,3.2,11.0,0.99999,0.0
10,1,3.22,11.0,0.99999,0.0
10,1,3.24,11.0,0.99999,0.0
10,1,3.26,11.0,0.99999,0.0
10,1,3.28,11.0,0.99999,0.0
10,1,3.3,11.0,0.99999,0.0
10,1,3.32,11.0,0.99999,0.0
10,1,3.34,11.0,0.99999,0.0
10,1,3.36,11.0,0.99999,0.0
10,1,3.38,11.0,0.99999,0.0
10,1,3.4,11.0,0.99999,0.0
10,1,3.42,11.0,0.99999,0.0
10,1,3.44,11.0,0.99999,0.0
10,1,3.46,11.0,0.99998,0.0
10,1,3.48,11.0,0.99998,0.0
10,1,3.5,11.0,0.99998,0.0
10,1,3.52,11.0,0.99998,0.0
10,1,3.54,11.0,0.99998,0.0
10,1,3.56,11.0,0.99998,0.0
10,1,3.58,11.0,0.99998,0.0
10,1,3.6,11.0,0.99998,0.0
10,1,3.62,11.0,0.99998,0.0
10,1,3.64,11.0,0.99998,0.0
10,1,3.66,11.0,0.99998,0.0
10,1,3.68,11.0,0.99998,0.0
10,1,3.7,11.0,0.99998,0.0
10,1,3.72,11.0,0.99998,0.0
10,1,3.74,11.0,0.99998,0.0
10,1,3.76,11.0,0.99998,0.0
10,1,3.78,11.0,0.99997,0.0
10,1,3.8,11.0,0.99997,0.0
10,1,3.82,11.0,0.99997,0.0
10,1,3.84,11.0,0.99997,0.0
10,1,3.86,11.0,0.99997,0.0
10,1,3.88,11.0,0.99997,0.0
10,1,3.9,11.0,0.99997,0.0
10,1,3.92,11.0,0.99997,0.0
10,1,3.94,11.0,0.99997,0.0
10,1,3.96,11.0,0.99998,0.0
10,1,3.98,11.0,0.99998,0.0
10,1,4.0,11.0,0.99998,0.0
10,1,4.02,11.0,0.99998,0.0
10,1,4.04,11.0,0.99998,0.0
10,1,4.06,11.0,0.99998,0.0
10,1,4.08,11.0,0.99998,0.0
10,1,4.1,11.0,0.99998,0.0
10,1,4.12,11.0,0.99998,0.0
10,1,4.14,11.0,0.99998,0.0
10,1,4.16,11.0,0.99998,0.0
10,1,4.18,11.0,0.99998,0.0
10,1,4.2,11.0,0.99998,0.0
10,1,4.22,11.0,0.99998,0.0
10,1,4.24,11.0,0.99998,0.0
10,1,4.26,11.0,0.99998,0.0
10,1,4.28,11.0,0.99999,0.0
10,1,4.3,11.0,0.99999,0.0
10,1,4.32,11.0,0.99999,0.0
10,1,4.34,11.0,0.99999,0.0
10,1,4.36,11.0,0.99999,0.0
10,1,4.38001,11.0,0.99999,0.0
10,1,4.40001,11.0,0.99999,0.0
10,1,4.42001,11.0,0.99999,0.0
10,1,4.44001,11.0,0.99999,0.0
10,1,4.46001,11.0,0.99999,0.0
10,1,4.48001,11.0,0.99999,0.0
10,1,4.50001,11.0,0.99999,0.0
10,1,4.52001,11.0,1.0,0.0
10,1,4.54001,11.0,1.0,0.0
10,1,4.56001,11.0,1.0,0.0
10,1,4.58001,11.0,1.0,0.0
10,1,4.60001,11.0,1.0,0.0
10,1,4.62001,11.0,1.0,0.0
10,1,4.64001,11.0,1.00001,0.0
10,1,4.66001,11.0,1.00001,0.0
10,1,4.68001,11.0,1.00001,0.0
10,1,4.70001,11.0,1.00001,0.0
10,1,4.72001,11.0,1.0,0.0
10,1,4.74001,11.0,1.0,0.0
10,1,4.76001,11.0,1.0,0.0
10,1,4.78001,11.0,1.0,0.0
10,1,4.80001,11.0,1.0,0.0
10,1,4.82002,11.0,1.0,0.0
10,1,4.84002,11.0,1.0,0.0
10,1,4.86002,11.0,1.0,0.0
10,1,4.88002,11.0,1.0,0.0
10,1,4.90002,11.0,1.0,0.0
10,1,4.92002,11.0,1.0,0.0
10,1,4.94002,11.0,1.0,0.0
10,1,4.96002,11.0,1.0,0.0
10,1,4.98002,11.0,1.0,0.0
10,1,5.00002,11.0,1.0,0.0
10,3,0.0,12.0,0.0949,1.0
10,3,0.02,12.0,0.14145,0.99946
10,3,0.04,12.0,0.26917,0.99107
10,3,0.06,12.0,0.38414,0.97571
10,3,0.08,12.0,0.48731,0.95487
10,3,0.1,12.0,0.57959,0.92976
10,3,0.12,12.0,0.66184,0.90137
10,3,0.14,12.0,0.73488,0.87053
10,3,0.16,12.0,0.79947,0.8379
10,3,0.18,12.0,0.85634,0.80405
10,3,0.2,12.0,0.90617,0.76942
10,3,0.22,12.0,0.94958,0.73439
10,3,0.24,12.0,0.98718,0.69927
10,3,0.26,12.0,1.01949,0.66429
10,3,0.28,12.0,1.04704,0.62969
10,3,0.3,12.0,1.0703,0.59561
10,3,0.32,12.0,1.08969,0.56221
10,3,0.34,12.0,1.10563,0.52961
10,3,0.36,12.0,1.11848,0.49789
10,3,0.38,12.0,1.12859,0.46713
10,3,0.4,12.0,1.13627,0.4374
10,3,0.42,12.0,1.1418,0.40875
10,3,0.44,12.0,1.14545,0.38122
10,3,0.46,12.0,1.14745,0.35483
10,3,0.48,12.0,1.14804,0.3296
10,3,0.5,12.0,1.1474,0.30555
10,3,0.52,12.0,1.14572,0.28268
10,3,0.54,12.0,1.14315,0.26099
10,3,0.56,12.0,1.13985,0.24046
10,3,0.58,12.0,1.13595,0.22109
10,3,0.6,12.0,1.13156,0.20286
10,3,0.62,12.0,1.1268,0.18574
10,3,0.64,12.0,1.12174,0.16971
10,3,0.66,12.0,1.11648,0.15473
10,3,0.68,12.0,1.11109,0.14077
10,3,0.7,12.0,1.10563,0.1278
10,3,0.72,12.0,1.10015,0.11577
10,3,0.74,12.0,1.0947,0.10465
10,3,0.76,12.0,1.08932,0.09439
10,3,0.78,12.0,1.08405,0.08494
10,3,0.8,12.0,1.07891,0.07628
10,3,0.82,12.0,1.07393,0.06835
10,3,0.84,12.0,1.06911,0.06111
10,3,0.86,12.0,1.06449,0.05451
10,3,0.88,12.0,1.06006,0.04852
10,3,0.9,12.0,1.05583,0.04309
10,3,0.92,12.0,1.05181,0.03818
10,3,0.94,12.0,1.048,0.03375
10,3,0.96,12.0,1.0444,0.02977
10,3,0.98,12.0,1.041,0.0262
10,3,1.0,12.0,1.03781,0.02301
10,3,1.02,12.0,1.03481,0.02016
10,3,1.04,12.0,1.03201,0.01762
10,3,1.06,12.0,1.0294,0.01537
10,3,1.08,12.0,1.02697,0.01338
10,3,1.1,12.0,1.0247,0.01161
10,3,1.12,12.0,1.0226,0.01006
10,3,1.14,12.0,1.02066,0.00869
10,3,1.16,12.0,1.01886,0.0075
10,3,1.18,12.0,1.0172,0.00645
10,3,1.2,12.0,1.01567,0.00553
10,3,1.22,12.0,1.01426,0.00474
10,3,1.24,12.0,1.01297,0.00405
10,3,1.26,12.0,1.01178,0.00345
10,3,1.28,12.0,1.01069,0.00294
10,3,1.3,12.0,1.0097,0.00249
10,3,1.32,12.0,1.00879,0.00211
10,3,1.34,12.0,1.00796,0.00178
10,3,1.36,12.0,1.0072,0.0015
10,3,1.38,12.0,1.00651,0.00126
10,3,1.4,12.0,1.00588,0.00106
10,3,1.42,12.0,1.00531,0.00089
10,3,1.44,12.0,1.00479,0.00074
10,3,1.46,12.0,1.00432,0.00062
10,3,1.48,12.0,1.00389,0.00051
10,3,1.5,12.0,1.00351,0.00042
10,3,1.52,12.0,1.00316,0.00035
10,3,1.54,12.0,1.00284,0.00029
10,3,1.56,12.0,1.00256,0.00024
10,3,1.58,12.0,1.0023,0.0002
10,3,1.6,12.0,1.00206,0.00016
10,3,1.62,12.0,1.00185,0.00013
10,3,1.64,12.0,1.00167,0.00011
10,3,1.66,12.0,1.00149,9e-05
10,3,1.68,12.0,1.00134,7e-05
10,3,1.7,12.0,1.0012,6e-05
10,3,1.72,12.0,1.00108,5e-05
10,3,1.74,12.0,1.00097,4e-05
10,3,1.76,12.0,1.00086,3e-05
10,3,1.78,12.0,1.00077,2e-05
10,3,1.8,12.0,1.00069,2e-05
10,3,1.82,12.0,1.00062,2e-05
10,3,1.84,12.0,1.00055,1e-05
10,3,1.86,12.0,1.0005,1e-05
10,3,1.88,12.0,1.00044,1e-05
10,3,1.9,12.0,1.0004,1e-05
10,3,1.92,12.0,1.00035,0.0
10,3,1.94,12.0,1.00031,0.0
10,3,1.96,12.0,1.00028,0.0
10,3,1.98,12.0,1.00025,0.0
10,3,2.0,12.0,1.00022,0.0
10,3,2.02,12.0,1.0002,0.0
10,3,2.04,12.0,1.00017,0.0
10,3,2.06,12.0,1.00015,0.0
10,3,2.08,12.0,1.00014,0.0
10,3,2.1,12.0,1.00012,0.0
10,3,2.12,12.0,1.00011,0.0
10,3,2.14,12.0,1.00009,0.0
10,3,2.16,12.0,1.00008,0.0
10,3,2.18,12.0,1.00007,0.0
10,3,2.2,12.0,1.00006,0.0
10,3,2.22,12.0,1.00005,0.0
10,3,2.24,12.0,1.00005,0.0
10,3,2.26,12.0,1.00004,0.0
10,3,2.28,12.0,1.00003,0.0
10,3,2.3,12.0,1.00003,0.0
10,3,2.32,12.0,1.00002,0.0
10,3,2.34,12.0,1.00002,0.0
10,3,2.36,12.0,1.00001,0.0
10,3,2.38,12.0,1.00001,0.0
10,3,2.4,12.0,1.00001,0.0
10,3,2.42,12.0,1.0,0.0
10,3,2.44,12.0,1.0,0.0
10,3,2.46,12.0,1.0,0.0
10,3,2.48,12.0,1.0,0.0
10,3,2.5,12.0,1.0,0.0
10,3,2.52,12.0,0.99999,0.0
10,3,2.54,12.0,0.99999,0.0
10,3,2.56,12.0,0.99999,0.0
10,3,2.58,12.0,0.99999,0.0
10,3,2.6,12.0,0.99999,0.0
10,3,2.62,12.0,0.99999,0.0
10,3,2.64,12.0,0.99999,0.0
10,3,2.66,12.0,0.99999,0.0
10,3,2.68,12.0,0.99999,0.0
10,3,2.7,12.0,0.99999,0.0
10,3,2.72,12.0,0.99999,0.0
10,3,2.74,12.0,0.99999,0.0
10,3,2.76,12.0,0.99999,0.0
10,3,2.78,12.0,1.0,0.0
10,3,2.8,12.0,1.0,0.0
10,3,2.82,12.0,1.0,0.0
10,3,2.84,12.0,1.0,0.0
10,3,2.86,12.0,1.0,0.0
10,3,2.88,12.0,1.0,0.0
10,3,2.9,12.0,1.0,0.0
10,3,2.92,12.0,1.0,0.0
10,3,2.94,12.0,1.0,0.0
10,3,2.96,12.0,1.0,0.0
10,3,2.98,12.0,1.0,0.0
10,3,3.0,12.0,1.0,0.0
10,3,3.02,12.0,1.0,0.0
10,3,3.04,12.0,1.0,0.0
10,3,3.06,12.0,1.0,0.0
10,3,3.08,12.0,0.99999,0.0
10,3,3.1,12.0,0.99999,0.0
10,3,3.12,12.0,1.0,0.0
10,3,3.14,12.0,1.0,0.0
10,3,3.16,12.0,0.99999,0.0
10,3,3.18,12.0,0.99999,0.0
10,3,3.2,12.0,0.99999,0.0
10,3,3.22,12.0,0.99999,0.0
10,3,3.24,12.0,0.99999,0.0
10,3,3.26,12.0,0.99999,0.0
10,3,3.28,12.0,0.99999,0.0
10,3,3.3,12.0,0.99999,0.0
10,3,3.32,12.0,1.0,0.0
10,3,3.34,12.0,1.0,0.0
10,3,3.36,12.0,1.0,0.0
10,3,3.38,12.0,1.0,0.0
10,3,3.4,12.0,1.0,0.0
10,3,3.42,12.0,1.00001,0.0
10,3,3.44,12.0,1.00001,0.0
10,3,3.46,12.0,1.00001,0.0
10,3,3.48,12.0,1.00001,0.0
10,3,3.5,12.0,1.00001,0.0
10,3,3.52,12.0,1.00001,0.0
10,3,3.54,12.0,1.00001,0.0
10,3,3.56,12.0,1.00001,0.0
10,3,3.58,12.0,1.00001,0.0
10,3,3.6,12.0,1.00002,0.0
10,3,3.62,12.0,1.00002,0.0
10,3,3.64,12.0,1.00002,0.0
10,3,3.66,12.0,1.00002,0.0
10,3,3.68,12.0,1.00002,0.0
10,3,3.7,12.0,1.00002,0.0
10,3,3.72,12.0,1.00002,0.0
10,3,3.74,12.0,1.00002,0.0
10,3,3.76,12.0,1.00002,0.0
10,3,3.78,12.0,1.00002,0.0
10,3,3.8,12.0,1.00002,0.0
10,3,3.82,12.0,1.00002,0.0
10,3,3.84,12.0,1.00002,0.0
10,3,3.86,12.0,1.00002,0.0
10,3,3.88,12.0,1.00002,0.0
10,3,3.9,12.0,1.00002,0.0
10,3,3.92,12.0,1.00002,0.0
10,3,3.94,12.0,1.00002,0.0
10,3,3.96,12.0,1.00002,0.0
10,3,3.98,12.0,1.00002,0.0
10,3,4.0,12.0,1.00002,0.0
10,3,4.02,12.0,1.00002,0.0
10,3,4.04,12.0,1.00002,0.0
10,3,4.06,12.0,1.00002,0.0
10,3,4.08,12.0,1.00002,0.0
10,3,4.1,12.0,1.00002,0.0
10,3,4.12,12.0,1.00002,0.0
10,3,4.14,12.0,1.00002,0.0
10,3,4.16,12.0,1.00002,0.0
10,3,4.18,12.0,1.00002,0.0
10,3,4.2,12.0,1.00002,0.0
10,3,4.22,12.0,1.00002,0.0
10,3,4.24,12.0,1.00002,0.0
10,3,4.26,12.0,1.00002,0.0
10,3,4.28,12.0,1.00002,0.0
10,3,4.3,12.0,1.00001,0.0
10,3,4.32,12.0,1.00001,0.0
10,3,4.34,12.0,1.00001,0.0
10,3,4.36,12.0,1.00001,0.0
10,3,4.38001,12.0,1.00001,0.0
10,3,4.40001,12.0,1.00001,0.0
10,3,4.42001,12.0,1.00001,0.0
10,3,4.44001,12.0,1.00001,0.0
10,3,4.46001,12.0,1.00001,0.0
10,3,4.48001,12.0,1.00001,0.0
10,3,4.50001,12.0,1.0,0.0
10,3,4.52001,12.0,1.0,0.0
10,3,4.54001,12.0,1.0,0.0
10,3,4.56001,12.0,1.0,0.0
10,3,4.58001,12.0,1.0,0.0
10,3,4.60001,12.0,1.0,0.0
10,3,4.62001,12.0,0.99999,0.0
10,3,4.64001,12.0,0.99999,0.0
10,3,4.66001,12.0,0.99999,0.0
10,3,4.68001,12.0,0.99999,0.0
10,3,4.70001,12.0,0.99999,0.0
10,3,4.72001,12.0,0.99999,0.0
10,3,4.74001,12.0,0.99999,0.0
10,3,4.76001,12.0,0.99999,0.0
10,3,4.78001,12.0,0.99999,0.0
10,3,4.80001,12.0,0.99999,0.0
10,3,4.82002,12.0,0.99999,0.0
10,3,4.84002,12.0,0.99999,0.0
10,3,4.86002,12.0,0.99999,0.0
10,3,4.88002,12.0,0.99999,0.0
10,3,4.90002,12.0,1.0,0.0
10,3,4.92002,12.0,1.0,0.0
10,3,4.94002,12.0,1.0,0.0
10,3,4.96002,12.0,1.0,0.0
10,3,4.98002,12.0,1.0,0.0
10,3,5.00002,12.0,1.0,0.0
