ETA,Pi
0.0,7.49853
0.01,7.47709
0.02,7.4124
0.03,7.30489
0.04,7.15422
0.05,6.9606
0.06,6.72406
0.07,6.44474
0.08,6.12257
0.09,5.75794
0.1,5.351
0.11,4.90219
0.12,4.41191
0.13,3.88102
0.14,3.31026
0.15,2.70072
0.16,2.05381
0.17,1.37093
0.18,0.65411
0.19,-0.0943
0.2,-0.87182
0.21,-1.67527
0.22,-2.50114
0.23,-3.34513
0.24,-4.20311
0.25,-5.06968
0.26,-5.93915
0.27,-6.80533
0.28,-7.66128
0.29,-8.49949
0.3,-9.31176
0.31,-10.08938
0.32,-10.82311
0.33,-11.5032
0.34,-12.11925
0.35,-12.66075
0.36,-13.11679
0.37,-13.47615
0.38,-13.72772
0.39,-13.86044
0.4,-13.86352
0.41,-13.72668
0.42,-13.44022
0.43,-12.99543
0.44,-12.38481
0.45,-11.60224
0.46,-10.64318
0.47,-9.50526
0.48,-8.18818
0.49,-6.69433
0.5,-5.02857
0.51,-3.19912
0.52,-1.21726
0.53,0.9024
0.54,3.1417
0.55,5.47894
0.56,7.88883
0.57,10.34282
0.58,12.80892
0.59,15.25223
0.6,17.63533
0.61,19.9186
0.62,22.06112
0.63,24.02116
0.64,25.7571
0.65,27.22836
0.66,28.39651
0.67,29.22604
0.68,29.68617
0.69,29.75126
0.7,29.40244
0.71,28.62871
0.72,27.42765
0.73,25.80678
0.74,23.78395
0.75,21.38794
0.76,18.6587
0.77,15.64721
0.78,12.41521
0.79,9.03421
0.8,5.58431
0.81,2.15266
0.82,-1.16865
0.83,-4.285
0.84,-7.10192
0.85,-9.52824
0.86,-11.47938
0.87,-12.88045
0.88,-13.66994
0.89,-13.80263
0.9,-13.25253
0.91,-12.01543
0.92,-10.11069
0.93,-7.58233
0.94,-4.49925
0.95,-0.95451
0.96,2.93664
0.97,7.03964
0.98,11.20446
0.99,15.27127
1.0,19.07575
1.01,22.45642
1.02,25.26141
1.03,27.35622
1.04,28.63092
1.05,29.00669
1.06,28.44184
1.07,26.93617
1.08,24.53382
1.09,21.32393
1.1,17.43917
1.11,13.05193
1.12,8.36777
1.13,3.6168
1.14,-0.95686
1.15,-5.10779
1.16,-8.60238
1.17,-11.23292
1.18,-12.83091
1.19,-13.27916
1.2,-12.52195
1.21,-10.57176
1.22,-7.51299
1.23,-3.5007
1.24,1.24485
1.25,6.44823
1.26,11.79355
1.27,16.94261
1.28,21.55618
1.29,25.31666
1.3,27.95102
1.31,29.25203
1.32,29.09667
1.33,27.45932
1.34,24.41904
1.35,20.15951
1.36,14.96099
1.37,9.18417
1.38,3.2475
1.39,-2.4026
1.4,-7.32528
1.41,-11.12026
1.42,-13.46237
1.43,-14.13195
1.44,-13.03819
1.45,-10.23321
1.46,-5.91469
1.47,-0.41591
1.48,5.81674
1.49,12.25759
1.5,18.34525
1.51,23.53132
1.52,27.33142
1.53,29.37326
1.54,29.43648
1.55,27.48061
1.56,23.65716
1.57,18.30329
1.58,11.91681
1.59,5.11339
1.6,-1.43093
1.61,-7.04639
1.62,-11.13948
1.63,-13.25902
1.64,-13.14996
1.65,-10.78957
1.66,-6.39953
1.67,-0.43156
1.68,6.47372
1.69,13.55138
1.7,19.99531
1.71,25.04946
1.72,28.09895
1.73,28.74861
1.74,26.87967
1.75,22.67461
1.76,16.60781
1.77,9.39832
1.78,1.92951
1.79,-4.85612
1.8,-10.07581
1.81,-13.02335
1.82,-13.26905
1.83,-10.72783
1.84,-5.68437
1.85,1.23045
1.86,9.11244
1.87,16.89814
1.88,23.50669
1.89,27.99173
1.9,29.68076
1.91,28.28221
1.92,23.94226
1.93,17.23963
1.94,9.11655
1.95,0.75134
1.96,-6.61021
1.97,-11.84246
1.98,-14.11705
1.99,-13.04248
2.0,-8.74092
2.01,-1.84659
2.02,6.57777
2.03,15.19941
2.04,22.62285
2.05,27.61912
2.06,29.335
2.07,27.44909
2.08,22.24311
2.09,14.57326
2.1,5.73988
2.11,-2.72505
2.12,-9.32203
2.13,-12.85194
2.14,-12.64225
2.15,-8.68589
2.16,-1.66412
2.17,7.15814
2.18,16.15022
2.19,23.6121
2.2,28.09584
2.21,28.69201
2.22,25.22311
2.23,18.30174
2.24,9.23572
2.25,-0.20946
2.26,-8.14931
2.27,-12.95669
2.28,-13.60195
2.29,-9.88335
2.3,-2.49564
2.31,7.0867
2.32,16.89492
2.33,24.86767
2.34,29.28889
2.35,29.16683
2.36,24.47104
2.37,16.16735
2.38,6.03377
2.39,-3.71124
2.4,-10.89369
2.41,-13.87678
2.42,-11.94899
2.43,-5.513
2.44,3.97769
2.45,14.33073
2.46,23.11269
2.47,28.22209
2.48,28.4023
2.49,23.56841
2.5,14.85908
2.51,4.38918
2.52,-5.24907
2.53,-11.62233
2.54,-13.07493
2.55,-9.17218
2.56,-0.84581
2.57,9.80897
2.58,20.04576
2.59,27.16905
2.6,29.24732
2.61,25.64755
2.62,17.24184
2.63,6.21452
2.64,-4.4927
2.65,-11.96309
2.66,-14.10781
2.67,-10.26664
2.68,-1.42985
2.69,9.99612
2.7,20.83325
2.71,28.01556
2.72,29.47031
2.73,24.739
2.74,15.14878
2.75,3.46536
2.76,-6.88844
2.77,-12.83603
2.78,-12.57564
2.79,-6.15363
2.8,4.5083
2.81,16.16049
2.82,25.19925
2.83,28.77998
2.84,25.72569
2.85,16.93822
2.86,5.16116
2.87,-5.85249
2.88,-12.52457
2.89,-12.61913
2.9,-6.00696
2.91,5.23686
2.92,17.46345
2.93,26.62362
2.94,29.61304
2.95,25.34076
2.96,15.14873
2.97,2.41463
2.98,-8.55426
2.99,-13.98389
3.0,-11.95422
3.01,-3.11194
3.02,9.50029
3.03,21.46844
3.04,28.55066
3.05,28.19982
3.06,20.51624
3.07,8.26319
3.08,-4.0912
3.09,-11.98668
3.1,-12.46146
3.11,-5.29279
3.12,6.86335
3.13,19.41929
3.14,27.5646
3.15,28.10806
3.16,20.74476
3.17,8.23984
3.18,-4.58157
3.19,-12.67973
3.2,-12.78593
3.21,-4.74152
3.22,8.36566
3.23,21.36511
3.24,29.04054
3.25,28.24275
3.26,19.21566
3.27,5.56741
3.28,-7.14624
3.29,-13.68442
3.3,-11.31118
3.31,-0.99017
3.32,12.95493
3.33,24.61651
3.34,29.00223
3.35,24.19961
3.36,12.26094
3.37,-1.61969
3.38,-11.32764
3.39,-12.51465
3.4,-4.56803
3.41,9.03798
3.42,22.22202
3.43,28.99151
3.44,26.16971
3.45,14.90857
3.46,0.2545
3.47,-11.093
3.48,-13.85005
3.49,-6.63843
3.5,7.28943
3.51,21.48745
3.52,29.29808
3.53,27.00576
3.54,15.66023
3.55,0.65385
3.56,-10.80686
3.57,-13.16907
3.58,-5.27169
3.59,9.01478
3.6,22.62366
3.61,28.75582
3.62,24.28861
3.63,11.41004
3.64,-3.39151
3.65,-12.55094
3.66,-11.28248
3.67,-0.10074
3.68,15.33483
3.69,27.05562
3.7,28.89536
3.71,19.75864
3.72,4.30039
3.73,-9.41823
3.74,-14.14136
3.75,-7.30224
3.76,7.51725
3.77,22.41372
3.78,29.36897
3.79,24.61031
3.8,10.73322
3.81,-4.63396
3.82,-12.97884
3.83,-9.63248
3.84,3.55827
3.85,19.17071
3.86,28.32527
3.87,25.71939
3.88,12.72563
3.89,-3.27736
3.9,-13.05165
3.91,-10.82604
3.92,2.27228
3.93,18.74109
3.94,28.98429
3.95,26.92867
3.96,13.67827
3.97,-3.0173
3.98,-13.27466
3.99,-10.96512
4.0,2.5389
4.01,19.08761
