ETA,Pi1,Pi2,Pi3,Pi4,Pi5
0,8.61074,8.1875,8.2017,7.63657,7.49853
0.01,8.5788,8.16027,8.17362,7.61422,7.47709
0.02,8.48344,8.07838,8.08921,7.5471,7.4124
0.03,8.32468,7.9418,7.94849,7.43514,7.30489
0.04,8.10245,7.75057,7.75133,7.27868,7.15422
0.05,7.81672,7.5047,7.49808,7.07733,6.9606
0.06,7.46791,7.20443,7.18847,6.83138,6.72406
0.07,7.05558,6.84975,6.82284,6.54085,6.44474
0.08,6.58037,6.44073,6.40145,6.20591,6.12257
0.09,6.04243,5.97792,5.92436,5.82667,5.75794
0.1,5.44224,5.46129,5.39192,5.4035,5.351
0.11,4.78025,4.89173,4.80485,4.93693,4.90219
0.12,4.05762,4.26964,4.16364,4.42728,4.41191
0.13,3.27493,3.59603,3.46939,3.87528,3.88102
0.14,2.43387,2.87193,2.72318,3.28186,3.31026
0.15,1.53563,2.09869,1.92621,2.64809,2.70072
0.16,0.58252,1.27817,1.08046,1.97546,2.05381
0.17,-0.42317,0.41224,0.18804,1.26551,1.37093
0.18,-1.4786,-0.49651,-0.74858,0.52023,0.65411
0.19,-2.58027,-1.44528,-1.72644,-0.25785,-0.0943
0.2,-3.72423,-2.43065,-2.74186,-1.06611,-0.87182
0.21,-4.90582,-3.44857,-3.79107,-1.90122,-1.67527
0.22,-6.11997,-4.49457,-4.86913,-2.75961,-2.50114
0.23,-7.36047,-5.56344,-5.97082,-3.63701,-3.34513
0.24,-8.62061,-6.64947,-7.09008,-4.5287,-4.20311
0.25,-9.89268,-7.74603,-8.22023,-5.42933,-5.06968
0.26,-11.1682,-8.84594,-9.35372,-6.33292,-5.93915
0.27,-12.43804,-9.94101,-10.48231,-7.23301,-6.80533
0.28,-13.69186,-11.02258,-11.59698,-8.12232,-7.66128
0.29,-14.91829,-12.08098,-12.6877,-8.99315,-8.49949
0.3,-16.10566,-13.10596,-13.74406,-9.83685,-9.31176
0.31,-17.24079,-14.08627,-14.75435,-10.6445,-10.08938
0.32,-18.31002,-15.0102,-15.70656,-11.40632,-10.82311
0.33,-19.29889,-15.86544,-16.58785,-12.11228,-11.5032
0.34,-20.19234,-16.63871,-17.38468,-12.75166,-12.11925
0.35,-20.97455,-17.31664,-18.08327,-13.31347,-12.66075
0.36,-21.62939,-17.88525,-18.66925,-13.78606,-13.11679
0.37,-22.14056,-18.33039,-19.12802,-14.15817,-13.47615
0.38,-22.4915,-18.63802,-19.44503,-14.41803,-13.72772
0.39,-22.66587,-18.79405,-19.60582,-14.55417,-13.86044
0.4,-22.64807,-18.78471,-19.59619,-14.5554,-13.86352
0.41,-22.42257,-18.59713,-19.40283,-14.41103,-13.72668
0.42,-21.97551,-18.21898,-19.01309,-14.11094,-13.44022
0.43,-21.2939,-17.63928,-18.41563,-13.64613,-12.99543
0.44,-20.36687,-16.84842,-17.60061,-13.0088,-12.38481
0.45,-19.1853,-15.83864,-16.55998,-12.1925,-11.60224
0.46,-17.74282,-14.60438,-15.28812,-11.19264,-10.64318
0.47,-16.03585,-13.14273,-13.78168,-10.00663,-9.50526
0.48,-14.06414,-11.45328,-12.04056,-8.63424,-8.18818
0.49,-11.83122,-9.53901,-10.06783,-7.078,-6.69433
0.5,-9.34479,-7.40652,-7.87012,-5.34306,-5.02857
0.51,-6.61658,-5.06601,-5.45814,-3.43783,-3.19912
0.52,-3.66372,-2.53208,-2.84681,-1.37402,-1.21726
0.53,-0.50779,0.17677,-0.05519,0.83303,0.9024
0.54,2.82434,3.0373,2.89279,3.16449,3.1417
0.55,6.30044,6.02192,5.96859,5.59774,5.47894
0.56,9.88312,9.09853,9.13913,8.1066,7.88883
0.57,13.53003,12.23057,12.36686,10.66111,10.34282
0.58,17.19397,15.37742,15.60989,13.2282,12.80892
0.59,20.82323,18.4948,18.8225,15.77152,15.25223
0.6,24.36242,21.53506,21.95564,18.25212,17.63533
0.61,27.75318,24.44779,24.95735,20.62879,19.9186
0.62,30.93478,27.18097,27.77396,22.85896,22.06112
0.63,33.84566,29.68152,30.35089,24.89921,24.02116
0.64,36.42415,31.89655,32.63346,26.7063,25.7571
0.65,38.61035,33.77434,34.56855,28.23798,27.22836
0.66,40.34731,35.26608,36.10578,29.45419,28.39651
0.67,41.58281,36.32674,37.19883,30.31817,29.22604
0.68,42.2709,36.9169,37.80696,30.79768,29.68617
0.69,42.37395,37.00413,37.89673,30.86618,29.75126
0.7,41.86406,36.56438,37.44345,30.50409,29.40244
0.71,40.72459,35.58353,36.43252,29.69979,28.62871
0.72,38.95229,34.05865,34.86093,28.4509,27.42765
0.73,36.55788,31.99907,32.73832,26.7652,25.80678
0.74,33.56778,29.42739,30.08809,24.6612,23.78395
0.75,30.02439,26.38032,26.94775,22.16883,21.38794
0.76,25.98655,22.90836,23.36965,19.32958,18.6587
0.77,21.52948,19.07624,19.42051,16.19657,15.64721
0.78,16.74439,14.96243,15.18096,12.83397,12.41521
0.79,11.73662,10.65765,10.7447,9.31608,9.03421
0.8,6.62449,6.26369,6.21661,5.72626,5.58431
0.81,1.53659,1.89119,1.71063,2.1551,2.15266
0.82,-3.39113,-2.34294,-2.65251,-1.30155,-1.16865
0.83,-8.01892,-6.31838,-6.74913,-4.5453,-4.285
0.84,-12.20749,-9.91529,-10.45554,-7.478,-7.10192
0.85,-15.82217,-13.0177,-13.65236,-10.00477,-9.52824
0.86,-18.73775,-15.51815,-16.22857,-12.03758,-11.47938
0.87,-20.84388,-17.32143,-18.0863,-13.49867,-12.88045
0.88,-22.04921,-18.34918,-19.14479,-14.32385,-13.66994
0.89,-22.28674,-18.5437,-19.34448,-14.46615,-13.80263
0.9,-21.51772,-17.87184,-18.65134,-13.89845,-13.25253
0.91,-19.73548,-16.32787,-17.05937,-12.6164,-12.01543
0.92,-16.9679,-13.9359,-14.59353,-10.63996,-10.11069
0.93,-13.27938,-10.75144,-11.31099,-8.01491,-7.58233
0.94,-8.77065,-6.86147,-7.30149,-4.81274,-4.49925
0.95,-3.57808,-2.3837,-2.68614,-1.13021,-0.95451
0.96,2.12901,2.5362,2.38467,2.91295,2.93664
0.97,8.15294,7.72779,7.73532,7.17677,7.03964
0.98,14.27346,13.00113,13.17023,11.50553,11.20446
0.99,20.25519,18.15364,18.48042,15.73289,15.27127
1,25.85657,22.97713,23.45145,19.68814,19.07575
1.01,30.83975,27.26675,27.8722,23.20331,22.45642
1.02,34.98091,30.82987,31.54409,26.12049,25.26141
1.03,38.08175,33.4958,34.29116,28.2999,27.35622
1.04,39.97977,35.12473,35.96946,29.6271,28.63092
1.05,40.55848,35.6165,36.47565,30.02015,29.00669
1.06,39.75573,34.9178,35.75501,29.43569,28.44184
1.07,37.57058,33.02813,33.80673,27.87344,26.93617
1.08,34.06746,30.00298,30.68819,25.37922,24.53382
1.09,29.37677,25.95507,26.51541,22.04568,21.32393
1.1,23.69337,21.05239,21.46166,18.01071,17.43917
1.11,17.27045,15.51309,15.75167,13.45346,13.05193
1.12,10.41041,9.59757,9.65398,8.58767,8.36777
1.13,3.45175,3.59747,3.46908,3.65252,3.6168
1.14,-3.24644,-2.17793,-2.48442,-1.09835,-0.95686
1.15,-9.32299,-7.41776,-7.88581,-5.4097,-5.10779
1.16,-14.43393,-11.82593,-12.42996,-9.03882,-8.60238
1.17,-18.27368,-15.13928,-15.84574,-11.76977,-11.23292
1.18,-20.59417,-17.14433,-17.91294,-13.42739,-12.83091
1.19,-21.2232,-17.69279,-18.4787,-13.88998,-13.27916
1.2,-20.07894,-16.71418,-17.47039,-13.09958,-12.52195
1.21,-17.18028,-14.22477,-14.90477,-11.06942,-10.57176
1.22,-12.65193,-10.33179,-10.89239,-7.8871,-7.51299
1.23,-6.72301,-5.23239,-5.63629,-3.71399,-3.5007
1.24,0.28127,0.79352,0.575,1.22079,1.24485
1.25,7.95425,7.39639,7.38107,6.63087,6.44823
1.26,15.82973,14.17489,14.36837,12.18775,11.79355
1.27,23.40877,20.69977,21.09448,17.5398,16.94261
1.28,30.19049,26.54023,27.11534,22.3342,21.55618
1.29,35.70648,31.2932,32.01546,26.2408,25.31666
1.3,39.55402,34.61213,35.43762,28.9756,27.95102
1.31,41.42765,36.23434,37.11107,30.32338,29.25203
1.32,41.14649,36.004,36.87506,30.15621,29.09667
1.33,38.67355,33.88922,34.69678,28.44756,27.45932
1.34,34.12691,29.99136,30.68049,25.27985,24.41904
1.35,27.77896,24.54447,25.06755,20.84415,20.15951
1.36,20.04528,17.90567,18.22589,15.43222,14.96099
1.37,11.46061,10.53447,10.6291,9.41935,9.18417
1.38,2.64467,2.96354,2.82617,3.2408,3.2475
1.39,-5.74114,-4.23886,-4.59715,-2.63888,-2.4026
1.4,-13.04361,-10.51137,-11.0624,-7.76108,-7.32528
1.41,-18.67008,-15.34479,-16.04459,-11.70942,-11.12026
1.42,-22.13916,-18.32529,-19.11724,-14.14572,-13.46237
1.43,-23.12571,-19.17364,-19.99248,-14.84145,-14.13195
1.44,-21.49558,-17.77451,-18.55137,-13.70224,-13.03819
1.45,-17.32664,-14.19454,-14.86269,-10.78238,-10.23321
1.46,-10.91208,-8.68571,-9.18591,-6.28756,-5.91469
1.47,-2.74567,-1.6723,-1.95842,-0.56448,-0.41591
1.48,6.51137,6.27752,6.23422,5.9224,5.81674
1.49,16.08068,14.49483,14.70247,12.62631,12.25759
1.5,25.13091,22.26512,22.70997,18.96322,18.34525
1.51,32.85022,28.89055,29.53754,24.3626,23.53132
1.52,38.52134,33.75471,34.54982,28.32059,27.33142
1.53,41.59271,36.38353,37.25815,30.44975,29.37326
1.54,41.73734,36.49596,37.3731,30.52078,29.43648
1.55,38.89418,34.03981,34.84075,28.49144,27.48061
1.56,33.28585,29.2067,29.85878,24.51918,23.65716
1.57,25.40932,22.4243,22.86796,18.95444,18.30329
1.58,15.99887,14.32429,14.5195,12.31485,11.91681
1.59,5.96286,5.68827,5.61897,5.24053,5.11339
1.6,-3.70088,-2.6253,-2.94893,-1.56551,-1.43093
1.61,-12.00383,-9.76602,-10.30755,-7.40676,-7.04639
1.62,-18.07004,-14.98016,-15.68024,-11.66613,-11.13948
1.63,-21.23315,-17.69447,-18.47602,-13.87423,-13.25902
1.64,-21.11648,-17.5848,-18.36102,-13.76585,-13.14996
1.65,-17.68559,-14.62168,-15.30489,-11.31729,-10.78957
1.66,-11.26629,-9.08559,-9.59682,-6.75874,-6.39953
1.67,-2.52375,-1.54893,-1.82694,-0.55979,-0.43156
1.68,7.59915,7.17646,7.16781,6.6137,6.47372
1.69,17.97644,16.12125,16.38833,13.96676,13.55138
1.7,27.42181,24.26403,24.78184,20.6613,19.99531
1.71,34.8236,30.64713,31.3611,25.91162,25.04946
1.72,39.27802,34.49205,35.32386,29.07868,28.09895
1.73,40.20567,35.29921,36.15511,29.75183,28.74861
1.74,37.4334,32.9188,33.70053,27.80749,26.87967
1.75,31.23233,27.58353,28.20009,23.43573,22.67461
1.76,22.30241,19.89557,20.27453,17.12975,16.60781
1.77,11.70321,10.76694,10.86399,9.63712,9.39832
1.78,0.73585,1.31773,1.12302,1.8762,1.92951
1.79,-9.21246,-7.25753,-7.71712,-5.17327,-4.85612
1.8,-16.84314,-13.84032,-14.50367,-10.59375,-10.07581
1.81,-21.11813,-17.53645,-18.31482,-13.65116,-13.02335
1.82,-21.40733,-17.80282,-18.59074,-13.89918,-13.26905
1.83,-17.58894,-14.53371,-15.22251,-11.24965,-10.72783
1.84,-10.08612,-8.09251,-8.58462,-5.99898,-5.68437
1.85,0.16763,0.71804,0.49578,1.19656,1.23045
1.86,11.83594,10.74857,10.83392,9.39645,9.11244
1.87,23.34797,20.64787,21.03718,17.49468,16.89814
1.88,33.10757,29.04274,29.69029,24.36715,23.50669
1.89,39.71787,34.73137,35.55455,29.0298,27.99173
1.9,42.18608,36.8597,37.74973,30.78316,29.68076
1.91,40.08284,35.05814,35.89474,29.3242,28.28221
1.92,33.62489,29.51306,30.18165,24.80507,23.94226
1.93,23.66865,20.9609,21.36937,17.82803,17.23963
1.94,11.60753,10.6,10.69289,9.37305,9.11655
1.95,-0.81588,-0.07098,-0.30338,0.66603,0.75134
1.96,-11.75843,-9.46734,-9.98614,-6.99714,-6.61021
1.97,-19.55363,-16.1563,-16.87894,-12.44534,-11.84246
1.98,-22.97325,-19.0826,-19.8942,-14.81659,-14.11705
1.99,-21.43403,-17.74591,-18.51629,-13.70338,-13.04248
2,-15.11168,-12.29867,-12.90237,-9.23236,-8.74092
2.01,-4.93946,-3.54489,-3.88096,-2.06279,-1.84659
2.02,7.51454,7.16623,7.1572,6.70015,6.57777
2.03,20.281,18.14074,18.46651,15.67025,15.19941
2.04,31.29612,27.60419,28.21805,23.39604,22.62285
2.05,38.74046,33.99266,34.80001,28.59896,27.61912
2.06,41.3489,36.21914,37.09232,30.39126,29.335
2.07,38.64145,33.87209,34.67094,28.43812,27.44909
2.08,31.02936,27.30648,27.90172,23.03203,22.24311
2.09,19.7728,17.60716,17.90312,15.06294,14.57326
2.1,6.78821,6.42352,6.37525,5.88277,5.73988
2.11,-5.66549,-4.30058,-4.6784,-2.91574,-2.72505
2.12,-15.37689,-12.66215,-13.29634,-9.77342,-9.32203
2.13,-20.57741,-17.13953,-17.9101,-13.44353,-12.85194
2.14,-20.27556,-16.87923,-17.64012,-13.22684,-12.64225
2.15,-14.4613,-11.87265,-12.47761,-9.11601,-8.68589
2.16,-4.13978,-2.98434,-3.31385,-1.81933,-1.66412
2.17,8.82323,8.18033,8.19634,7.34796,7.15814
2.18,22.0233,19.55237,19.9203,16.69062,16.15022
2.19,32.95509,28.9758,29.63551,24.44125,23.6121
2.2,39.48686,34.61546,35.45035,29.09485,28.09584
2.21,40.28352,35.32109,36.17907,29.70645,28.69201
2.22,35.09148,30.87235,31.59439,26.09224,25.22311
2.23,24.82354,22.05239,22.50357,18.89017,18.30174
2.24,11.41692,10.52584,10.62218,9.4607,9.23572
2.25,-2.51859,-1.46331,-1.73659,-0.36002,-0.20946
2.26,-14.2018,-11.52234,-12.10646,-8.61236,-8.14931
2.27,-21.2358,-17.58795,-18.36064,-13.60476,-12.95669
2.28,-22.10839,-18.35717,-19.15604,-14.26727,-13.60195
2.29,-16.53093,-13.57928,-14.23405,-10.391,-9.88335
2.3,-5.53737,-4.14178,-4.50929,-2.6992,-2.49564
2.31,8.68822,8.07809,8.08358,7.27402,7.0867
2.32,23.23402,20.57664,20.96404,17.48074,16.89492
2.33,35.05318,30.73334,31.43135,25.77692,24.86767
2.34,41.61005,36.36705,37.23757,30.37761,29.28889
2.35,41.43944,36.21753,37.08381,30.25135,29.16683
2.36,34.4967,30.24613,30.93039,25.36654,24.47104
2.37,22.20831,19.67997,20.042,16.72753,16.16735
2.38,7.20087,6.77841,6.74725,6.18369,6.03377
2.39,-7.24842,-5.63946,-6.04855,-3.95776,-3.71124
2.4,-17.92689,-14.81032,-15.49739,-11.43551,-10.89369
2.41,-22.4136,-18.65208,-19.45378,-14.54679,-13.87678
2.42,-19.6519,-16.25684,-16.98232,-12.55094,-11.94899
2.43,-10.22768,-8.13067,-8.60486,-5.86583,-5.513
2.44,3.72274,3.88623,3.78154,3.99796,3.97769
2.45,18.97138,17.01444,17.31226,14.76129,14.33073
2.46,31.9316,28.16677,28.80519,23.89416,23.11269
2.47,39.50184,34.67451,35.51001,29.21103,28.22209
2.48,39.82302,34.93916,35.77952,29.40479,28.4023
2.49,32.7626,28.84836,29.49825,24.3863,23.56841
2.5,19.99262,17.84276,18.15143,15.33882,14.85908
2.51,4.62631,4.60279,4.50206,4.46066,4.38918
2.52,-9.51778,-7.58466,-8.06172,-5.5533,-5.24907
2.53,-18.85483,-15.63381,-16.35935,-12.1734,-11.62233
2.54,-20.94662,-17.44591,-18.22748,-13.67863,-13.07493
2.55,-15.15581,-12.47165,-13.10001,-9.61738,-9.17218
2.56,-2.86051,-1.89611,-2.19839,-0.95895,-0.84581
2.57,12.84537,11.61934,11.73425,10.11788,9.80897
2.58,27.90845,24.58754,25.10342,20.75721,20.04576
2.59,38.35256,33.58738,34.38281,28.15646,27.16905
2.6,41.33146,36.16931,37.04728,30.30758,29.24732
2.61,35.9189,31.53492,32.27367,26.55347,25.64755
2.62,23.41313,20.79882,21.21039,17.80214,17.24184
2.63,7.05173,6.74321,6.72489,6.32644,6.21452
2.64,-8.80964,-6.88814,-7.32441,-4.81321,-4.4927
2.65,-19.85613,-16.38568,-17.11414,-12.58299,-11.96309
2.66,-23.00096,-19.09488,-19.90818,-14.81047,-14.10781
2.67,-17.27378,-14.18007,-14.84507,-10.80954,-10.26664
2.68,-4.14676,-2.90522,-3.22735,-1.61106,-1.42985
2.69,12.81467,11.66564,11.78726,10.28115,9.99612
2.7,28.90647,25.48852,26.03092,21.56104,20.83325
2.71,39.59231,34.66325,35.48412,29.03916,28.01556
2.72,41.80512,36.55259,37.4291,30.55912,29.47031
2.73,34.86407,30.57143,31.26307,25.64361,24.739
2.74,20.72642,18.40382,18.72202,15.67243,15.14878
2.75,3.47489,3.56199,3.42606,3.52165,3.46536
2.76,-11.83752,-9.60682,-10.14426,-7.24921,-6.88844
2.77,-20.66825,-17.19468,-17.96126,-13.44068,-12.83603
2.78,-20.35537,-16.91146,-17.66498,-13.17853,-12.57564
2.79,-10.96278,-8.81265,-9.31325,-6.5103,-6.15363
2.8,4.68096,4.66692,4.58371,4.56671,4.5083
2.81,21.79061,19.40793,19.77959,16.67446,16.16049
2.82,35.0609,30.84266,31.5661,26.06691,25.19925
2.83,40.30616,35.36661,36.22803,29.78714,28.77998
2.84,35.79773,31.4899,32.22992,26.61188,25.72569
2.85,22.86782,20.35815,20.75305,17.47896,16.93822
2.86,5.55944,5.45104,5.38449,5.24058,5.16116
2.87,-10.59982,-8.47295,-8.97077,-6.20167,-5.85249
2.88,-20.34334,-16.87917,-17.63842,-13.12852,-12.52457
2.89,-20.38513,-16.93724,-17.70086,-13.21634,-12.61913
2.9,-10.54653,-8.49085,-8.99679,-6.33202,-6.00696
2.91,6.10063,5.81918,5.75204,5.36554,5.23686
2.92,24.16531,21.35595,21.76638,18.08132,17.46345
2.93,37.66862,32.97596,33.74486,27.60435,26.62362
2.94,42.03004,36.73817,37.62531,30.70674,29.61304
2.95,35.64408,31.26059,31.98317,26.25465,25.34076
2.96,20.50049,18.25338,18.58057,15.64465,15.14873
2.97,1.59779,2.0142,1.84682,2.39078,2.41463
2.98,-14.6909,-11.977,-12.57069,-9.02608,-8.55426
2.99,-22.77849,-18.91751,-19.72224,-14.67979,-13.98389
3,-19.81692,-16.36048,-17.08631,-12.57219,-11.95422
3.01,-6.75401,-5.12338,-5.50567,-3.37534,-3.11194
3.02,11.91573,10.92765,11.03514,9.74633,9.50029
3.03,29.66477,26.17966,26.7512,22.20136,21.46844
3.04,40.2156,35.23591,36.0807,29.57709,28.55066
3.05,39.79295,34.8519,35.68037,29.22301,28.19982
3.06,28.53354,25.14754,25.67448,21.24213,20.51624
3.07,10.50906,9.62706,9.67539,8.50706,8.26319
3.08,-7.68942,-6.03853,-6.47141,-4.33646,-4.0912
3.09,-19.33383,-16.06023,-16.79921,-12.54656,-11.98668
3.1,-20.05499,-16.6784,-17.43306,-13.04353,-12.46146
3.11,-9.52497,-7.61015,-8.08196,-5.59559,-5.29279
3.12,8.33793,7.77359,7.7788,7.03579,6.86335
3.13,26.76937,23.65237,24.14947,20.08106,19.41929
3.14,38.6823,33.92637,34.74217,28.53945,27.5646
3.15,39.38565,34.5553,35.39207,29.09456,28.10806
3.16,28.45155,25.16539,25.71379,21.43147,20.74476
3.17,9.97882,9.27814,9.33698,8.427,8.23984
3.18,-8.90491,-6.97614,-7.41928,-4.90079,-4.58157
3.19,-20.77007,-17.20345,-17.96431,-13.3121,-12.67973
3.2,-20.81205,-17.26522,-18.03196,-13.40996,-12.78593
3.21,-8.82006,-6.97453,-7.42911,-5.03168,-4.74152
3.22,10.62738,9.73438,9.78964,8.60942,8.36566
3.23,29.8839,26.28616,26.84747,22.13493,21.36511
3.24,41.24215,36.05136,36.91174,30.11956,29.04054
3.25,40.05217,35.02964,35.8596,29.28815,28.24275
3.26,26.67789,23.53308,24.01279,19.89481,19.21566
3.27,6.45302,6.14889,6.09906,5.69254,5.56741
3.28,-12.4111,-10.06039,-10.60281,-7.53978,-7.14624
3.29,-22.16565,-18.43057,-19.22488,-14.35067,-13.68442
3.3,-18.75653,-15.47674,-16.17636,-11.89301,-11.31118
3.31,-3.58845,-2.41145,-2.70791,-1.16704,-0.99017
3.32,16.97143,15.28366,15.53004,13.33252,12.95493
3.33,34.20879,30.10962,30.80827,25.4627,24.61651
3.34,40.74821,35.72239,36.58871,30.03128,29.00223
3.35,33.75186,29.68394,30.35935,25.04782,24.19961
3.36,16.23193,14.58946,14.79621,12.64456,12.26094
3.37,-4.1597,-2.97497,-3.31131,-1.77891,-1.61969
3.38,-18.41063,-15.25305,-15.96825,-11.86563,-11.32764
3.39,-20.11353,-16.73015,-17.49054,-13.09512,-12.51465
3.4,-8.37311,-6.63378,-7.08205,-4.83116,-4.56803
3.41,11.67781,10.6214,10.70652,9.313,9.03798
3.42,31.06332,27.3139,27.91589,23.01382,22.22202
3.43,40.94617,35.83942,36.70776,30.04079,28.99151
3.44,36.65482,32.17558,32.93542,27.09256,26.16971
3.45,19.91645,17.80234,18.12359,15.37003,14.90857
3.46,-1.7899,-0.8535,-1.10393,0.12386,0.2545
3.47,-18.55299,-15.27079,-15.96458,-11.67713,-11.093
3.48,-22.56948,-18.73755,-19.54024,-14.53795,-13.85005
3.49,-11.82199,-9.51401,-10.03742,-7.02723,-6.63843
3.5,8.85994,8.25206,8.26929,7.47,7.28943
3.51,29.93243,26.35643,26.92458,22.24745,21.48745
3.52,41.5472,36.33089,37.20129,30.37947,29.29808
3.53,38.20947,33.44986,34.2295,28.00093,27.00576
3.54,21.46732,19.04486,19.38229,16.20301,15.66023
3.55,-0.71559,-0.03393,-0.27974,0.59365,0.65385
3.56,-17.69596,-14.63101,-15.32013,-11.3324,-10.80686
3.57,-21.27109,-17.68985,-18.46684,-13.79973,-13.16907
3.58,-9.71736,-7.72876,-8.194,-5.59941,-5.27169
3.59,11.26839,10.34834,10.4424,9.24581,9.01478
3.6,31.27756,27.58166,28.20643,23.38968,22.62366
3.61,40.29625,35.3502,36.21209,29.76392,28.75582
3.62,33.72665,29.69495,30.37921,25.12215,24.28861
3.63,14.79403,13.39117,13.56951,11.73897,11.41004
3.64,-6.94195,-5.33284,-5.73475,-3.64026,-3.39151
3.65,-20.33964,-16.88601,-17.647,-13.1515,-12.55094
3.66,-18.36061,-15.20726,-15.91945,-11.82086,-11.28248
3.67,-1.78597,-0.9639,-1.23955,-0.18573,-0.10074
3.68,21.01661,18.64838,18.97595,15.8671,15.33483
3.69,38.27979,33.50709,34.29362,28.05057,27.05562
3.7,40.90683,35.78531,36.64581,29.95318,28.89536
3.71,27.297,24.10272,24.60928,20.43783,19.75864
3.72,4.34801,4.38804,4.29407,4.34831,4.30039
3.73,-16.00848,-13.1009,-13.72809,-9.92908,-9.41823
3.74,-23.03259,-19.13142,-19.94202,-14.84593,-14.14136
3.75,-12.92085,-10.43516,-10.97959,-7.73175,-7.30224
3.76,9.03133,8.43407,8.4655,7.68772,7.51725
3.77,31.13108,27.42321,28.03213,23.19124,22.41372
3.78,41.51161,36.33013,37.20622,30.43727,29.36897
3.79,34.58063,30.34838,31.03536,25.49974,24.61031
3.8,14.15799,12.76584,12.90982,11.07612,10.73322
3.81,-8.49993,-6.73344,-7.18818,-4.90166,-4.63396
3.82,-20.83,-17.34077,-18.11799,-13.58186,-12.97884
3.83,-15.94258,-13.12768,-13.76999,-10.10916,-9.63248
3.84,3.43769,3.5627,3.43924,3.59662,3.55827
3.85,26.36508,23.31249,23.80103,19.81837,19.17071
3.86,39.7571,34.86161,35.7082,29.32523,28.32527
3.87,35.82221,31.49829,32.24215,26.60673,25.71939
3.88,16.6194,14.98521,15.21984,13.09315,12.72563
3.89,-6.94722,-5.30061,-5.69288,-3.54151,-3.27736
3.9,-21.25826,-17.63814,-18.41418,-13.69262,-13.05165
3.91,-17.83138,-14.72129,-15.41253,-11.3625,-10.82604
3.92,1.62957,1.99347,1.81154,2.27237,2.27228
3.93,26.01998,22.9593,23.41865,19.40715,18.74109
3.94,41.15934,35.9796,36.83823,30.061,28.98429
3.95,38.08237,33.34111,34.12055,27.91819,26.92867
3.96,18.43156,16.45396,16.719,14.12824,13.67827
3.97,-6.33219,-4.82617,-5.20864,-3.24745,-3.0173
3.98,-21.59347,-17.9305,-18.70913,-13.92789,-13.27466
3.99,-18.27735,-15.05742,-15.74303,-11.53655,-10.96512
4,1.61529,2.0662,1.90797,2.50206,2.5389
4.01,26.06593,23.09759,23.58286,19.71418,19.08761
