Xi,Ec,Eta,k,Ecval,combo,p_Ecval
1,0.01,0.0,1.0,7.49838,1_0.01,7.1127195
1,0.01,0.005,1.0,7.48754,1_0.01,7.086481
1,0.01,0.01,1.0,7.45535,1_0.01,7.043518
1,0.01,0.015,1.0,7.4016,1_0.01,6.9833975
1,0.01,0.02,1.0,7.32622,1_0.01,6.905696
1,0.01,0.025,1.0,7.22987,1_0.01,6.8100386
1,0.01,0.03,1.0,7.11154,1_0.01,6.6960325
1,0.01,0.035,1.0,6.97164,1_0.01,6.5632915
1,0.01,0.04,1.0,6.81029,1_0.01,6.4114666
1,0.01,0.045,1.0,6.62737,1_0.01,6.240223
1,0.01,0.05,1.0,6.42322,1_0.01,6.049226
1,0.01,0.055,1.0,6.19735,1_0.01,5.8381968
1,0.01,0.06,1.0,5.95017,1_0.01,5.606824
1,0.01,0.065,1.0,5.68124,1_0.01,5.3549004
1,0.01,0.07,1.0,5.39116,1_0.01,5.082163
1,0.01,0.075,1.0,5.07977,1_0.01,4.7884636
1,0.01,0.08,1.0,4.74668,1_0.01,4.473606
1,0.01,0.085,1.0,4.39257,1_0.01,4.1374702
1,0.01,0.09,1.0,4.01707,1_0.01,3.7799938
1,0.01,0.095,1.0,3.62065,1_0.01,3.401139
1,0.01,0.1,1.0,3.20318,1_0.01,3.0008576
1,0.01,0.105,1.0,2.76464,1_0.01,2.5792348
1,0.01,0.11,1.0,2.30543,1_0.01,2.1363056
1,0.01,0.115,1.0,1.8254,1_0.01,1.6721747
1,0.01,0.12,1.0,1.32471,1_0.01,1.1870005
1,0.01,0.125,1.0,0.80361,1_0.01,0.6809617
1,0.01,0.13,1.0,0.2625,1_0.01,0.1543107
1,0.01,0.135,1.0,-0.29876,1_0.01,-0.39273536
1,0.01,0.14,1.0,-0.87959,1_0.01,-0.95985764
1,0.01,0.145,1.0,-1.47979,1_0.01,-1.5467865
1,0.01,0.15,1.0,-2.09906,1_0.01,-2.1531358
1,0.01,0.155,1.0,-2.73711,1_0.01,-2.7785606
1,0.01,0.16,1.0,-3.39355,1_0.01,-3.422617
1,0.01,0.165,1.0,-4.06814,1_0.01,-4.0849485
1,0.01,0.17,1.0,-4.76024,1_0.01,-4.7650886
1,0.01,0.175,1.0,-5.46918,1_0.01,-5.4625034
1,0.01,0.18,1.0,-6.19476,1_0.01,-6.176672
1,0.01,0.185,1.0,-6.93625,1_0.01,-6.9071608
1,0.01,0.19,1.0,-7.69307,1_0.01,-7.6532564
1,0.01,0.195,1.0,-8.4644,1_0.01,-8.414504
1,0.01,0.2,1.0,-9.24961,1_0.01,-9.190099
1,0.01,0.205,1.0,-10.04778,1_0.01,-9.979388
1,0.01,0.21,1.0,-10.85807,1_0.01,-10.781636
1,0.01,0.215,1.0,-11.67974,1_0.01,-11.595999
1,0.01,0.22,1.0,-12.5118,1_0.01,-12.421515
1,0.01,0.225,1.0,-13.35299,1_0.01,-13.257252
1,0.01,0.23,1.0,-14.20234,1_0.01,-14.102221
1,0.01,0.235,1.0,-15.05871,1_0.01,-14.955134
1,0.01,0.24,1.0,-15.92104,1_0.01,-15.814824
1,0.01,0.245,1.0,-16.78763,1_0.01,-16.679903
1,0.01,0.25,1.0,-17.6572,1_0.01,-17.548903
1,0.01,0.255,1.0,-18.52845,1_0.01,-18.42029
1,0.01,0.26,1.0,-19.39967,1_0.01,-19.292366
1,0.01,0.265,1.0,-20.26954,1_0.01,-20.163265
1,0.01,0.27,1.0,-21.13611,1_0.01,-21.031244
1,0.01,0.275,1.0,-21.99775,1_0.01,-21.894274
1,0.01,0.28,1.0,-22.85245,1_0.01,-22.750381
1,0.01,0.285,1.0,-23.69855,1_0.01,-23.597332
1,0.01,0.29,1.0,-24.53392,1_0.01,-24.433104
1,0.01,0.295,1.0,-25.35643,1_0.01,-25.255436
1,0.01,0.3,1.0,-26.16397,1_0.01,-26.062195
1,0.01,0.305,1.0,-26.95435,1_0.01,-26.851162
1,0.01,0.31,1.0,-27.72538,1_0.01,-27.620125
1,0.01,0.315,1.0,-28.47477,1_0.01,-28.366941
1,0.01,0.32,1.0,-29.19978,1_0.01,-29.089453
1,0.01,0.325,1.0,-29.89837,1_0.01,-29.785606
1,0.01,0.33,1.0,-30.56769,1_0.01,-30.453274
1,0.01,0.335,1.0,-31.20527,1_0.01,-31.090408
1,0.01,0.34,1.0,-31.80848,1_0.01,-31.694944
1,0.01,0.345,1.0,-32.37454,1_0.01,-32.26481
1,0.01,0.35,1.0,-32.90084,1_0.01,-32.79777
1,0.01,0.355,1.0,-33.38458,1_0.01,-33.291573
1,0.01,0.36,1.0,-33.82318,1_0.01,-33.743626
1,0.01,0.365,1.0,-34.21365,1_0.01,-34.151085
1,0.01,0.37,1.0,-34.55319,1_0.01,-34.51077
1,0.01,0.375,1.0,-34.83915,1_0.01,-34.81879
1,0.01,0.38,1.0,-35.06858,1_0.01,-35.07101
1,0.01,0.385,1.0,-35.23893,1_0.01,-35.26283
1,0.01,0.39,1.0,-35.34731,1_0.01,-35.389526
1,0.01,0.395,1.0,-35.39122,1_0.01,-35.446606
1,0.01,0.4,1.0,-35.36802,1_0.01,-35.430336
1,0.01,0.405,1.0,-35.27501,1_0.01,-35.33772
1,0.01,0.41,1.0,-35.10971,1_0.01,-35.166775
1,0.01,0.415,1.0,-34.86996,1_0.01,-34.915916
1,0.01,0.42,1.0,-34.55346,1_0.01,-34.5836
1,0.01,0.425,1.0,-34.15806,1_0.01,-34.168278
1,0.01,0.43,1.0,-33.68177,1_0.01,-33.668873
1,0.01,0.435,1.0,-33.12291,1_0.01,-33.085194
1,0.01,0.44,1.0,-32.47957,1_0.01,-32.41901
1,0.01,0.445,1.0,-31.75053,1_0.01,-31.673283
1,0.01,0.45,1.0,-30.93451,1_0.01,-30.851305
1,0.01,0.455,1.0,-30.03054,1_0.01,-29.954737
1,0.01,0.46,1.0,-29.03773,1_0.01,-28.982952
1,0.01,0.465,1.0,-27.9557,1_0.01,-27.932556
1,0.01,0.47,1.0,-26.78419,1_0.01,-26.79849
1,0.01,0.475,1.0,-25.52332,1_0.01,-25.575392
1,0.01,0.48,1.0,-24.17344,1_0.01,-24.2586
1,0.01,0.485,1.0,-22.73534,1_0.01,-22.845062
1,0.01,0.49,1.0,-21.2099,1_0.01,-21.333576
1,0.01,0.495,1.0,-19.59877,1_0.01,-19.724728
1,0.01,0.5,1.0,-17.90375,1_0.01,-18.02072
1,0.01,0.505,1.0,-16.12884,1_0.01,-16.224932
1,0.01,0.515,1.0,-12.34046,1_0.01,-12.375904
1,0.01,0.525,1.0,-8.26108,1_0.01,-8.219802
1,0.01,0.535,1.0,-3.92409,1_0.01,-3.8059402
1,0.01,0.545,1.0,0.63113,1_0.01,0.8103777
1,0.01,0.555,1.0,5.35758,1_0.01,5.5689573
1,0.01,0.565,1.0,10.20171,1_0.01,10.405772
1,0.01,0.575,1.0,15.1031,1_0.01,15.256016
1,0.01,0.585,1.0,19.995,1_0.01,20.057087
1,0.01,0.595,1.0,24.8053,1_0.01,24.751093
1,0.01,0.605,1.0,29.45699,1_0.01,29.28409
1,0.01,0.615,1.0,33.86967,1_0.01,33.601818
1,0.01,0.625,1.0,37.96084,1_0.01,37.643646
1,0.01,0.635,1.0,41.64689,1_0.01,41.339092
1,0.01,0.645,1.0,44.84566,1_0.01,44.61249
1,0.01,0.655,1.0,47.47829,1_0.01,47.39324
1,0.01,0.665,1.0,49.47061,1_0.01,49.61185
1,0.01,0.675,1.0,50.75657,1_0.01,51.15193
1,0.01,0.685,1.0,51.27924,1_0.01,51.793125
1,0.01,0.695,1.0,50.99435,1_0.01,51.35448
1,0.01,0.705,1.0,49.87167,1_0.01,50.065323
1,0.01,0.715,1.0,47.89829,1_0.01,48.10512
1,0.01,0.725,1.0,45.07865,1_0.01,45.276382
1,0.01,0.735,1.0,41.43841,1_0.01,41.613056
1,0.01,0.745,1.0,37.0242,1_0.01,37.156662
1,0.01,0.755,1.0,31.90468,1_0.01,31.918404
1,0.01,0.765,1.0,26.17094,1_0.01,25.98857
1,0.01,0.775,1.0,19.9362,1_0.01,19.639986
1,0.01,0.785,1.0,13.33339,1_0.01,13.207585
1,0.01,0.795,1.0,6.51471,1_0.01,6.6455135
1,0.01,0.805,1.0,-0.35238,1_0.01,-0.091545105
1,0.01,0.815,1.0,-7.08837,1_0.01,-7.0460825
1,0.01,0.825,1.0,-13.50614,1_0.01,-13.592439
1,0.01,0.835,1.0,-19.41629,1_0.01,-19.508896
1,0.01,0.845,1.0,-24.63295,1_0.01,-24.69274
1,0.01,0.855,1.0,-28.97999,1_0.01,-29.022728
1,0.01,0.865,1.0,-32.29788,1_0.01,-32.50675
1,0.01,0.875,1.0,-34.44994,1_0.01,-35.12186
1,0.01,0.885,1.0,-35.32954,1_0.01,-36.480755
1,0.01,0.895,1.0,-34.86551,1_0.01,-35.67919
1,0.01,0.905,1.0,-33.02797,1_0.01,-33.108948
1,0.01,0.915,1.0,-29.83258,1_0.01,-29.735016
1,0.01,0.925,1.0,-25.34335,1_0.01,-25.24028
1,0.01,0.935,1.0,-19.67403,1_0.01,-19.48011
1,0.01,0.945,1.0,-12.98769,1_0.01,-12.770539
1,0.01,0.955,1.0,-5.49373,1_0.01,-5.4205894
1,0.01,0.965,1.0,2.55632,1_0.01,2.4301412
1,0.01,0.975,1.0,10.87638,1_0.01,10.614819
1,0.01,0.985,1.0,19.15511,1_0.01,18.875813
1,0.01,0.995,1.0,27.06614,1_0.01,26.909
1,0.01,1.005,1.0,34.28224,1_0.01,34.258663
1,0.01,1.015,1.0,40.48788,1_0.01,40.241283
1,0.01,1.025,1.0,45.39538,1_0.01,44.812775
1,0.01,1.035,1.0,48.75872,1_0.01,48.741497
1,0.01,1.045,1.0,50.38793,1_0.01,51.04367
1,0.01,1.055,1.0,50.16184,1_0.01,50.158188
1,0.01,1.065,1.0,48.03843,1_0.01,47.4584
1,0.01,1.075,1.0,44.06187,1_0.01,43.82042
1,0.01,1.085,1.0,38.36611,1_0.01,37.73839
1,0.01,1.095,1.0,31.17479,1_0.01,30.828289
1,0.01,1.105,1.0,22.79526,1_0.01,23.676043
1,0.01,1.115,1.0,13.60804,1_0.01,14.33642
1,0.01,1.125,1.0,4.05263,1_0.01,3.7770765
1,0.01,1.135,1.0,-5.39277,1_0.01,-5.8707237
1,0.01,1.145,1.0,-14.23449,1_0.01,-13.873117
1,0.01,1.155,1.0,-21.98869,1_0.01,-21.297853
1,0.01,1.165,1.0,-28.20983,1_0.01,-29.15715
1,0.01,1.175,1.0,-32.51714,1_0.01,-32.055653
1,0.01,1.185,1.0,-34.62125,1_0.01,-34.57361
1,0.01,1.195,1.0,-34.34611,1_0.01,-33.959377
1,0.01,1.205,1.0,-31.64634,1_0.01,-31.21477
1,0.01,1.215,1.0,-26.61766,1_0.01,-26.668524
1,0.01,1.225,1.0,-19.49998,1_0.01,-19.712694
1,0.01,1.235,1.0,-10.66994,1_0.01,-10.743192
1,0.01,1.245,1.0,-0.6261,1_0.01,-0.63082695
1,0.01,1.255,1.0,10.03584,1_0.01,9.92881
1,0.01,1.265,1.0,20.65677,1_0.01,20.510578
1,0.01,1.275,1.0,30.55297,1_0.01,30.680428
1,0.01,1.285,1.0,39.06084,1_0.01,39.66051
1,0.01,1.295,1.0,45.5829,1_0.01,46.324448
1,0.01,1.305,1.0,49.6323,1_0.01,49.900463
1,0.01,1.315,1.0,50.87292,1_0.01,50.694424
1,0.01,1.325,1.0,49.15165,1_0.01,49.435585
1,0.01,1.335,1.0,44.51865,1_0.01,44.94376
1,0.01,1.345,1.0,37.23552,1_0.01,36.837208
1,0.01,1.355,1.0,27.76643,1_0.01,27.556757
1,0.01,1.365,1.0,16.75554,1_0.01,16.537252
1,0.01,1.375,1.0,4.98621,1_0.01,4.6547422
1,0.01,1.385,1.0,-6.67071,1_0.01,-6.8173933
1,0.01,1.395,1.0,-17.32108,1_0.01,-17.327417
1,0.01,1.405,1.0,-26.11605,1_0.01,-26.31627
1,0.01,1.415,1.0,-32.32293,1_0.01,-32.926712
1,0.01,1.425,1.0,-35.39034,1_0.01,-36.16367
1,0.01,1.435,1.0,-35.00272,1_0.01,-35.321953
1,0.01,1.445,1.0,-31.11851,1_0.01,-30.74006
1,0.01,1.455,1.0,-23.98671,1_0.01,-23.525736
1,0.01,1.465,1.0,-14.14042,1_0.01,-14.689209
1,0.01,1.475,1.0,-2.36401,1_0.01,-2.8403192
1,0.01,1.485,1.0,10.36319,1_0.01,10.394786
1,0.01,1.495,1.0,22.945,1_0.01,22.929132
1,0.01,1.505,1.0,34.26196,1_0.01,34.28435
1,0.01,1.515,1.0,43.27151,1_0.01,43.34345
1,0.01,1.525,1.0,49.10851,1_0.01,49.39399
1,0.01,1.535,1.0,51.17441,1_0.01,52.45768
1,0.01,1.545,1.0,49.20588,1_0.01,49.820522
1,0.01,1.555,1.0,43.31549,1_0.01,42.721287
1,0.01,1.565,1.0,33.99852,1_0.01,34.466545
1,0.01,1.575,1.0,22.10032,1_0.01,22.422033
1,0.01,1.585,1.0,8.74831,1_0.01,8.152635
1,0.01,1.595,1.0,-4.74918,1_0.01,-5.0551586
1,0.01,1.605,1.0,-17.02905,1_0.01,-16.973011
1,0.01,1.615,1.0,-26.81173,1_0.01,-26.83551
1,0.01,1.625,1.0,-33.03908,1_0.01,-33.36471
1,0.01,1.635,1.0,-34.99602,1_0.01,-35.215183
1,0.01,1.645,1.0,-32.40228,1_0.01,-32.10178
1,0.01,1.655,1.0,-25.46094,1_0.01,-25.105507
1,0.01,1.665,1.0,-14.85707,1_0.01,-15.180571
1,0.01,1.675,1.0,-1.70153,1_0.01,-1.6656826
1,0.01,1.685,1.0,12.57667,1_0.01,12.301276
1,0.01,1.695,1.0,26.37874,1_0.01,25.580536
1,0.01,1.705,1.0,38.11455,1_0.01,37.377506
1,0.01,1.715,1.0,46.38808,1_0.01,45.925407
1,0.01,1.725,1.0,50.16912,1_0.01,49.51523
1,0.01,1.735,1.0,48.93195,1_0.01,48.12345
1,0.01,1.745,1.0,42.73865,1_0.01,42.444126
1,0.01,1.755,1.0,32.25589,1_0.01,32.30141
1,0.01,1.765,1.0,18.69674,1_0.01,18.580902
1,0.01,1.775,1.0,3.69224,1_0.01,3.323734
1,0.01,1.785,1.0,-10.89806,1_0.01,-11.250263
1,0.01,1.795,1.0,-23.21338,1_0.01,-23.310211
1,0.01,1.805,1.0,-31.63214,1_0.01,-31.493715
1,0.01,1.815,1.0,-34.99237,1_0.01,-34.838226
1,0.01,1.825,1.0,-32.76275,1_0.01,-32.75633
1,0.01,1.835,1.0,-25.13878,1_0.01,-25.212461
1,0.01,1.845,1.0,-13.0451,1_0.01,-13.043393
1,0.01,1.855,1.0,1.96247,1_0.01,2.0645745
1,0.01,1.865,1.0,17.88559,1_0.01,17.991129
1,0.01,1.875,1.0,32.54372,1_0.01,32.555077
1,0.01,1.885,1.0,43.87286,1_0.01,43.8167
1,0.01,1.895,1.0,50.22136,1_0.01,50.24698
1,0.01,1.905,1.0,50.60265,1_0.01,50.740376
1,0.01,1.915,1.0,44.86189,1_0.01,44.98054
1,0.01,1.925,1.0,33.72971,1_0.01,33.740204
1,0.01,1.935,1.0,18.74725,1_0.01,18.769135
1,0.01,1.945,1.0,2.06748,1_0.01,2.2777932
1,0.01,1.955,1.0,-13.84668,1_0.01,-13.5972395
1,0.01,1.965,1.0,-26.58455,1_0.01,-26.68066
1,0.01,1.975,1.0,-34.15926,1_0.01,-34.53803
1,0.01,1.985,1.0,-35.33036,1_0.01,-35.33676
1,0.01,1.995,1.0,-29.82455,1_0.01,-29.348553
1,0.01,2.005,1.0,-18.41254,1_0.01,-18.776382
1,0.05,0.0,2.0,6.39758,1_0.05,6.9182644
1,0.05,0.005,2.0,6.38703,1_0.05,6.838105
1,0.05,0.01,2.0,6.35475,1_0.05,6.7423725
1,0.05,0.015,2.0,6.30096,1_0.05,6.630808
1,0.05,0.02,2.0,6.22564,1_0.05,6.503168
1,0.05,0.025,2.0,6.12878,1_0.05,6.3591604
1,0.05,0.03,2.0,6.01062,1_0.05,6.1985273
1,0.05,0.035,2.0,5.87057,1_0.05,6.020994
1,0.05,0.04,2.0,5.7095,1_0.05,5.826273
1,0.05,0.045,2.0,5.52647,1_0.05,5.6140566
1,0.05,0.05,2.0,5.32208,1_0.05,5.3840876
1,0.05,0.055,2.0,5.09634,1_0.05,5.136071
1,0.05,0.06,2.0,4.84917,1_0.05,4.8697195
1,0.05,0.065,2.0,4.58032,1_0.05,4.5848
1,0.05,0.07,2.0,4.29028,1_0.05,4.281024
1,0.05,0.075,2.0,3.97886,1_0.05,3.958193
1,0.05,0.08,2.0,3.64609,1_0.05,3.6161277
1,0.05,0.085,2.0,3.29188,1_0.05,3.2545888
1,0.05,0.09,2.0,2.91639,1_0.05,2.8734534
1,0.05,0.095,2.0,2.51973,1_0.05,2.4726176
1,0.05,0.1,2.0,2.10203,1_0.05,2.0520186
1,0.05,0.105,2.0,1.66338,1_0.05,1.6115532
1,0.05,0.11,2.0,1.20389,1_0.05,1.1512628
1,0.05,0.115,2.0,0.72383,1_0.05,0.6711458
1,0.05,0.12,2.0,0.2231,1_0.05,0.17126226
1,0.05,0.125,2.0,-0.29801,1_0.05,-0.34824133
1,0.05,0.13,2.0,-0.83942,1_0.05,-0.8872652
1,0.05,0.135,2.0,-1.40084,1_0.05,-1.4456313
1,0.05,0.14,2.0,-1.98176,1_0.05,-2.0230997
1,0.05,0.145,2.0,-2.58241,1_0.05,-2.6194406
1,0.05,0.15,2.0,-3.20206,1_0.05,-3.2343962
1,0.05,0.155,2.0,-3.84062,1_0.05,-3.8676436
1,0.05,0.16,2.0,-4.49745,1_0.05,-4.518853
1,0.05,0.165,2.0,-5.17241,1_0.05,-5.187682
1,0.05,0.17,2.0,-5.8649,1_0.05,-5.87372
1,0.05,0.175,2.0,-6.57448,1_0.05,-6.5765314
1,0.05,0.18,2.0,-7.30059,1_0.05,-7.295684
1,0.05,0.185,2.0,-8.04265,1_0.05,-8.030694
1,0.05,0.19,2.0,-8.80011,1_0.05,-8.781098
1,0.05,0.195,2.0,-9.57208,1_0.05,-9.546281
1,0.05,0.2,2.0,-10.35803,1_0.05,-10.325655
1,0.05,0.205,2.0,-11.15699,1_0.05,-11.118628
1,0.05,0.21,2.0,-11.96822,1_0.05,-11.9245205
1,0.05,0.215,2.0,-12.79084,1_0.05,-12.74252
1,0.05,0.22,2.0,-13.62394,1_0.05,-13.571826
1,0.05,0.225,2.0,-14.4662,1_0.05,-14.411584
1,0.05,0.23,2.0,-15.31676,1_0.05,-15.260703
1,0.05,0.235,2.0,-16.17449,1_0.05,-16.118162
1,0.05,0.24,2.0,-17.03803,1_0.05,-16.982805
1,0.05,0.245,2.0,-17.90608,1_0.05,-17.853241
1,0.05,0.25,2.0,-18.77726,1_0.05,-18.72819
1,0.05,0.255,2.0,-19.65028,1_0.05,-19.605968
1,0.05,0.26,2.0,-20.52323,1_0.05,-20.484995
1,0.05,0.265,2.0,-21.39488,1_0.05,-21.363482
1,0.05,0.27,2.0,-22.26348,1_0.05,-22.239502
1,0.05,0.275,2.0,-23.12717,1_0.05,-23.11107
1,0.05,0.28,2.0,-23.98413,1_0.05,-23.97603
1,0.05,0.285,2.0,-24.83255,1_0.05,-24.832184
1,0.05,0.29,2.0,-25.67048,1_0.05,-25.67731
1,0.05,0.295,2.0,-26.49547,1_0.05,-26.508976
1,0.05,0.3,2.0,-27.30607,1_0.05,-27.324854
1,0.05,0.305,2.0,-28.09949,1_0.05,-28.12247
1,0.05,0.31,2.0,-28.87368,1_0.05,-28.899582
1,0.05,0.315,2.0,-29.62622,1_0.05,-29.653673
1,0.05,0.32,2.0,-30.35487,1_0.05,-30.382446
1,0.05,0.325,2.0,-31.05713,1_0.05,-31.083628
1,0.05,0.33,2.0,-31.73034,1_0.05,-31.754976
1,0.05,0.335,2.0,-32.37205,1_0.05,-32.394283
1,0.05,0.34,2.0,-32.97951,1_0.05,-32.999332
1,0.05,0.345,2.0,-33.55011,1_0.05,-33.568172
1,0.05,0.35,2.0,-34.08121,1_0.05,-34.098644
1,0.05,0.355,2.0,-34.57003,1_0.05,-34.588478
1,0.05,0.36,2.0,-35.01377,1_0.05,-35.03546
1,0.05,0.365,2.0,-35.40962,1_0.05,-35.437122
1,0.05,0.37,2.0,-35.75487,1_0.05,-35.79059
1,0.05,0.375,2.0,-36.04681,1_0.05,-36.09277
1,0.05,0.38,2.0,-36.28245,1_0.05,-36.339844
1,0.05,0.385,2.0,-36.45918,1_0.05,-36.52764
1,0.05,0.39,2.0,-36.57446,1_0.05,-36.651573
1,0.05,0.395,2.0,-36.62536,1_0.05,-36.70693
1,0.05,0.4,2.0,-36.60941,1_0.05,-36.689346
1,0.05,0.405,2.0,-36.52399,1_0.05,-36.59533
1,0.05,0.41,2.0,-36.36671,1_0.05,-36.42246
1,0.05,0.415,2.0,-36.13517,1_0.05,-36.169804
1,0.05,0.42,2.0,-35.82713,1_0.05,-35.837227
1,0.05,0.425,2.0,-35.44055,1_0.05,-35.424835
1,0.05,0.43,2.0,-34.97342,1_0.05,-34.933067
1,0.05,0.435,2.0,-34.42382,1_0.05,-34.362
1,0.05,0.44,2.0,-33.79017,1_0.05,-33.71255
1,0.05,0.445,2.0,-33.07117,1_0.05,-32.98636
1,0.05,0.45,2.0,-32.26535,1_0.05,-32.185856
1,0.05,0.455,2.0,-31.372,1_0.05,-31.312975
1,0.05,0.46,2.0,-30.38994,1_0.05,-30.368254
1,0.05,0.465,2.0,-29.31911,1_0.05,-29.349628
1,0.05,0.47,2.0,-28.15903,1_0.05,-28.252876
1,0.05,0.475,2.0,-26.90975,1_0.05,-27.072353
1,0.05,0.48,2.0,-25.57176,1_0.05,-25.802402
1,0.05,0.485,2.0,-24.1458,1_0.05,-24.438221
1,0.05,0.49,2.0,-22.63292,1_0.05,-22.977053
1,0.05,0.495,2.0,-21.03444,1_0.05,-21.41793
1,0.05,0.5,2.0,-19.35207,1_0.05,-19.761803
1,0.05,0.505,2.0,-17.58805,1_0.05,-18.011154
1,0.05,0.515,2.0,-13.82645,1_0.05,-14.242128
1,0.05,0.525,2.0,-9.77475,1_0.05,-10.14988
1,0.05,0.535,2.0,-5.4655,1_0.05,-5.7810097
1,0.05,0.545,2.0,-0.9383,1_0.05,-1.1864545
1,0.05,0.555,2.0,3.76044,1_0.05,3.5799134
1,0.05,0.565,2.0,8.57703,1_0.05,8.462813
1,0.05,0.575,2.0,13.45119,1_0.05,13.406187
1,0.05,0.585,2.0,18.31673,1_0.05,18.354889
1,0.05,0.595,2.0,23.1015,1_0.05,23.25307
1,0.05,0.605,2.0,27.72874,1_0.05,28.03878
1,0.05,0.615,2.0,32.11829,1_0.05,32.634594
1,0.05,0.625,2.0,36.18778,1_0.05,36.93739
1,0.05,0.635,2.0,39.85392,1_0.05,40.8163
1,0.05,0.645,2.0,43.03521,1_0.05,44.128464
1,0.05,0.655,2.0,45.65224,1_0.05,46.75298
1,0.05,0.665,2.0,47.63142,1_0.05,48.62388
1,0.05,0.675,2.0,48.90678,1_0.05,49.722878
1,0.05,0.685,2.0,49.42187,1_0.05,50.00808
1,0.05,0.695,2.0,49.13222,1_0.05,49.46732
1,0.05,0.705,2.0,48.00829,1_0.05,48.56047
1,0.05,0.715,2.0,46.03657,1_0.05,46.621822
1,0.05,0.725,2.0,43.22249,1_0.05,43.126392
1,0.05,0.735,2.0,39.59136,1_0.05,39.36845
1,0.05,0.745,2.0,35.19016,1_0.05,35.12866
1,0.05,0.755,2.0,30.08749,1_0.05,30.128231
1,0.05,0.765,2.0,24.37493,1_0.05,24.388548
1,0.05,0.775,2.0,18.16508,1_0.05,18.119421
1,0.05,0.785,2.0,11.59127,1_0.05,11.630001
1,0.05,0.795,2.0,4.80555,1_0.05,4.969287
1,0.05,0.805,2.0,-2.02481,1_0.05,-2.1706467
1,0.05,0.815,2.0,-8.72044,1_0.05,-9.271364
1,0.05,0.825,2.0,-15.09474,1_0.05,-15.686289
1,0.05,0.835,2.0,-20.95846,1_0.05,-21.355438
1,0.05,0.845,2.0,-26.1265,1_0.05,-26.171713
1,0.05,0.855,2.0,-30.42319,1_0.05,-30.076586
1,0.05,0.865,2.0,-33.6897,1_0.05,-33.19784
1,0.05,0.875,2.0,-35.79009,1_0.05,-35.485107
1,0.05,0.885,2.0,-36.61837,1_0.05,-36.269794
1,0.05,0.895,2.0,-36.10434,1_0.05,-35.541553
1,0.05,0.905,2.0,-34.21918,1_0.05,-33.3241
1,0.05,0.915,2.0,-30.97886,1_0.05,-30.565662
1,0.05,0.925,2.0,-26.4484,1_0.05,-26.778412
1,0.05,0.935,2.0,-20.74238,1_0.05,-20.800241
1,0.05,0.945,2.0,-14.0243,1_0.05,-13.470055
1,0.05,0.955,2.0,-6.5045,1_0.05,-6.02619
1,0.05,0.965,2.0,1.56542,1_0.05,1.4812024
1,0.05,0.975,2.0,9.89886,1_0.05,9.33445
1,0.05,0.985,2.0,18.18385,1_0.05,17.596588
1,0.05,0.995,2.0,26.0943,1_0.05,25.907578
1,0.05,1.005,2.0,33.30258,1_0.05,33.69826
1,0.05,1.015,2.0,39.49339,1_0.05,40.243443
1,0.05,1.025,2.0,44.37917,1_0.05,44.991623
1,0.05,1.035,2.0,47.71388,1_0.05,48.27345
1,0.05,1.045,2.0,49.30804,1_0.05,49.572926
1,0.05,1.055,2.0,49.04097,1_0.05,48.388794
1,0.05,1.065,2.0,46.87121,1_0.05,46.468376
1,0.05,1.075,2.0,42.84343,1_0.05,43.020763
1,0.05,1.085,2.0,37.09278,1_0.05,36.903362
1,0.05,1.095,2.0,29.84346,1_0.05,29.860432
1,0.05,1.105,2.0,21.40389,1_0.05,21.634165
1,0.05,1.115,2.0,12.15582,1_0.05,12.265848
1,0.05,1.125,2.0,2.53959,1_0.05,2.393799
1,0.05,1.135,2.0,-6.96546,1_0.05,-6.7843122
1,0.05,1.145,2.0,-15.86417,1_0.05,-15.134259
1,0.05,1.155,2.0,-23.67217,1_0.05,-23.984676
1,0.05,1.165,2.0,-29.94235,1_0.05,-29.853033
1,0.05,1.175,2.0,-34.29336,1_0.05,-34.035957
1,0.05,1.185,2.0,-36.43469,1_0.05,-36.689682
1,0.05,1.195,2.0,-36.18921,1_0.05,-36.219482
1,0.05,1.205,2.0,-33.51077,1_0.05,-33.66035
1,0.05,1.215,2.0,-28.4945,1_0.05,-28.807327
1,0.05,1.225,2.0,-21.37883,1_0.05,-21.451214
1,0.05,1.235,2.0,-12.54053,1_0.05,-12.322992
1,0.05,1.245,2.0,-2.47755,1_0.05,-2.2916818
1,0.05,1.255,2.0,8.2147,1_0.05,8.049524
1,0.05,1.265,2.0,18.87661,1_0.05,18.34544
1,0.05,1.275,2.0,28.82414,1_0.05,28.252764
1,0.05,1.285,2.0,37.39248,1_0.05,37.19481
1,0.05,1.295,2.0,43.98288,1_0.05,44.19937
1,0.05,1.305,2.0,48.10683,1_0.05,48.261948
1,0.05,1.315,2.0,49.42606,1_0.05,49.353077
1,0.05,1.325,2.0,47.78501,1_0.05,48.32133
1,0.05,1.335,2.0,43.23168,1_0.05,43.591496
1,0.05,1.345,2.0,36.02516,1_0.05,35.536484
1,0.05,1.355,2.0,26.62761,1_0.05,26.5515
1,0.05,1.365,2.0,15.68048,1_0.05,15.875757
1,0.05,1.375,2.0,3.96508,1_0.05,4.1959267
1,0.05,1.385,2.0,-7.64983,1_0.05,-7.2062902
1,0.05,1.395,2.0,-18.27153,1_0.05,-17.633165
1,0.05,1.405,2.0,-27.0528,1_0.05,-26.480959
1,0.05,1.415,2.0,-33.2621,1_0.05,-33.061073
1,0.05,1.425,2.0,-36.34807,1_0.05,-36.675034
1,0.05,1.435,2.0,-35.99478,1_0.05,-36.61499
1,0.05,1.445,2.0,-32.15958,1_0.05,-32.505035
1,0.05,1.455,2.0,-25.08977,1_0.05,-24.990118
1,0.05,1.465,2.0,-15.31597,1_0.05,-15.687135
1,0.05,1.475,2.0,-3.62003,1_0.05,-3.38917
1,0.05,1.485,2.0,9.02184,1_0.05,9.874638
1,0.05,1.495,2.0,21.51627,1_0.05,22.134354
1,0.05,1.505,2.0,32.74657,1_0.05,32.96062
1,0.05,1.515,2.0,41.67305,1_0.05,41.27044
1,0.05,1.525,2.0,47.43275,1_0.05,46.628227
1,0.05,1.535,2.0,49.42947,1_0.05,49.42019
1,0.05,1.545,2.0,47.40218,1_0.05,47.260536
1,0.05,1.555,2.0,41.46601,1_0.05,40.64029
1,0.05,1.565,2.0,32.11784,1_0.05,32.433006
1,0.05,1.575,2.0,20.20503,1_0.05,20.298994
1,0.05,1.585,2.0,6.85619,1_0.05,6.283104
1,0.05,1.595,2.0,-6.61959,1_0.05,-6.7374115
1,0.05,1.605,2.0,-18.85943,1_0.05,-18.5253
1,0.05,1.615,2.0,-28.5847,1_0.05,-28.321522
1,0.05,1.625,2.0,-34.73925,1_0.05,-34.92881
1,0.05,1.635,2.0,-36.61049,1_0.05,-36.911423
1,0.05,1.645,2.0,-33.92147,1_0.05,-33.818634
1,0.05,1.655,2.0,-26.87904,1_0.05,-26.682648
1,0.05,1.665,2.0,-16.17226,1_0.05,-16.58991
1,0.05,1.675,2.0,-2.91627,1_0.05,-2.7388427
1,0.05,1.685,2.0,11.45504,1_0.05,11.613816
1,0.05,1.695,2.0,25.33845,1_0.05,25.288395
1,0.05,1.705,2.0,37.13926,1_0.05,37.474766
1,0.05,1.715,2.0,45.457,1_0.05,46.40446
1,0.05,1.725,2.0,49.25851,1_0.05,49.890972
1,0.05,1.735,2.0,48.01618,1_0.05,48.3006
1,0.05,1.745,2.0,41.79218,1_0.05,42.432205
1,0.05,1.755,2.0,31.25476,1_0.05,32.011517
1,0.05,1.765,2.0,17.62069,1_0.05,17.951239
1,0.05,1.775,2.0,2.52496,1_0.05,2.375912
1,0.05,1.785,2.0,-12.16763,1_0.05,-12.430147
1,0.05,1.795,2.0,-24.59125,1_0.05,-24.630636
1,0.05,1.805,2.0,-33.11931,1_0.05,-32.911816
1,0.05,1.815,2.0,-36.58472,1_0.05,-36.369022
1,0.05,1.825,2.0,-34.452,1_0.05,-34.42954
1,0.05,1.835,2.0,-26.91179,1_0.05,-27.01489
1,0.05,1.845,2.0,-14.88436,1_0.05,-14.915717
1,0.05,1.855,2.0,0.07818,1_0.05,0.17706537
1,0.05,1.865,2.0,15.98039,1_0.05,16.112457
1,0.05,1.875,2.0,30.64355,1_0.05,30.696545
1,0.05,1.885,2.0,42.0036,1_0.05,41.979267
1,0.05,1.895,2.0,48.40784,1_0.05,48.400467
1,0.05,1.905,2.0,48.86698,1_0.05,48.871933
1,0.05,1.915,2.0,43.22274,1_0.05,43.169273
1,0.05,1.925,2.0,32.20122,1_0.05,32.10471
1,0.05,1.935,2.0,17.33849,1_0.05,17.378386
1,0.05,1.945,2.0,0.78091,1_0.05,1.1164138
1,0.05,1.955,2.0,-15.01564,1_0.05,-14.6351595
1,0.05,1.965,2.0,-27.64838,1_0.05,-27.736065
1,0.05,1.975,2.0,-35.13833,1_0.05,-35.652843
1,0.05,1.985,2.0,-36.25207,1_0.05,-36.374763
1,0.05,1.995,2.0,-30.72116,1_0.05,-30.126856
1,0.05,2.005,2.0,-19.31842,1_0.05,-19.231764
1,0.09,0.0,3.0,6.39758,1_0.09,6.977332
1,0.09,0.005,3.0,6.38698,1_0.09,6.906769
1,0.09,0.01,3.0,6.35461,1_0.09,6.820278
1,0.09,0.015,3.0,6.30102,1_0.09,6.7175245
1,0.09,0.02,3.0,6.22559,1_0.09,6.5981426
1,0.09,0.025,3.0,6.12874,1_0.09,6.461789
1,0.09,0.03,3.0,6.01056,1_0.09,6.3080864
1,0.09,0.035,3.0,5.87062,1_0.09,6.1367054
1,0.09,0.04,3.0,5.70942,1_0.09,5.9472895
1,0.09,0.045,3.0,5.52652,1_0.09,5.7395353
1,0.09,0.05,3.0,5.32245,1_0.09,5.5130634
1,0.09,0.055,3.0,5.09678,1_0.09,5.2676163
1,0.09,0.06,3.0,4.84951,1_0.09,5.0029087
1,0.09,0.065,3.0,4.58101,1_0.09,4.7186937
1,0.09,0.07,3.0,4.29098,1_0.09,4.4147215
1,0.09,0.075,3.0,3.97976,1_0.09,4.090808
1,0.09,0.08,3.0,3.64719,1_0.09,3.7468016
1,0.09,0.085,3.0,3.29353,1_0.09,3.3825877
1,0.09,0.09,3.0,2.91855,1_0.09,2.9980733
1,0.09,0.095,3.0,2.52244,1_0.09,2.5932314
1,0.09,0.1,3.0,2.10558,1_0.09,2.1680446
1,0.09,0.105,3.0,1.66776,1_0.09,1.7225649
1,0.09,0.11,3.0,1.20905,1_0.09,1.2568727
1,0.09,0.115,3.0,0.72992,1_0.09,0.7710718
1,0.09,0.12,3.0,0.23019,1_0.09,0.2652943
1,0.09,0.125,3.0,-0.28975,1_0.09,-0.2601639
1,0.09,0.13,3.0,-0.82973,1_0.09,-0.805174
1,0.09,0.135,3.0,-1.38953,1_0.09,-1.3694696
1,0.09,0.14,3.0,-1.96895,1_0.09,-1.9526912
1,0.09,0.145,3.0,-2.56744,1_0.09,-2.5545874
1,0.09,0.15,3.0,-3.18504,1_0.09,-3.174855
1,0.09,0.155,3.0,-3.82104,1_0.09,-3.8130815
1,0.09,0.16,3.0,-4.47524,1_0.09,-4.4688854
1,0.09,0.165,3.0,-5.14734,1_0.09,-5.1418896
1,0.09,0.17,3.0,-5.83665,1_0.09,-5.8316135
1,0.09,0.175,3.0,-6.54268,1_0.09,-6.537653
1,0.09,0.18,3.0,-7.26512,1_0.09,-7.259547
1,0.09,0.185,3.0,-8.00308,1_0.09,-7.9967365
1,0.09,0.19,3.0,-8.75581,1_0.09,-8.748843
1,0.09,0.195,3.0,-9.52303,1_0.09,-9.515148
1,0.09,0.2,3.0,-10.30376,1_0.09,-10.295118
1,0.09,0.205,3.0,-11.09729,1_0.09,-11.08809
1,0.09,0.21,3.0,-11.90257,1_0.09,-11.893355
1,0.09,0.215,3.0,-12.71871,1_0.09,-12.710254
1,0.09,0.22,3.0,-13.54487,1_0.09,-13.53778
1,0.09,0.225,3.0,-14.3798,1_0.09,-14.375111
1,0.09,0.23,3.0,-15.22252,1_0.09,-15.221172
1,0.09,0.235,3.0,-16.07171,1_0.09,-16.074936
1,0.09,0.24,3.0,-16.92618,1_0.09,-16.935068
1,0.09,0.245,3.0,-17.78475,1_0.09,-17.800272
1,0.09,0.25,3.0,-18.64568,1_0.09,-18.66905
1,0.09,0.255,3.0,-19.50784,1_0.09,-19.539812
1,0.09,0.26,3.0,-20.36961,1_0.09,-20.410755
1,0.09,0.265,3.0,-21.22932,1_0.09,-21.280067
1,0.09,0.27,3.0,-22.08512,1_0.09,-22.145693
1,0.09,0.275,3.0,-22.93542,1_0.09,-23.005459
1,0.09,0.28,3.0,-23.77824,1_0.09,-23.857195
1,0.09,0.285,3.0,-24.61188,1_0.09,-24.698542
1,0.09,0.29,3.0,-25.43406,1_0.09,-25.527042
1,0.09,0.295,3.0,-26.24283,1_0.09,-26.340305
1,0.09,0.3,3.0,-27.03621,1_0.09,-27.135721
1,0.09,0.305,3.0,-27.81167,1_0.09,-27.910948
1,0.09,0.31,3.0,-28.567,1_0.09,-28.663342
1,0.09,0.315,3.0,-29.3,1_0.09,-29.390644
1,0.09,0.32,3.0,-30.00807,1_0.09,-30.090416
1,0.09,0.325,3.0,-30.68891,1_0.09,-30.760416
1,0.09,0.33,3.0,-31.33986,1_0.09,-31.398508
1,0.09,0.335,3.0,-31.95832,1_0.09,-32.0027
1,0.09,0.34,3.0,-32.54169,1_0.09,-32.57103
1,0.09,0.345,3.0,-33.08731,1_0.09,-33.10163
1,0.09,0.35,3.0,-33.5924,1_0.09,-33.592804
1,0.09,0.355,3.0,-34.05418,1_0.09,-34.04272
1,0.09,0.36,3.0,-34.4701,1_0.09,-34.449596
1,0.09,0.365,3.0,-34.83725,1_0.09,-34.81141
1,0.09,0.37,3.0,-35.15273,1_0.09,-35.12595
1,0.09,0.375,3.0,-35.41395,1_0.09,-35.39045
1,0.09,0.38,3.0,-35.61798,1_0.09,-35.60184
1,0.09,0.385,3.0,-35.76216,1_0.09,-35.7562
1,0.09,0.39,3.0,-35.84387,1_0.09,-35.849316
1,0.09,0.395,3.0,-35.86049,1_0.09,-35.87639
1,0.09,0.4,3.0,-35.80908,1_0.09,-35.832966
1,0.09,0.405,3.0,-35.68737,1_0.09,-35.714767
1,0.09,0.41,3.0,-35.49296,1_0.09,-35.5186
1,0.09,0.415,3.0,-35.22359,1_0.09,-35.241955
1,0.09,0.42,3.0,-34.87666,1_0.09,-34.883003
1,0.09,0.425,3.0,-34.45024,1_0.09,-34.439987
1,0.09,0.43,3.0,-33.9425,1_0.09,-33.911175
1,0.09,0.435,3.0,-33.35158,1_0.09,-33.29546
1,0.09,0.44,3.0,-32.67594,1_0.09,-32.593224
1,0.09,0.445,3.0,-31.91411,1_0.09,-31.806738
1,0.09,0.45,3.0,-31.06488,1_0.09,-30.939823
1,0.09,0.455,3.0,-30.12713,1_0.09,-29.995687
1,0.09,0.46,3.0,-29.10044,1_0.09,-28.975529
1,0.09,0.465,3.0,-27.98413,1_0.09,-27.877546
1,0.09,0.47,3.0,-26.77807,1_0.09,-26.697493
1,0.09,0.475,3.0,-25.4825,1_0.09,-25.429867
1,0.09,0.48,3.0,-24.09761,1_0.09,-24.069693
1,0.09,0.485,3.0,-22.62423,1_0.09,-22.61315
1,0.09,0.49,3.0,-21.0635,1_0.09,-21.05851
1,0.09,0.495,3.0,-19.41684,1_0.09,-19.406124
1,0.09,0.5,3.0,-17.68619,1_0.09,-17.657923
1,0.09,0.505,3.0,-15.87208,1_0.09,-15.81756
1,0.09,0.515,3.0,-12.01399,1_0.09,-11.879543
1,0.09,0.525,3.0,-7.86455,1_0.09,-7.637616
1,0.09,0.535,3.0,-3.45782,1_0.09,-3.1455097
1,0.09,0.545,3.0,1.16621,1_0.09,1.5372419
1,0.09,0.555,3.0,5.96042,1_0.09,6.347105
1,0.09,0.565,3.0,10.87072,1_0.09,11.21815
1,0.09,0.575,3.0,15.83635,1_0.09,16.085531
1,0.09,0.585,3.0,20.79033,1_0.09,20.888655
1,0.09,0.595,3.0,25.65997,1_0.09,25.572823
1,0.09,0.605,3.0,30.36811,1_0.09,30.08671
1,0.09,0.615,3.0,34.83372,1_0.09,34.375095
1,0.09,0.625,3.0,38.97406,1_0.09,38.36962
1,0.09,0.635,3.0,42.70527,1_0.09,41.983555
1,0.09,0.645,3.0,45.9448,1_0.09,45.119873
1,0.09,0.655,3.0,48.61323,1_0.09,47.694622
1,0.09,0.665,3.0,50.63619,1_0.09,49.66124
1,0.09,0.675,3.0,51.94707,1_0.09,51.00084
1,0.09,0.685,3.0,52.48885,1_0.09,51.64617
1,0.09,0.695,3.0,52.21671,1_0.09,51.410965
1,0.09,0.705,3.0,51.10047,1_0.09,50.270817
1,0.09,0.715,3.0,49.12621,1_0.09,48.641747
1,0.09,0.725,3.0,46.2989,1_0.09,45.94512
1,0.09,0.735,3.0,42.64351,1_0.09,42.275784
1,0.09,0.745,3.0,38.2067,1_0.09,38.015038
1,0.09,0.755,3.0,33.05689,1_0.09,33.064953
1,0.09,0.765,3.0,27.28519,1_0.09,27.360899
1,0.09,0.775,3.0,21.00428,1_0.09,21.040947
1,0.09,0.785,3.0,14.34749,1_0.09,14.567266
1,0.09,0.795,3.0,7.4668,1_0.09,8.090702
1,0.09,0.805,3.0,0.52991,1_0.09,1.0313704
1,0.09,0.815,3.0,-6.28362,1_0.09,-6.2165747
1,0.09,0.825,3.0,-12.78654,1_0.09,-12.860424
1,0.09,0.835,3.0,-18.7892,1_0.09,-18.852596
1,0.09,0.845,3.0,-24.10544,1_0.09,-24.082146
1,0.09,0.855,3.0,-28.55869,1_0.09,-28.383938
1,0.09,0.865,3.0,-31.98869,1_0.09,-31.767794
1,0.09,0.875,3.0,-34.25798,1_0.09,-34.333317
1,0.09,0.885,3.0,-35.25879,1_0.09,-35.640438
1,0.09,0.895,3.0,-34.91888,1_0.09,-35.063236
1,0.09,0.905,3.0,-33.20677,1_0.09,-33.001396
1,0.09,0.915,3.0,-30.13635,1_0.09,-30.28451
1,0.09,0.925,3.0,-25.76931,1_0.09,-26.35371
1,0.09,0.935,3.0,-20.21703,1_0.09,-20.278934
1,0.09,0.945,3.0,-13.63983,1_0.09,-13.021929
1,0.09,0.955,3.0,-6.24432,1_0.09,-5.651103
1,0.09,0.965,3.0,1.72106,1_0.09,1.8649058
1,0.09,0.975,3.0,9.97304,1_0.09,9.796577
1,0.09,0.985,3.0,18.20245,1_0.09,18.055393
1,0.09,0.995,3.0,26.08534,1_0.09,26.115679
1,0.09,1.005,3.0,33.29551,1_0.09,33.302433
1,0.09,1.015,3.0,39.51828,1_0.09,39.0285
1,0.09,1.025,3.0,44.46552,1_0.09,43.468338
1,0.09,1.035,3.0,47.89035,1_0.09,47.42517
1,0.09,1.045,3.0,49.60128,1_0.09,50.261772
1,0.09,1.055,3.0,49.475,1_0.09,50.25063
1,0.09,1.065,3.0,47.46699,1_0.09,48.174717
1,0.09,1.075,3.0,43.61897,1_0.09,44.34457
1,0.09,1.085,3.0,38.06224,1_0.09,37.7364
1,0.09,1.095,3.0,31.0174,1_0.09,30.702635
1,0.09,1.105,3.0,22.7888,1_0.09,22.97242
1,0.09,1.115,3.0,13.75442,1_0.09,13.788718
1,0.09,1.125,3.0,4.35054,1_0.09,3.713669
1,0.09,1.135,3.0,-4.94747,1_0.09,-5.451911
1,0.09,1.145,3.0,-13.64853,1_0.09,-13.30561
1,0.09,1.155,3.0,-21.2716,1_0.09,-21.37122
1,0.09,1.165,3.0,-27.37322,1_0.09,-27.69183
1,0.09,1.175,3.0,-31.575,1_0.09,-31.32626
1,0.09,1.185,3.0,-33.58944,1_0.09,-33.47165
1,0.09,1.195,3.0,-33.24187,1_0.09,-32.813
1,0.09,1.205,3.0,-30.48813,1_0.09,-30.43355
1,0.09,1.215,3.0,-25.42522,1_0.09,-25.774336
1,0.09,1.225,3.0,-18.2932,1_0.09,-18.44878
1,0.09,1.235,3.0,-9.46946,1_0.09,-9.257886
1,0.09,1.245,3.0,0.54734,1_0.09,0.8274126
1,0.09,1.255,3.0,11.16187,1_0.09,11.1588545
1,0.09,1.265,3.0,21.71478,1_0.09,21.388542
1,0.09,1.275,3.0,31.52297,1_0.09,31.171417
1,0.09,1.285,3.0,39.92351,1_0.09,39.853924
1,0.09,1.295,3.0,46.31983,1_0.09,46.42173
1,0.09,1.305,3.0,50.22641,1_0.09,50.06114
1,0.09,1.315,3.0,51.30912,1_0.09,50.84078
1,0.09,1.325,3.0,49.4173,1_0.09,49.333298
1,0.09,1.335,3.0,44.60468,1_0.09,44.875423
1,0.09,1.345,3.0,37.1372,1_0.09,36.685555
1,0.09,1.355,3.0,27.48486,1_0.09,27.116531
1,0.09,1.365,3.0,16.2981,1_0.09,15.939562
1,0.09,1.375,3.0,4.3677,1_0.09,4.126622
1,0.09,1.385,3.0,-7.42761,1_0.09,-7.325199
1,0.09,1.395,3.0,-18.1859,1_0.09,-17.886892
1,0.09,1.405,3.0,-27.05168,1_0.09,-26.868338
1,0.09,1.415,3.0,-33.2872,1_0.09,-33.36496
1,0.09,1.425,3.0,-36.33902,1_0.09,-36.50178
1,0.09,1.435,3.0,-35.89183,1_0.09,-35.71109
1,0.09,1.445,3.0,-31.90735,1_0.09,-31.229427
1,0.09,1.455,3.0,-24.64031,1_0.09,-24.000034
1,0.09,1.465,3.0,-14.63062,1_0.09,-15.095109
1,0.09,1.475,3.0,-2.67039,1_0.09,-3.2282686
1,0.09,1.485,3.0,10.25336,1_0.09,10.156519
1,0.09,1.495,3.0,23.03695,1_0.09,22.823196
1,0.09,1.505,3.0,34.55373,1_0.09,34.27636
1,0.09,1.515,3.0,43.75442,1_0.09,43.40354
1,0.09,1.525,3.0,49.76829,1_0.09,49.5175
1,0.09,1.535,3.0,51.99117,1_0.09,52.71533
1,0.09,1.545,3.0,50.15565,1_0.09,50.396767
1,0.09,1.555,3.0,44.37128,1_0.09,43.557587
1,0.09,1.565,3.0,35.13021,1_0.09,35.479134
1,0.09,1.575,3.0,23.27631,1_0.09,23.74811
1,0.09,1.585,3.0,9.93586,1_0.09,9.660883
1,0.09,1.595,3.0,-3.58324,1_0.09,-3.5247395
1,0.09,1.605,3.0,-15.91806,1_0.09,-15.537123
1,0.09,1.615,3.0,-25.78853,1_0.09,-25.586288
1,0.09,1.625,3.0,-32.13566,1_0.09,-32.337524
1,0.09,1.635,3.0,-34.24242,1_0.09,-34.424335
1,0.09,1.645,3.0,-31.82557,1_0.09,-31.54203
1,0.09,1.655,3.0,-25.08381,1_0.09,-24.690584
1,0.09,1.665,3.0,-14.69628,1_0.09,-14.846969
1,0.09,1.675,3.0,-1.76559,1_0.09,-1.3258495
1,0.09,1.685,3.0,12.28902,1_0.09,12.687316
1,0.09,1.695,3.0,25.88083,1_0.09,25.935478
1,0.09,1.705,3.0,37.43314,1_0.09,37.557423
1,0.09,1.715,3.0,45.56316,1_0.09,45.75461
1,0.09,1.725,3.0,49.25315,1_0.09,49.03925
1,0.09,1.735,3.0,47.98647,1_0.09,47.51
1,0.09,1.745,3.0,41.82889,1_0.09,41.786995
1,0.09,1.755,3.0,31.44481,1_0.09,31.690536
1,0.09,1.765,3.0,18.03952,1_0.09,18.114965
1,0.09,1.775,3.0,3.2318,1_0.09,3.074352
1,0.09,1.785,3.0,-11.1328,1_0.09,-11.266362
1,0.09,1.795,3.0,-23.20825,1_0.09,-23.125963
1,0.09,1.805,3.0,-31.38668,1_0.09,-31.154211
1,0.09,1.815,3.0,-34.51791,1_0.09,-34.354496
1,0.09,1.825,3.0,-32.0808,1_0.09,-32.09176
1,0.09,1.835,3.0,-24.27901,1_0.09,-24.32693
1,0.09,1.845,3.0,-12.04288,1_0.09,-11.943874
1,0.09,1.855,3.0,3.06711,1_0.09,3.3201482
1,0.09,1.865,3.0,19.04963,1_0.09,19.308336
1,0.09,1.875,3.0,33.72211,1_0.09,33.820835
1,0.09,1.885,3.0,45.01911,1_0.09,44.940742
1,0.09,1.895,3.0,51.28919,1_0.09,51.19608
1,0.09,1.905,3.0,51.54683,1_0.09,51.50657
1,0.09,1.915,3.0,45.64012,1_0.09,45.53094
1,0.09,1.925,3.0,34.30471,1_0.09,34.04714
1,0.09,1.935,3.0,19.0894,1_0.09,18.862864
1,0.09,1.945,3.0,2.15746,1_0.09,2.223464
1,0.09,1.955,3.0,-14.01514,1_0.09,-13.755604
1,0.09,1.965,3.0,-27.00149,1_0.09,-26.963133
1,0.09,1.975,3.0,-34.7958,1_0.09,-35.02919
1,0.09,1.985,3.0,-36.1374,1_0.09,-36.100082
1,0.09,1.995,3.0,-30.73396,1_0.09,-30.335526
1,0.09,2.005,3.0,-19.34249,1_0.09,-19.865288
