ETA,Ec1,Ec2,Ec3
0,7.49838,6.39758,6.39758
0.005,7.48754,6.38703,6.38698
0.01,7.45535,6.35475,6.35461
0.015,7.4016,6.30096,6.30102
0.02,7.32622,6.22564,6.22559
0.025,7.22987,6.12878,6.12874
0.03,7.11154,6.01062,6.01056
0.035,6.97164,5.87057,5.87062
0.04,6.81029,5.7095,5.70942
0.045,6.62737,5.52647,5.52652
0.05,6.42322,5.32208,5.32245
0.055,6.19735,5.09634,5.09678
0.06,5.95017,4.84917,4.84951
0.065,5.68124,4.58032,4.58101
0.07,5.39116,4.29028,4.29098
0.075,5.07977,3.97886,3.97976
0.08,4.74668,3.64609,3.64719
0.085,4.39257,3.29188,3.29353
0.09,4.01707,2.91639,2.91855
0.095,3.62065,2.51973,2.52244
0.1,3.20318,2.10203,2.10558
0.105,2.76464,1.66338,1.66776
0.11,2.30543,1.20389,1.20905
0.115,1.8254,0.72383,0.72992
0.12,1.32471,0.2231,0.23019
0.125,0.80361,-0.29801,-0.28975
0.13,0.2625,-0.83942,-0.82973
0.135,-0.29876,-1.40084,-1.38953
0.14,-0.87959,-1.98176,-1.96895
0.145,-1.47979,-2.58241,-2.56744
0.15,-2.09906,-3.20206,-3.18504
0.155,-2.73711,-3.84062,-3.82104
0.16,-3.39355,-4.49745,-4.47524
0.165,-4.06814,-5.17241,-5.14734
0.17,-4.76024,-5.8649,-5.83665
0.175,-5.46918,-6.57448,-6.54268
0.18,-6.19476,-7.30059,-7.26512
0.185,-6.93625,-8.04265,-8.00308
0.19,-7.69307,-8.80011,-8.75581
0.195,-8.4644,-9.57208,-9.52303
0.2,-9.24961,-10.35803,-10.30376
0.205,-10.04778,-11.15699,-11.09729
0.21,-10.85807,-11.96822,-11.90257
0.215,-11.67974,-12.79084,-12.71871
0.22,-12.5118,-13.62394,-13.54487
0.225,-13.35299,-14.4662,-14.3798
0.23,-14.20234,-15.31676,-15.22252
0.235,-15.05871,-16.17449,-16.07171
0.24,-15.92104,-17.03803,-16.92618
0.245,-16.78763,-17.90608,-17.78475
0.25,-17.6572,-18.77726,-18.64568
0.255,-18.52845,-19.65028,-19.50784
0.26,-19.39967,-20.52323,-20.36961
0.265,-20.26954,-21.39488,-21.22932
0.27,-21.13611,-22.26348,-22.08512
0.275,-21.99775,-23.12717,-22.93542
0.28,-22.85245,-23.98413,-23.77824
0.285,-23.69855,-24.83255,-24.61188
0.29,-24.53392,-25.67048,-25.43406
0.295,-25.35643,-26.49547,-26.24283
0.3,-26.16397,-27.30607,-27.03621
0.305,-26.95435,-28.09949,-27.81167
0.31,-27.72538,-28.87368,-28.567
0.315,-28.47477,-29.62622,-29.3
0.32,-29.19978,-30.35487,-30.00807
0.325,-29.89837,-31.05713,-30.68891
0.33,-30.56769,-31.73034,-31.33986
0.335,-31.20527,-32.37205,-31.95832
0.34,-31.80848,-32.97951,-32.54169
0.345,-32.37454,-33.55011,-33.08731
0.35,-32.90084,-34.08121,-33.5924
0.355,-33.38458,-34.57003,-34.05418
0.36,-33.82318,-35.01377,-34.4701
0.365,-34.21365,-35.40962,-34.83725
0.37,-34.55319,-35.75487,-35.15273
0.375,-34.83915,-36.04681,-35.41395
0.38,-35.06858,-36.28245,-35.61798
0.385,-35.23893,-36.45918,-35.76216
0.39,-35.34731,-36.57446,-35.84387
0.395,-35.39122,-36.62536,-35.86049
0.4,-35.36802,-36.60941,-35.80908
0.405,-35.27501,-36.52399,-35.68737
0.41,-35.10971,-36.36671,-35.49296
0.415,-34.86996,-36.13517,-35.22359
0.42,-34.55346,-35.82713,-34.87666
0.425,-34.15806,-35.44055,-34.45024
0.43,-33.68177,-34.97342,-33.9425
0.435,-33.12291,-34.42382,-33.35158
0.44,-32.47957,-33.79017,-32.67594
0.445,-31.75053,-33.07117,-31.91411
0.45,-30.93451,-32.26535,-31.06488
0.455,-30.03054,-31.372,-30.12713
0.46,-29.03773,-30.38994,-29.10044
0.465,-27.9557,-29.31911,-27.98413
0.47,-26.78419,-28.15903,-26.77807
0.475,-25.52332,-26.90975,-25.4825
0.48,-24.17344,-25.57176,-24.09761
0.485,-22.73534,-24.1458,-22.62423
0.49,-21.2099,-22.63292,-21.0635
0.495,-19.59877,-21.03444,-19.41684
0.5,-17.90375,-19.35207,-17.68619
0.505,-16.12884,-17.58805,-15.87208
0.515,-12.34046,-13.82645,-12.01399
0.525,-8.26108,-9.77475,-7.86455
0.535,-3.92409,-5.4655,-3.45782
0.545,0.63113,-0.9383,1.16621
0.555,5.35758,3.76044,5.96042
0.565,10.20171,8.57703,10.87072
0.575,15.1031,13.45119,15.83635
0.585,19.995,18.31673,20.79033
0.595,24.8053,23.1015,25.65997
0.605,29.45699,27.72874,30.36811
0.615,33.86967,32.11829,34.83372
0.625,37.96084,36.18778,38.97406
0.635,41.64689,39.85392,42.70527
0.645,44.84566,43.03521,45.9448
0.655,47.47829,45.65224,48.61323
0.665,49.47061,47.63142,50.63619
0.675,50.75657,48.90678,51.94707
0.685,51.27924,49.42187,52.48885
0.695,50.99435,49.13222,52.21671
0.705,49.87167,48.00829,51.10047
0.715,47.89829,46.03657,49.12621
0.725,45.07865,43.22249,46.2989
0.735,41.43841,39.59136,42.64351
0.745,37.0242,35.19016,38.2067
0.755,31.90468,30.08749,33.05689
0.765,26.17094,24.37493,27.28519
0.775,19.9362,18.16508,21.00428
0.785,13.33339,11.59127,14.34749
0.795,6.51471,4.80555,7.4668
0.805,-0.35238,-2.02481,0.52991
0.815,-7.08837,-8.72044,-6.28362
0.825,-13.50614,-15.09474,-12.78654
0.835,-19.41629,-20.95846,-18.7892
0.845,-24.63295,-26.1265,-24.10544
0.855,-28.97999,-30.42319,-28.55869
0.865,-32.29788,-33.6897,-31.98869
0.875,-34.44994,-35.79009,-34.25798
0.885,-35.32954,-36.61837,-35.25879
0.895,-34.86551,-36.10434,-34.91888
0.905,-33.02797,-34.21918,-33.20677
0.915,-29.83258,-30.97886,-30.13635
0.925,-25.34335,-26.4484,-25.76931
0.935,-19.67403,-20.74238,-20.21703
0.945,-12.98769,-14.0243,-13.63983
0.955,-5.49373,-6.5045,-6.24432
0.965,2.55632,1.56542,1.72106
0.975,10.87638,9.89886,9.97304
0.985,19.15511,18.18385,18.20245
0.995,27.06614,26.0943,26.08534
1.005,34.28224,33.30258,33.29551
1.015,40.48788,39.49339,39.51828
1.025,45.39538,44.37917,44.46552
1.035,48.75872,47.71388,47.89035
1.045,50.38793,49.30804,49.60128
1.055,50.16184,49.04097,49.475
1.065,48.03843,46.87121,47.46699
1.075,44.06187,42.84343,43.61897
1.085,38.36611,37.09278,38.06224
1.095,31.17479,29.84346,31.0174
1.105,22.79526,21.40389,22.7888
1.115,13.60804,12.15582,13.75442
1.125,4.05263,2.53959,4.35054
1.135,-5.39277,-6.96546,-4.94747
1.145,-14.23449,-15.86417,-13.64853
1.155,-21.98869,-23.67217,-21.2716
1.165,-28.20983,-29.94235,-27.37322
1.175,-32.51714,-34.29336,-31.575
1.185,-34.62125,-36.43469,-33.58944
1.195,-34.34611,-36.18921,-33.24187
1.205,-31.64634,-33.51077,-30.48813
1.215,-26.61766,-28.4945,-25.42522
1.225,-19.49998,-21.37883,-18.2932
1.235,-10.66994,-12.54053,-9.46946
1.245,-0.6261,-2.47755,0.54734
1.255,10.03584,8.2147,11.16187
1.265,20.65677,18.87661,21.71478
1.275,30.55297,28.82414,31.52297
1.285,39.06084,37.39248,39.92351
1.295,45.5829,43.98288,46.31983
1.305,49.6323,48.10683,50.22641
1.315,50.87292,49.42606,51.30912
1.325,49.15165,47.78501,49.4173
1.335,44.51865,43.23168,44.60468
1.345,37.23552,36.02516,37.1372
1.355,27.76643,26.62761,27.48486
1.365,16.75554,15.68048,16.2981
1.375,4.98621,3.96508,4.3677
1.385,-6.67071,-7.64983,-7.42761
1.395,-17.32108,-18.27153,-18.1859
1.405,-26.11605,-27.0528,-27.05168
1.415,-32.32293,-33.2621,-33.2872
1.425,-35.39034,-36.34807,-36.33902
1.435,-35.00272,-35.99478,-35.89183
1.445,-31.11851,-32.15958,-31.90735
1.455,-23.98671,-25.08977,-24.64031
1.465,-14.14042,-15.31597,-14.63062
1.475,-2.36401,-3.62003,-2.67039
1.485,10.36319,9.02184,10.25336
1.495,22.945,21.51627,23.03695
1.505,34.26196,32.74657,34.55373
1.515,43.27151,41.67305,43.75442
1.525,49.10851,47.43275,49.76829
1.535,51.17441,49.42947,51.99117
1.545,49.20588,47.40218,50.15565
1.555,43.31549,41.46601,44.37128
1.565,33.99852,32.11784,35.13021
1.575,22.10032,20.20503,23.27631
1.585,8.74831,6.85619,9.93586
1.595,-4.74918,-6.61959,-3.58324
1.605,-17.02905,-18.85943,-15.91806
1.615,-26.81173,-28.5847,-25.78853
1.625,-33.03908,-34.73925,-32.13566
1.635,-34.99602,-36.61049,-34.24242
1.645,-32.40228,-33.92147,-31.82557
1.655,-25.46094,-26.87904,-25.08381
1.665,-14.85707,-16.17226,-14.69628
1.675,-1.70153,-2.91627,-1.76559
1.685,12.57667,11.45504,12.28902
1.695,26.37874,25.33845,25.88083
1.705,38.11455,37.13926,37.43314
1.715,46.38808,45.457,45.56316
1.725,50.16912,49.25851,49.25315
1.735,48.93195,48.01618,47.98647
1.745,42.73865,41.79218,41.82889
1.755,32.25589,31.25476,31.44481
1.765,18.69674,17.62069,18.03952
1.775,3.69224,2.52496,3.2318
1.785,-10.89806,-12.16763,-11.1328
1.795,-23.21338,-24.59125,-23.20825
1.805,-31.63214,-33.11931,-31.38668
1.815,-34.99237,-36.58472,-34.51791
1.825,-32.76275,-34.452,-32.0808
1.835,-25.13878,-26.91179,-24.27901
1.845,-13.0451,-14.88436,-12.04288
1.855,1.96247,0.07818,3.06711
1.865,17.88559,15.98039,19.04963
1.875,32.54372,30.64355,33.72211
1.885,43.87286,42.0036,45.01911
1.895,50.22136,48.40784,51.28919
1.905,50.60265,48.86698,51.54683
1.915,44.86189,43.22274,45.64012
1.925,33.72971,32.20122,34.30471
1.935,18.74725,17.33849,19.0894
1.945,2.06748,0.78091,2.15746
1.955,-13.84668,-15.01564,-14.01514
1.965,-26.58455,-27.64838,-27.00149
1.975,-34.15926,-35.13833,-34.7958
1.985,-35.33036,-36.25207,-36.1374
1.995,-29.82455,-30.72116,-30.73396
2.005,-18.41254,-19.31842,-19.34249
