ETA,Ec
0.0,7.49838
0.005,7.48754
0.01,7.45535
0.015,7.4016
0.02,7.32622
0.025,7.22987
0.03,7.11154
0.035,6.97164
0.04,6.81029
0.045,6.62737
0.05,6.42322
0.055,6.19735
0.06,5.95017
0.065,5.68124
0.07,5.39116
0.075,5.07977
0.08,4.74668
0.085,4.39257
0.09,4.01707
0.095,3.62065
0.1,3.20318
0.105,2.76464
0.11,2.30543
0.115,1.8254
0.12,1.32471
0.125,0.80361
0.13,0.2625
0.135,-0.29876
0.14,-0.87959
0.145,-1.47979
0.15,-2.09906
0.155,-2.73711
0.16,-3.39355
0.165,-4.06814
0.17,-4.76024
0.175,-5.46918
0.18,-6.19476
0.185,-6.93625
0.19,-7.69307
0.195,-8.4644
0.2,-9.24961
0.205,-10.04778
0.21,-10.85807
0.215,-11.67974
0.22,-12.5118
0.225,-13.35299
0.23,-14.20234
0.235,-15.05871
0.24,-15.92104
0.245,-16.78763
0.25,-17.6572
0.255,-18.52845
0.26,-19.39967
0.265,-20.26954
0.27,-21.13611
0.275,-21.99775
0.28,-22.85245
0.285,-23.69855
0.29,-24.53392
0.295,-25.35643
0.3,-26.16397
0.305,-26.95435
0.31,-27.72538
0.315,-28.47477
0.32,-29.19978
0.325,-29.89837
0.33,-30.56769
0.335,-31.20527
0.34,-31.80848
0.345,-32.37454
0.35,-32.90084
0.355,-33.38458
0.36,-33.82318
0.365,-34.21365
0.37,-34.55319
0.375,-34.83915
0.38,-35.06858
0.385,-35.23893
0.39,-35.34731
0.395,-35.39122
0.4,-35.36802
0.405,-35.27501
0.41,-35.10971
0.415,-34.86996
0.42,-34.55346
0.425,-34.15806
0.43,-33.68177
0.435,-33.12291
0.44,-32.47957
0.445,-31.75053
0.45,-30.93451
0.455,-30.03054
0.46,-29.03773
0.465,-27.9557
0.47,-26.78419
0.475,-25.52332
0.48,-24.17344
0.485,-22.73534
0.49,-21.2099
0.495,-19.59877
0.5,-17.90375
0.505,-16.12884
0.515,-12.34046
0.525,-8.26108
0.535,-3.92409
0.545,0.63113
0.555,5.35758
0.565,10.20171
0.575,15.1031
0.585,19.995
0.595,24.8053
0.605,29.45699
0.615,33.86967
0.625,37.96084
0.635,41.64689
0.645,44.84566
0.655,47.47829
0.665,49.47061
0.675,50.75657
0.685,51.27924
0.695,50.99435
0.705,49.87167
0.715,47.89829
0.725,45.07865
0.735,41.43841
0.745,37.0242
0.755,31.90468
0.765,26.17094
0.775,19.9362
0.785,13.33339
0.795,6.51471
0.805,-0.35238
0.815,-7.08837
0.825,-13.50614
0.835,-19.41629
0.845,-24.63295
0.855,-28.97999
0.865,-32.29788
0.875,-34.44994
0.885,-35.32954
0.895,-34.86551
0.905,-33.02797
0.915,-29.83258
0.925,-25.34335
0.935,-19.67403
0.945,-12.98769
0.955,-5.49373
0.965,2.55632
0.975,10.87638
0.985,19.15511
0.995,27.06614
1.005,34.28224
1.015,40.48788
1.025,45.39538
1.035,48.75872
1.045,50.38793
1.055,50.16184
1.065,48.03843
1.075,44.06187
1.085,38.36611
1.095,31.17479
1.105,22.79526
1.115,13.60804
1.125,4.05263
1.135,-5.39277
1.145,-14.23449
1.155,-21.98869
1.165,-28.20983
1.175,-32.51714
1.185,-34.62125
1.195,-34.34611
1.205,-31.64634
1.215,-26.61766
1.225,-19.49998
1.235,-10.66994
1.245,-0.6261
1.255,10.03584
1.265,20.65677
1.275,30.55297
1.285,39.06084
1.295,45.5829
1.305,49.6323
1.315,50.87292
1.325,49.15165
1.335,44.51865
1.345,37.23552
1.355,27.76643
1.365,16.75554
1.375,4.98621
1.385,-6.67071
1.395,-17.32108
1.405,-26.11605
1.415,-32.32293
1.425,-35.39034
1.435,-35.00272
1.445,-31.11851
1.455,-23.98671
1.465,-14.14042
1.475,-2.36401
1.485,10.36319
1.495,22.945
1.505,34.26196
1.515,43.27151
1.525,49.10851
1.535,51.17441
1.545,49.20588
1.555,43.31549
1.565,33.99852
1.575,22.10032
1.585,8.74831
1.595,-4.74918
1.605,-17.02905
1.615,-26.81173
1.625,-33.03908
1.635,-34.99602
1.645,-32.40228
1.655,-25.46094
1.665,-14.85707
1.675,-1.70153
1.685,12.57667
1.695,26.37874
1.705,38.11455
1.715,46.38808
1.725,50.16912
1.735,48.93195
1.745,42.73865
1.755,32.25589
1.765,18.69674
1.775,3.69224
1.785,-10.89806
1.795,-23.21338
1.805,-31.63214
1.815,-34.99237
1.825,-32.76275
1.835,-25.13878
1.845,-13.0451
1.855,1.96247
1.865,17.88559
1.875,32.54372
1.885,43.87286
1.895,50.22136
1.905,50.60265
1.915,44.86189
1.925,33.72971
1.935,18.74725
1.945,2.06748
1.955,-13.84668
1.965,-26.58455
1.975,-34.15926
1.985,-35.33036
1.995,-29.82455
2.005,-18.41254
2.015,-2.82292
2.025,14.50395
2.035,30.7881
2.045,43.35599
2.055,50.08621
2.065,49.78414
2.075,42.41393
2.085,29.14328
2.095,12.18124
2.105,-5.57178
2.115,-21.01152
2.125,-31.37291
2.135,-34.73817
2.145,-30.4094
2.155,-19.0761
2.165,-2.73295
2.175,15.64961
2.185,32.65102
2.195,45.03366
2.205,50.36741
2.215,47.52313
2.225,36.93341
2.235,20.55767
2.245,1.54362
2.255,-16.36272
2.265,-29.5509
2.275,-35.28212
2.285,-32.27701
2.295,-21.02495
2.305,-3.73724
2.315,16.06273
2.325,34.24438
2.335,46.93035
2.345,51.33754
2.355,46.41186
2.365,33.10883
2.375,14.24326
2.385,-6.08195
2.395,-23.35584
2.405,-33.66566
2.415,-34.60343
2.425,-25.86039
2.435,-9.35772
2.445,11.1408
2.455,30.86246
2.465,45.12985
2.475,50.48128
2.485,45.53886
2.495,31.39935
2.505,11.43303
2.515,-9.48604
2.525,-26.15306
2.535,-34.32988
2.545,-31.84372
2.555,-19.19746
2.565,0.48471
2.575,22.19546
2.585,40.29742
2.595,49.98712
2.605,48.58832
2.615,36.32346
2.625,16.33373
2.635,-6.0917
2.645,-24.895
2.655,-34.89096
2.665,-33.22171
2.675,-20.2126
2.685,0.63658
2.695,23.55538
2.705,42.08534
2.715,50.90747
2.725,47.40277
2.735,32.47729
2.745,10.38279
2.755,-12.45197
2.765,-29.27757
2.775,-35.02913
2.785,-27.89244
2.795,-9.92903
2.805,13.46187
2.815,35.12493
2.825,48.32577
2.835,48.86031
2.845,36.4355
2.855,14.856
2.865,-9.08871
2.875,-27.72916
2.885,-34.97195
2.895,-28.31948
2.905,-9.77746
2.915,14.69603
2.925,37.06781
2.935,49.85892
2.945,48.66776
2.955,33.73036
2.965,9.95214
2.975,-14.65934
2.985,-31.67456
2.995,-35.1512
3.005,-23.7624
3.015,-1.36562
3.025,24.24407
3.035,44.01892
3.045,50.86578
3.055,42.24151
3.065,21.16919
3.075,-4.74777
3.085,-26.02177
3.095,-34.74892
3.105,-27.58453
3.115,-7.09272
3.125,19.09511
3.135,41.06878
3.145,50.37671
3.155,43.30303
3.165,22.40889
3.175,-4.32587
3.185,-26.50211
3.195,-35.33984
3.205,-27.18672
3.215,-5.08695
3.225,22.28919
3.235,44.0108
3.245,51.25859
3.255,40.95884
3.265,17.15948
3.275,-10.48672
3.285,-30.60452
3.295,-34.79385
3.305,-21.20979
3.315,4.53497
3.325,31.6048
3.335,48.46623
3.345,47.82392
3.355,29.85297
3.365,2.26557
3.375,-22.91718
3.385,-34.56923
3.395,-27.40467
3.405,-4.44763
3.415,24.15467
3.425,45.55703
3.435,49.97771
3.445,35.21246
3.455,7.80011
3.465,-19.80294
3.475,-34.85976
3.485,-30.26267
3.495,-7.96618
3.505,21.75319
3.515,44.98278
3.525,50.70298
3.535,36.08946
3.545,8.01478
3.555,-20.08995
3.565,-34.6284
3.575,-28.46273
3.585,-4.52376
3.595,25.46075
3.605,46.63163
3.615,48.35656
3.625,29.6347
3.635,-0.2229
3.645,-26.12572
3.655,-34.79173
3.665,-21.59211
3.675,6.89424
3.685,36.07251
3.695,50.76852
3.705,43.15279
3.715,16.99084
3.725,-14.12285
3.735,-33.78377
3.745,-31.46461
3.755,-8.25598
3.765,23.51836
3.775,46.7747
3.785,48.87293
3.795,28.59067
3.805,-3.02492
3.815,-28.56116
3.825,-33.8052
3.835,-15.73028
3.845,15.62505
3.855,42.60717
3.865,49.83637
3.875,33.01395
3.885,1.57544
3.895,-26.49433
3.905,-34.90747
3.915,-18.56695
3.925,13.25477
3.935,42.08893
3.945,50.97601
3.955,34.51394
3.965,2.2634
3.975,-26.70461
3.985,-35.0737
3.995,-17.73453
4.005,14.93846
