ETA,Cf1,Cf2,Cf3,Cf4
0,7.49838,7.49838,7.49838,7.49838
0.005,7.49832,7.47679,7.4339,7.39086
0.01,7.49836,7.41235,7.24042,7.06815
0.015,7.49863,7.30486,6.91766,6.53026
0.02,7.49842,7.15407,6.46572,5.77737
0.025,7.49877,6.96078,5.88534,4.80959
0.03,7.49875,6.7242,5.17515,3.62635
0.035,7.49864,6.44436,4.3364,2.22799
0.04,7.49859,6.12167,3.36835,0.61477
0.045,7.49856,5.75631,2.27173,-1.21285
0.05,7.49853,5.34818,1.04665,-3.25457
0.055,7.49851,4.89692,-0.3066,-5.51019
0.06,7.49879,4.40322,-1.78782,-7.97899
0.065,7.49874,3.86681,-3.39658,-10.66025
0.07,7.49886,3.28836,-5.1321,-13.55273
0.075,7.49904,2.66817,-6.99339,-16.65527
0.08,7.4988,2.00594,-8.9801,-19.96626
0.085,7.49871,1.30262,-11.09032,-23.4835
0.09,7.4988,0.55852,-13.32294,-27.20501
0.095,7.49882,-0.22584,-15.67604,-31.12731
0.1,7.49897,-1.04976,-18.14797,-35.24759
0.105,7.49902,-1.91234,-20.73626,-39.56144
0.11,7.49925,-2.8128,-23.4378,-44.06459
0.115,7.49934,-3.74975,-26.24993,-48.75152
0.12,7.4995,-4.72251,-29.16861,-53.61667
0.125,7.49969,-5.7294,-32.18999,-58.65277
0.13,7.49976,-6.76884,-35.30942,-63.85241
0.135,7.50012,-7.83929,-38.5215,-69.20692
0.14,7.50029,-8.93878,-41.82069,-74.70641
0.145,7.50083,-10.06495,-45.20061,-80.34019
0.15,7.50113,-11.21596,-48.65384,-86.09669
0.155,7.5018,-12.38847,-52.17263,-91.96282
0.16,7.50209,-13.57976,-55.74849,-97.92403
0.165,7.50262,-14.78731,-59.3724,-103.96496
0.17,7.50298,-16.0072,-63.03366,-110.0685
0.175,7.50369,-17.23578,-66.72142,-116.21648
0.18,7.50427,-18.46925,-70.42387,-122.3889
0.185,7.50476,-19.70341,-74.12836,-128.56451
0.19,7.50555,-20.93341,-77.82096,-134.72058
0.195,7.50622,-22.15465,-81.4872,-140.83273
0.2,7.5071,-23.36166,-85.11151,-146.87511
0.205,7.50828,-24.5495,-88.67722,-152.82051
0.21,7.50944,-25.7119,-92.16746,-158.63956
0.215,7.51041,-26.84299,-95.56388,-164.3026
0.22,7.51147,-27.93641,-98.84727,-169.77751
0.225,7.51286,-28.98559,-101.99786,-175.03094
0.23,7.51398,-29.98352,-104.99496,-180.02864
0.235,7.51559,-30.92307,-107.81718,-184.73492
0.24,7.51715,-31.79672,-110.44283,-189.11325
0.245,7.5186,-32.59745,-112.84892,-193.12602
0.25,7.52029,-33.31721,-115.01261,-196.73451
0.255,7.52215,-33.9483,-116.91045,-199.90033
0.26,7.52399,-34.48304,-118.5191,-202.58383
0.265,7.52601,-34.91337,-119.81474,-204.74568
0.27,7.52841,-35.23152,-120.7739,-206.34683
0.275,7.53082,-35.4296,-121.37358,-207.34828
0.28,7.53316,-35.50012,-121.59052,-207.71213
0.285,7.53583,-35.43567,-121.40266,-207.40143
0.29,7.5386,-35.22931,-120.78899,-206.3806
0.295,7.54147,-34.87416,-119.72919,-204.6162
0.3,7.54445,-34.36381,-118.20446,-202.07675
0.305,7.54756,-33.69286,-116.1976,-198.73373
0.31,7.55106,-32.85599,-113.69341,-194.56174
0.315,7.55469,-31.84888,-110.67866,-189.53857
0.32,7.55843,-30.66799,-107.14282,-183.64684
0.325,7.56224,-29.31059,-103.07789,-176.87337
0.33,7.56635,-27.77529,-98.47898,-169.20982
0.335,7.57078,-26.06122,-93.34468,-160.65361
0.34,7.57521,-24.16929,-87.67668,-151.2083
0.345,7.57999,-22.10144,-81.48146,-140.88402
0.35,7.58492,-19.86104,-74.76884,-129.69765
0.355,7.59003,-17.45292,-67.55356,-117.67353
0.36,7.59546,-14.88361,-59.85472,-104.84367
0.365,7.6011,-12.1609,-51.69659,-91.24831
0.37,7.60696,-9.29454,-43.10802,-76.93599
0.375,7.61296,-6.29604,-34.1235,-61.96396
0.38,7.61927,-3.17841,-24.78242,-46.39783
0.385,7.62589,0.04321,-15.12973,-30.31273
0.39,7.63278,3.35243,-5.21537,-13.79217
0.395,7.63989,6.73045,4.90511,3.07149
0.4,7.64721,10.15718,15.17114,20.17737
0.405,7.65495,13.61101,25.51744,37.41658
0.41,7.66287,17.06837,35.87395,54.67227
0.415,7.67099,20.50478,46.16637,71.82057
0.42,7.67939,23.89387,56.31647,88.73107
0.425,7.68816,27.20865,66.24254,105.26783
0.43,7.69735,30.42073,75.86034,121.29035
0.435,7.70654,33.50169,85.08356,136.6545
0.44,7.71599,36.42197,93.82434,151.21452
0.445,7.72581,39.15234,101.99441,164.82306
0.45,7.73596,41.66339,109.5062,177.33386
0.455,7.74636,43.92638,116.27327,188.60333
0.46,7.75702,45.91349,122.21204,198.49205
0.465,7.76795,47.59786,127.24207,206.86646
0.47,7.77912,48.95448,131.28856,213.60127
0.475,7.79049,49.96024,134.28209,218.58112
0.48,7.80221,50.59435,136.16042,221.70268
0.485,7.81404,50.8392,136.87039,222.87712
0.49,7.82618,50.67996,136.36844,222.032
0.495,7.83841,50.1059,134.6217,219.11238
0.5,7.85091,49.11036,131.60971,214.08432
0.505,7.86134,47.68788,127.32213,206.93211
0.515,7.88765,43.58999,114.97731,186.34273
0.525,7.91465,37.88878,97.82232,157.73706
0.535,7.94188,30.74987,76.354,121.94304
0.545,7.96937,22.42791,51.33569,80.23208
0.555,7.99692,13.26303,23.78826,34.30475
0.565,8.02425,3.67272,-5.0364,-13.75276
0.575,8.05128,-5.86376,-33.69978,-61.54337
0.585,8.07779,-14.82657,-60.64277,-106.46809
0.595,8.10355,-22.6836,-84.26763,-145.86365
0.605,8.12845,-28.92291,-103.03759,-177.16782
0.615,8.1519,-33.08898,-115.5853,-198.10075
0.625,8.17393,-34.82099,-120.82688,-206.85405
0.635,8.19434,-33.88812,-118.06947,-202.27267
0.645,8.21266,-30.22193,-107.10647,-184.01146
0.655,8.22891,-23.93869,-88.28691,-152.65271
0.665,8.24253,-15.35189,-62.55109,-109.76422
0.675,8.25346,-4.96942,-31.42311,-57.88675
0.685,8.26134,6.52581,3.04843,-0.43633
0.695,8.26633,18.31245,38.39965,58.47984
0.705,8.26768,29.48515,71.91349,114.33306
0.715,8.26549,39.12162,100.82431,162.51517
0.725,8.25977,46.36217,122.555,198.7321
0.735,8.25005,50.49334,134.96541,219.41847
0.745,8.23641,51.02668,136.59137,222.13536
0.755,8.21889,47.76679,126.84745,205.9081
0.765,8.19712,40.85859,106.16801,171.46007
0.775,8.17149,30.80484,76.06099,121.30376
0.785,8.14201,18.44981,39.05785,59.65607
0.795,8.10868,4.92375,-1.45232,-7.83622
0.805,8.07191,-8.44985,-41.49984,-74.55828
0.815,8.03165,-20.27971,-76.91103,-133.55411
0.825,7.98851,-29.25322,-103.74866,-178.2599
0.835,7.94268,-34.29205,-118.77658,-203.28067
0.845,7.89465,-34.69617,-119.89458,-205.1144
0.855,7.84503,-30.25906,-106.48331,-182.72792
0.865,7.79443,-21.33409,-79.60442,-137.89171
0.875,7.74342,-8.83778,-42.01062,-75.19584
0.885,7.69268,5.8181,2.06113,-1.70577
0.895,7.64304,20.86844,47.3115,73.74486
0.905,7.59525,34.39653,87.98901,141.56897
0.915,7.55019,44.57862,118.62208,192.64825
0.925,7.50858,49.94076,134.78867,219.61485
0.935,7.47128,49.59069,133.81157,218.00925
0.945,7.43893,43.38966,115.27445,187.13768
0.955,7.41225,32.03043,81.25323,130.45837
0.965,7.39196,16.99737,36.19771,55.38468
0.975,7.37844,0.40162,-13.56102,-27.53542
0.985,7.37208,-15.29696,-60.64531,-106.00732
0.995,7.37293,-27.64997,-97.70946,-167.78717
1.005,7.38119,-34.61324,-118.61939,-202.64798
1.015,7.39666,-34.90825,-119.53658,-204.18921
1.025,7.41923,-28.28905,-99.72251,-171.17813
1.035,7.4483,-15.65629,-61.87896,-108.11919
1.045,7.48395,1.01923,-11.92035,-24.87309
1.055,7.52507,18.96841,41.84584,64.71124
1.065,7.57122,35.06546,90.04247,145.00485
1.075,7.6218,46.3722,123.85799,201.32463
1.085,7.67606,50.69501,136.7155,222.71356
1.095,7.73325,47.0469,125.6572,204.24571
1.105,7.79231,35.91496,92.14649,148.36018
1.115,7.85262,19.26087,42.0671,64.86048
1.125,7.91314,0.22467,-15.16076,-30.55672
1.135,7.97263,-17.43499,-68.25997,-119.09748
1.145,8.03014,-30.07442,-106.2964,-182.53534
1.155,8.08438,-34.9347,-120.98821,-207.06197
1.165,8.1343,-30.78284,-108.63208,-186.5007
1.175,8.17863,-18.27161,-71.18387,-124.11138
1.185,8.21646,0.08968,-16.17204,-32.44422
1.195,8.24643,20.38489,44.65452,68.91496
1.205,8.26769,38.09617,97.74342,157.37831
1.215,8.27944,49.11038,130.75928,212.39085
1.225,8.28106,50.70648,135.54271,220.35974
1.235,8.27204,42.28245,110.29044,178.28152
1.245,8.25224,25.62219,60.35312,95.07188
1.255,8.22152,4.59274,-2.67203,-9.94606
1.265,8.18048,-15.70286,-63.47816,-111.26445
1.275,8.12959,-30.1486,-106.7172,-183.30173
1.285,8.06968,-34.92999,-120.94406,-206.97765
1.295,8.00208,-28.60094,-101.82115,-175.05963
1.305,7.92847,-12.59575,-53.65482,-94.72733
1.315,7.85041,9.00216,11.29759,13.58273
1.325,7.77015,30.43436,75.75341,121.0606
1.335,7.69003,45.77309,121.92625,198.06197
1.345,7.61248,50.57908,136.49634,222.39238
1.355,7.54011,43.24317,114.63417,186.0054
1.365,7.47554,25.59846,61.83297,98.05267
1.375,7.42106,2.55996,-7.1715,-16.9149
1.385,7.37888,-19.17917,-72.30652,-125.44858
1.395,7.35094,-33.07556,-113.94354,-194.83189
1.405,7.33812,-34.74275,-118.9218,-203.1236
1.415,7.34149,-23.41872,-84.95436,-146.50941
1.425,7.36079,-2.38386,-21.88466,-41.39948
1.435,7.39575,21.88794,50.86195,79.82294
1.445,7.44476,41.66335,110.0871,178.49345
1.455,7.50617,50.42089,136.23343,222.02391
1.465,7.57789,45.06816,120.03252,194.97563
1.475,7.65771,27.14289,66.10113,105.04373
1.485,7.7425,2.50613,-7.97627,-18.47104
1.495,7.82994,-20.47696,-77.10202,-133.74182
1.505,7.91697,-33.7439,-117.08044,-200.43651
1.515,8.00085,-32.40211,-113.22333,-194.06461
1.525,8.0788,-16.62884,-66.05579,-115.49799
1.535,8.14825,8.16293,8.18375,8.19385
1.545,8.20678,33.07785,82.81053,132.53084
1.555,8.25206,48.89262,130.16023,211.41077
1.565,8.28237,49.51508,131.96602,214.39838
1.575,8.29605,34.44372,86.72798,138.99771
1.585,8.29221,9.20454,11.02117,12.82767
1.595,8.27048,-16.547,-66.19091,-115.84644
1.605,8.23085,-32.66648,-114.47417,-196.29852
1.615,8.17433,-32.56076,-114.04494,-195.54739
1.625,8.10232,-16.01001,-64.24545,-112.49481
1.635,8.01735,10.47387,15.37929,20.27431
1.645,7.92232,36.06896,92.35259,148.623
1.655,7.82097,50.00652,134.36374,218.7023
1.665,7.71741,46.14602,122.98904,199.81297
1.675,7.6164,25.80266,62.16439,98.51196
1.685,7.52295,-2.51958,-22.6136,-42.71945
1.695,7.44186,-26.56941,-94.60447,-162.65598
1.705,7.37768,-35.64073,-121.69373,-207.76799
1.715,7.33431,-25.44364,-91.01405,-156.60338
1.725,7.31436,-0.30812,-15.5636,-30.83258
1.735,7.3193,28.46877,70.75697,113.03103
1.745,7.34927,47.60018,128.08704,208.55388
1.755,7.40263,47.97388,129.1002,210.20461
1.765,7.47661,29.13807,72.44872,115.74277
1.775,7.56715,-0.15138,-15.59797,-31.05779
1.785,7.66958,-25.82872,-92.83778,-159.86372
1.795,7.77873,-35.21808,-121.22727,-207.25735
1.805,7.88904,-23.37205,-85.90716,-148.45993
1.815,7.99526,4.1581,-3.52521,-11.22056
1.825,8.09242,33.74073,85.02759,136.30106
1.835,8.17572,50.33953,134.65355,218.94914
1.845,8.2412,45.23093,119.19738,193.14587
1.855,8.28548,20.78728,45.782,70.7645
1.865,8.30611,-10.37565,-47.74774,-85.13121
1.875,8.30155,-31.75587,-111.88326,-192.02739
1.885,8.27145,-31.71253,-111.69391,-191.69305
1.895,8.21645,-9.97342,-46.36279,-82.76447
1.905,8.1388,21.81527,49.16016,76.49448
1.915,8.04173,46.13628,122.31345,198.47462
1.925,7.92988,49.2192,131.78394,214.32979
1.935,7.80914,28.96351,71.26183,113.54604
1.945,7.68638,-3.45544,-25.74753,-48.05162
1.955,7.56896,-29.57841,-103.88577,-178.21036
1.965,7.46488,-34.16858,-117.45063,-200.75298
1.975,7.38123,-14.28464,-57.62819,-100.98736
1.985,7.32465,18.56222,41.0274,63.47982
1.995,7.29969,44.83479,119.89093,194.92889
2.005,7.3087,48.53809,130.98096,213.40259
2.015,7.3512,27.11243,66.62267,106.11689
2.025,7.42454,-6.5474,-34.50158,-62.46959
2.035,7.52342,-31.61924,-109.91884,-188.23746
2.045,7.64068,-32.18784,-111.86008,-191.5527
2.055,7.76835,-7.50557,-38.06411,-68.6368
2.065,7.89795,27.03876,65.31093,103.56999
2.075,8.02106,49.34545,131.98062,214.59737
2.085,8.12995,44.79835,118.1218,191.42722
2.095,8.2179,16.1085,31.88061,47.64066
2.105,8.27934,-17.94715,-70.41003,-122.88618
2.115,8.31034,-34.605,-120.44957,-206.31216
2.125,8.30848,-22.37815,-83.7633,-145.16354
2.135,8.27323,10.76196,15.73112,20.68984
2.145,8.20603,42.27317,110.39644,178.50522
2.155,8.11045,50.24594,134.50304,218.74188
2.165,7.99207,28.75566,70.27239,111.77538
2.175,7.85831,-7.47138,-38.13998,-68.82068
2.185,7.71864,-32.92064,-114.21271,-195.52299
2.195,7.58334,-29.28573,-103.03791,-176.80872
2.205,7.46332,1.06225,-11.74965,-24.57426
2.215,7.36906,36.20653,93.86971,151.51775
2.225,7.30947,50.26983,136.17462,222.05873
2.235,7.29049,32.52631,82.98491,133.42661
2.245,7.31453,-4.12405,-27.01208,-49.91397
2.255,7.37986,-32.21827,-111.42934,-190.65996
2.265,7.48068,-30.22847,-105.66185,-181.11522
2.275,7.60802,0.73071,-13.03435,-26.81293
2.285,7.75072,37.12,95.84653,154.55772
2.295,7.89697,50.71416,136.33331,221.93272
2.305,8.03492,30.67007,75.92879,121.17272
2.315,8.15389,-7.39978,-38.51657,-69.64581
2.325,8.24467,-33.18569,-116.06011,-198.95222
2.335,8.30047,-25.71146,-93.74792,-161.8006
2.345,8.3166,9.35989,11.43786,13.50498
2.355,8.29158,43.63686,114.31583,184.98004
2.365,8.22638,48.81784,129.98721,211.13895
2.375,8.12531,20.23271,44.43789,68.63094
2.385,7.9956,-18.60856,-71.82732,-125.0594
2.395,7.84724,-35.11693,-121.05956,-207.02095
2.405,7.69273,-15.1213,-60.76057,-106.41427
2.415,7.54596,24.49756,58.39067,92.27115
2.425,7.42148,49.6,133.94228,218.26512
2.435,7.33245,38.08601,99.57935,161.05513
2.445,7.28913,-0.39159,-15.76368,-31.14937
2.455,7.29687,-32.13578,-111.01585,-189.9153
2.465,7.35559,-28.80191,-101.13189,-173.48128
2.475,7.45912,7.02144,6.13586,5.23693
2.485,7.59641,43.3657,114.89103,186.39893
2.495,7.75323,47.25417,126.24131,205.20915
2.505,7.91369,14.92422,28.9351,42.93279
2.515,8.06253,-23.9804,-88.07806,-152.19133
2.525,8.18588,-33.18962,-115.95469,-198.7383
2.535,8.27255,-3.67254,-27.57208,-51.48394
2.545,8.31482,37.14977,94.80927,152.45525
2.555,8.30841,50.59962,135.16829,219.71918
2.565,8.25354,23.5244,54.05641,84.57592
2.575,8.15409,-18.39437,-71.5015,-124.62189
2.585,8.01862,-34.65925,-120.02867,-205.41635
2.595,7.85915,-9.23219,-43.42501,-77.63082
2.605,7.69138,33.08351,83.85746,134.61774
2.615,7.53305,50.3126,135.8568,221.38164
2.625,7.40229,24.86863,59.78988,94.6966
2.635,7.31543,-18.16312,-69.13201,-120.11614
2.645,7.2839,-35.43071,-120.87603,-206.34169
2.655,7.3126,-9.1129,-41.97601,-74.85378
2.665,7.39866,34.18514,87.74617,141.29195
2.675,7.53121,49.92921,134.7097,219.4702
2.685,7.69412,21.60501,49.4158,77.21213
2.695,7.86813,-21.34956,-79.7969,-138.25963
2.705,8.03336,-33.58529,-116.83701,-200.1077
2.715,8.17198,-1.67629,-21.38235,-41.10091
2.725,8.26934,40.78416,105.8026,170.80641
2.735,8.31523,48.28913,128.22353,208.14064
2.745,8.30495,12.45045,20.7324,29.00259
2.755,8.23879,-28.03971,-100.60863,-173.19305
2.765,8.12271,-28.84857,-102.80409,-176.77623
2.775,7.96838,11.14071,17.47647,23.80103
2.785,7.79224,47.65754,127.37493,207.07535
2.795,7.61469,39.63716,103.66934,167.68495
2.805,7.4578,-4.44118,-28.24929,-52.07063
2.815,7.34298,-35.07897,-119.93796,-204.8167
2.825,7.28707,-17.33436,-66.58972,-115.86119
2.835,7.29895,28.76856,71.69647,114.60988
2.845,7.3777,50.22399,135.90109,221.55785
2.855,7.51252,21.97543,50.88995,79.78966
2.865,7.68437,-23.2055,-84.99769,-146.80617
2.875,7.86993,-32.1066,-112.07401,-192.06027
2.885,8.04524,6.29919,2.79755,-0.71629
2.895,8.18864,46.81822,124.06459,201.29437
2.905,8.28312,41.05206,106.57795,172.08781
2.915,8.31751,-4.30638,-29.56311,-54.83192
2.925,8.28744,-34.49242,-120.0654,-205.65601
2.935,8.1958,-12.57036,-54.11255,-95.66792
2.945,8.05256,34.83671,88.39492,141.93974
2.955,7.87453,49.19381,131.81895,214.42599
2.965,7.68396,12.20678,21.24272,30.26592
2.975,7.50698,-30.48407,-106.47955,-182.49268
2.985,7.36966,-25.42424,-91.02538,-156.64394
2.995,7.29402,21.19094,48.97446,76.74435
3.005,7.2931,50.26583,136.196,222.10622
3.015,7.36797,24.4549,58.61709,92.76396
3.025,7.50706,-23.33313,-85.02607,-146.73561
3.035,7.68852,-31.21799,-109.0453,-186.89156
3.045,7.88478,11.57016,18.93137,26.28
3.055,8.06738,49.57675,132.58199,215.56947
3.065,8.21113,32.91246,82.30408,131.68105
3.075,8.29702,-16.56411,-66.29644,-116.04264
3.085,8.31356,-33.05664,-115.8102,-198.58141
3.095,8.25847,5.79057,0.8461,-4.10964
3.105,8.13808,47.94799,127.55549,207.14667
3.115,7.96746,36.16435,92.54668,148.91399
3.125,7.76995,-14.08759,-57.81298,-101.55213
3.135,7.5743,-34.45637,-118.53195,-202.62668
3.145,7.41154,3.09141,-5.55881,-14.22204
3.155,7.30958,46.72991,125.55676,204.36505
3.165,7.28749,35.58704,92.17376,148.74329
3.175,7.35002,-15.12673,-60.09156,-105.07198
3.185,7.48683,-34.17847,-117.5239,-200.88924
3.195,7.67394,5.79004,2.01207,-1.77889
3.205,7.87985,48.50351,129.73727,210.95314
3.215,8.07142,33.10873,83.17191,133.22025
3.225,8.2193,-18.37719,-71.58102,-124.799
3.235,8.3018,-31.51691,-111.16747,-190.83519
3.245,8.30692,13.15585,22.84495,32.5229
3.255,8.23357,50.70754,135.64262,220.56056
3.265,8.0915,25.80751,61.22958,96.63856
3.275,7.90107,-25.34319,-91.84364,-158.35936
3.285,7.69151,-27.19949,-96.99432,-166.80586
3.295,7.49746,23.04116,54.1185,85.1829
3.305,7.35385,50.05639,135.44656,220.81754
3.315,7.28862,12.76766,23.71514,34.64863
3.325,7.31573,-32.77586,-112.97338,-193.19002
3.335,7.43076,-17.18793,-66.43715,-115.70244
3.345,7.61167,36.1824,93.31229,150.42667
3.355,7.82444,45.65217,121.29413,196.91824
3.365,8.03107,-3.40134,-26.27584,-49.16373
3.375,8.19646,-34.76892,-120.71323,-206.67598
3.385,8.29376,0.90599,-13.87859,-28.67516
3.395,8.30752,48.12724,127.7544,207.36519
3.405,8.23523,32.45357,80.87995,129.29225
3.415,8.0876,-21.72411,-81.35841,-141.00748
3.425,7.88789,-28.48414,-101.24056,-174.01395
3.435,7.66959,22.98763,53.61397,84.22762
3.445,7.47259,49.86201,134.62674,219.37256
3.455,7.3358,8.25393,10.0799,11.89215
3.465,7.2885,-34.79235,-118.96853,-203.16452
3.475,7.34211,-9.05006,-41.84503,-74.65484
3.485,7.48574,43.69613,116.10404,188.49461
3.495,7.68965,36.83223,95.10521,153.36166
3.505,7.91287,-18.30149,-70.74141,-123.19655
3.515,8.11283,-29.86407,-105.83089,-181.81509
3.525,8.25341,22.01705,49.53492,77.04073
3.535,8.31004,50.71655,135.51643,220.29903
3.545,8.273,7.74666,6.68504,5.61139
3.555,8.14785,-34.44848,-119.6544,-204.87784
3.565,7.95573,-4.15369,-28.38227,-52.62309
3.575,7.73112,46.85199,125.08125,203.29369
3.585,7.51705,30.61327,76.79454,122.96083
3.595,7.35851,-25.48658,-91.1893,-156.90904
3.605,7.29151,-24.52103,-88.15883,-151.814
3.615,7.33255,32.01625,81.37234,130.71333
3.625,7.47304,45.44391,121.37199,197.28156
3.635,7.68158,-7.8637,-38.96483,-70.08043
3.645,7.91266,-33.7044,-116.95254,-200.21935
3.655,8.11872,14.29791,26.64701,38.98389
3.665,8.25936,51.23244,137.1653,223.08054
3.675,8.30833,11.11758,16.72692,22.32396
3.685,8.25631,-34.17234,-119.04288,-203.93088
3.695,8.11237,-2.90339,-24.9442,-46.99719
3.705,7.90287,48.30095,129.08427,209.85088
3.715,7.66891,25.85227,62.20825,98.55029
3.725,7.46028,-29.87421,-104.55642,-179.25623
3.735,7.32509,-16.894,-65.34378,-113.8091
3.745,7.29688,40.9222,108.16019,175.38126
3.755,7.38381,36.49808,94.71389,152.91293
3.765,7.56533,-22.06985,-81.35245,-140.65173
3.775,7.79808,-25.1662,-91.10741,-157.06543
3.785,8.02889,33.66108,84.91464,136.15398
3.795,8.20822,44.08704,115.83245,187.56158
3.805,8.29917,-13.55332,-57.26837,-100.99714
3.815,8.28359,-29.7385,-105.79498,-181.86804
3.825,8.16423,26.61159,63.49681,100.36969
3.835,7.96426,47.49291,126.5374,205.56523
3.845,7.72502,-7.81901,-38.91723,-70.02884
3.855,7.4998,-33.05686,-114.18398,-195.32957
3.865,7.34316,20.54952,46.95211,73.34123
3.875,7.29619,48.50711,130.91479,213.30359
3.885,7.37253,-4.12491,-27.13035,-50.15035
3.895,7.55277,-34.05204,-117.27588,-200.51889
3.905,7.7909,18.22049,39.06992,59.90627
3.915,8.02885,49.81417,133.37149,216.91096
3.925,8.2117,-1.81965,-21.89191,-41.97729
3.935,8.2995,-33.50632,-117.13097,-200.77303
3.945,8.27339,18.56821,39.14874,59.71763
3.955,8.13834,49.78988,133.0799,216.35292
3.965,7.92296,-3.30743,-25.77805,-48.26158
3.975,7.67533,-33.63585,-116.27179,-198.92584
3.985,7.45522,20.26768,45.88271,71.48457
3.995,7.32035,48.02827,129.42989,210.81305
4.005,7.3091,-7.7221,-37.79546,-67.8837
