ETA,Cf1,Cf2,Cf3,Cf4,Cf5
0,7.49838,7.49838,7.49838,7.49838,7.49838
0.005,7.49832,7.48754,7.46604,7.44453,7.42321
0.01,7.49836,7.45535,7.36934,7.28329,7.19754
0.015,7.49863,7.4016,7.20787,7.01437,6.82078
0.02,7.49842,7.32622,6.98204,6.63789,6.29364
0.025,7.49877,7.22987,6.69197,6.15416,5.61635
0.03,7.49875,7.11154,6.33681,5.56222,4.78765
0.035,7.49864,6.97164,5.91728,4.86306,3.80881
0.04,7.49859,6.81029,5.4333,4.05624,2.67934
0.045,7.49856,6.62737,4.88488,3.14199,1.39929
0.05,7.49853,6.42322,4.27189,2.12027,-0.0309
0.055,7.49851,6.19735,3.59454,0.99122,-1.61158
0.06,7.49879,5.95017,2.85262,-0.24501,-3.3426
0.065,7.49874,5.68124,2.04629,-1.58873,-5.22373
0.07,7.49886,5.39116,1.17582,-3.03959,-7.25485
0.075,7.49904,5.07977,0.24138,-4.59711,-9.43563
0.08,7.4988,4.74668,-0.75747,-6.26178,-11.76589
0.085,7.49871,4.39257,-1.8199,-8.03251,-14.24525
0.09,7.4988,4.01707,-2.94614,-9.90964,-16.87336
0.095,7.49882,3.62065,-4.13586,-11.89261,-19.64947
0.1,7.49897,3.20318,-5.38871,-13.98079,-22.57307
0.105,7.49902,2.76464,-6.70447,-16.17395,-25.64348
0.11,7.49925,2.30543,-8.08285,-18.47139,-28.86019
0.115,7.49934,1.8254,-9.52343,-20.87239,-32.22192
0.12,7.4995,1.32471,-11.02548,-23.37644,-35.72774
0.125,7.49969,0.80361,-12.58894,-25.9825,-39.3765
0.13,7.49976,0.2625,-14.21307,-28.68953,-43.16656
0.135,7.50012,-0.29876,-15.89702,-31.49634,-47.09658
0.14,7.50029,-0.87959,-17.64023,-34.40204,-51.16484
0.145,7.50083,-1.47979,-19.44164,-37.40496,-55.36943
0.15,7.50113,-2.09906,-21.30077,-40.50354,-59.70792
0.155,7.5018,-2.73711,-23.21611,-43.69613,-64.17839
0.16,7.50209,-3.39355,-25.18685,-46.98137,-68.77784
0.165,7.50262,-4.06814,-27.21142,-50.35656,-73.50353
0.17,7.50298,-4.76024,-29.28877,-53.81945,-78.35247
0.175,7.50369,-5.46918,-31.41759,-57.36784,-83.32085
0.18,7.50427,-6.19476,-33.59566,-60.99892,-88.40508
0.185,7.50476,-6.93625,-35.82169,-64.70972,-93.60113
0.19,7.50555,-7.69307,-38.09355,-68.49721,-98.90447
0.195,7.50622,-8.4644,-40.40927,-72.35773,-104.31023
0.2,7.5071,-9.24961,-42.76677,-76.28783,-109.81335
0.205,7.50828,-10.04778,-45.16346,-80.28352,-115.40849
0.21,7.50944,-10.85807,-47.59696,-84.34065,-121.08949
0.215,7.51041,-11.67974,-50.06435,-88.45441,-126.84998
0.22,7.51147,-12.5118,-52.56305,-92.62006,-132.68324
0.225,7.51286,-13.35299,-55.08961,-96.83257,-138.58214
0.23,7.51398,-14.20234,-57.64091,-101.08634,-144.53874
0.235,7.51559,-15.05871,-60.21329,-105.37534,-150.54483
0.24,7.51715,-15.92104,-62.80326,-109.69363,-156.59213
0.245,7.5186,-16.78763,-65.40665,-114.03437,-162.67122
0.25,7.52029,-17.6572,-68.01948,-118.39106,-168.77242
0.255,7.52215,-18.52845,-70.6374,-122.75636,-174.88571
0.26,7.52399,-19.39967,-73.25584,-127.12244,-181.00023
0.265,7.52601,-20.26954,-75.86977,-131.48141,-187.10486
0.27,7.52841,-21.13611,-78.47446,-135.82475,-193.18784
0.275,7.53082,-21.99775,-81.0643,-140.14388,-199.23663
0.28,7.53316,-22.85245,-83.63389,-144.42947,-205.23883
0.285,7.53583,-23.69855,-86.17775,-148.67184,-211.18068
0.29,7.5386,-24.53392,-88.68977,-152.86127,-217.04854
0.295,7.54147,-25.35643,-91.16372,-156.98756,-222.82787
0.3,7.54445,-26.16397,-93.59329,-161.03978,-228.50377
0.305,7.54756,-26.95435,-95.97165,-165.00706,-234.06073
0.31,7.55106,-27.72538,-98.29229,-168.8781,-239.48294
0.315,7.55469,-28.47477,-100.54798,-172.64098,-244.7538
0.32,7.55843,-29.19978,-102.7314,-176.28375,-249.85663
0.325,7.56224,-29.89837,-104.83532,-179.79393,-254.77394
0.33,7.56635,-30.56769,-106.85217,-183.159,-259.48837
0.335,7.57078,-31.20527,-108.77395,-186.36617,-263.98141
0.34,7.57521,-31.80848,-110.5932,-189.40199,-268.23471
0.345,7.57999,-32.37454,-112.30141,-192.25325,-272.22986
0.35,7.58492,-32.90084,-113.89082,-194.90645,-275.9476
0.355,7.59003,-33.38458,-115.35301,-197.34787,-279.3689
0.36,7.59546,-33.82318,-116.67995,-199.56352,-282.47421
0.365,7.6011,-34.21365,-117.8629,-201.5397,-285.24432
0.37,7.60696,-34.55319,-118.89384,-203.26231,-287.65948
0.375,7.61296,-34.83915,-119.76403,-204.71759,-289.7002
0.38,7.61927,-35.06858,-120.46565,-205.89174,-291.34723
0.385,7.62589,-35.23893,-120.99006,-206.77058,-292.5813
0.39,7.63278,-35.34731,-121.32943,-207.34114,-293.38324
0.395,7.63989,-35.39122,-121.47545,-207.58977,-293.73453
0.4,7.64721,-35.36802,-121.4205,-207.50331,-293.6167
0.405,7.65495,-35.27501,-121.15681,-207.06917,-293.01215
0.41,7.66287,-35.10971,-120.67722,-206.27489,-291.90344
0.415,7.67099,-34.86996,-119.97443,-205.10899,-290.27429
0.42,7.67939,-34.55346,-119.04177,-203.56017,-288.10901
0.425,7.68816,-34.15806,-117.87285,-201.61749,-285.39252
0.43,7.69735,-33.68177,-116.46175,-199.27145,-282.11111
0.435,7.70654,-33.12291,-114.80331,-196.51289,-278.25214
0.44,7.71599,-32.47957,-112.8922,-193.33362,-273.80414
0.445,7.72581,-31.75053,-110.72434,-189.72655,-268.75711
0.45,7.73596,-30.93451,-108.29601,-185.68526,-263.1022
0.455,7.74636,-30.03054,-105.60413,-181.20488,-256.83255
0.46,7.75702,-29.03773,-102.64653,-176.28157,-249.94266
0.465,7.76795,-27.9557,-99.42168,-170.91284,-242.42943
0.47,7.77912,-26.78419,-95.92879,-165.09763,-234.29092
0.475,7.79049,-25.52332,-92.16824,-158.83643,-225.52803
0.48,7.80221,-24.17344,-88.14104,-152.13092,-216.14317
0.485,7.81404,-22.73534,-83.84949,-144.98503,-206.14165
0.49,7.82618,-21.2099,-79.2967,-137.40379,-195.53076
0.495,7.83841,-19.59877,-74.48715,-129.39458,-184.32071
0.5,7.85091,-17.90375,-69.42602,-120.96608,-172.52408
0.505,7.86134,-16.12884,-64.12101,-112.12939,-160.15376
0.515,7.88765,-12.34046,-52.80653,-93.287,-133.78102
0.525,7.91465,-8.26108,-40.62132,-72.99327,-105.37698
0.535,7.94188,-3.92409,-27.66332,-51.41257,-75.17148
0.545,7.96937,0.63113,-14.05174,-28.74275,-43.44164
0.555,7.99692,5.35758,0.07372,-5.2171,-10.51456
0.565,8.02425,10.20171,14.5521,18.89634,23.23468
0.575,8.05128,15.1031,29.2025,43.29586,57.38399
0.585,8.07779,19.995,43.82512,67.64916,91.46772
0.595,8.10355,24.8053,58.20375,91.59602,124.98185
0.605,8.12845,29.45699,72.10861,114.75266,157.38928
0.615,8.1519,33.86967,85.29852,136.71823,188.12881
0.625,8.17393,37.96084,97.5261,157.08049,216.62379
0.635,8.19434,41.64689,108.54202,175.42406,242.2928
0.645,8.21266,44.84566,118.10026,191.33939,264.56317
0.655,8.22891,47.47829,125.96417,204.43243,282.8833
0.665,8.24253,49.47061,131.91267,214.33511,296.73807
0.675,8.25346,50.75657,135.74719,220.71681,305.66519
0.685,8.26134,51.27924,137.29843,223.29556,309.27036
0.695,8.26633,50.99435,136.43375,221.85031,307.24451
0.705,8.26768,49.87167,133.06323,216.2323,299.37869
0.715,8.26549,47.89829,127.14728,206.37465,285.58029
0.725,8.25977,45.07865,118.7014,192.30367,265.88556
0.735,8.25005,41.43841,107.80145,174.14589,240.47182
0.745,8.23641,37.0242,94.58753,152.13457,209.66528
0.755,8.21889,31.90468,79.26608,126.61351,173.94713
0.765,8.19712,26.17094,62.11033,98.03769,133.95401
0.775,8.17149,19.9362,43.45832,66.97104,90.47456
0.785,8.14201,13.33339,23.71029,34.07942,44.44093
0.795,8.10868,6.51471,3.32152,0.12145,-3.08521
0.805,8.07191,-0.35238,-17.2058,-34.06597,-50.93252
0.815,8.03165,-7.08837,-37.33371,-67.58646,-97.84619
0.825,7.98851,-13.50614,-56.50171,-99.50597,-142.51859
0.835,7.94268,-19.41629,-74.1421,-128.87862,-183.62561
0.845,7.89465,-24.63295,-89.69798,-154.77638,-219.86798
0.855,7.84503,-28.97999,-102.64218,-176.3205,-250.01489
0.865,7.79443,-32.29788,-112.49637,-192.714,-272.95044
0.875,7.74342,-34.44994,-118.8525,-203.27643,-287.72165
0.885,7.69268,-35.32954,-121.39112,-207.47572,-293.58368
0.895,7.64304,-34.86551,-119.90028,-204.95934,-290.04239
0.905,7.59525,-33.02797,-114.29205,-195.58046,-276.89285
0.915,7.55019,-29.83258,-104.61499,-179.42055,-254.24924
0.925,7.50858,-25.34335,-91.06272,-156.8033,-222.56509
0.935,7.47128,-19.67403,-73.97827,-128.30128,-182.64304
0.945,7.43893,-12.98769,-53.85256,-94.73339,-135.63031
0.955,7.41225,-5.49373,-31.31581,-57.15122,-83.00019
0.965,7.39196,2.55632,-7.12347,-16.81481,-26.51764
0.975,7.37844,10.87638,17.86473,24.84268,31.81017
0.985,7.37208,19.15511,42.71364,66.26157,89.79922
0.995,7.37293,27.06614,66.44413,105.81059,145.16531
1.005,7.38119,34.28224,88.07418,141.85248,195.61702
1.015,7.39666,40.48788,106.65807,172.81184,238.94885
1.025,7.41923,45.39538,121.33318,197.25146,273.15005
1.035,7.4483,48.75872,131.36269,213.9442,296.50345
1.045,7.48395,50.38793,136.17812,221.94377,307.68512
1.055,7.52507,50.16184,135.41718,220.64702,305.85175
1.065,7.57122,48.03843,128.95471,209.84633,290.71289
1.075,7.6218,44.06187,116.92483,189.76492,262.58191
1.085,7.67606,38.36611,99.73125,161.07622,222.40094
1.095,7.73325,31.17479,78.04556,124.89926,171.73633
1.105,7.79231,22.79526,52.79078,82.77272,112.74087
1.115,7.85262,13.60804,25.11064,36.6022,48.08265
1.125,7.91314,4.05263,-3.6752,-11.41269,-19.15975
1.135,7.97263,-5.39277,-32.13054,-58.87778,-85.63436
1.145,8.03014,-14.23449,-58.77146,-103.31889,-147.87694
1.155,8.08438,-21.98869,-82.14445,-142.31294,-202.49413
1.165,8.1343,-28.20983,-100.90961,-173.62485,-246.35555
1.175,8.17863,-32.51714,-113.92239,-195.34573,-276.78729
1.185,8.21646,-34.62125,-120.31161,-206.022,-291.75262
1.195,8.24643,-34.34611,-119.54677,-204.7682,-290.01053
1.205,8.26769,-31.64634,-111.48949,-191.35284,-271.23645
1.215,8.27944,-26.61766,-96.42592,-166.25237,-236.097
1.225,8.28106,-19.49998,-75.07365,-130.66289,-186.26761
1.235,8.27204,-10.66994,-48.56319,-86.46891,-124.38714
1.245,8.25224,-0.6261,-18.39025,-36.16427,-53.94796
1.255,8.22152,10.03584,13.65829,17.27221,20.87797
1.265,8.18048,20.65677,45.6032,70.54117,95.47101
1.275,8.12959,30.55297,75.39246,120.22203,165.04193
1.285,8.06968,39.06084,101.03378,162.99396,224.94176
1.295,8.00208,45.5829,120.73254,195.86621,270.98404
1.305,7.92847,49.6323,133.02588,216.40036,299.75595
1.315,7.85041,50.87292,136.90237,222.91077,308.89783
1.325,7.77015,49.15165,131.89847,214.62354,297.32687
1.335,7.69003,44.51865,118.16068,191.78175,265.38232
1.345,7.61248,37.23552,96.46778,155.68176,214.87747
1.355,7.54011,27.76643,68.20777,108.63367,149.04443
1.365,7.47554,16.75554,35.30621,53.8442,72.36973
1.375,7.42106,4.98621,0.1083,-4.78081,-9.681
1.385,7.37888,-6.67071,-34.77847,-62.89778,-91.02831
1.395,7.35094,-17.32108,-66.67477,-116.04214,-165.42287
1.405,7.33812,-26.11605,-93.03668,-159.97412,-226.92834
1.415,7.34149,-32.32293,-111.66672,-191.03087,-270.41534
1.425,7.36079,-35.39034,-120.90987,-206.45255,-292.01828
1.435,7.39575,-35.00272,-119.81766,-204.65674,-289.52002
1.445,7.44476,-31.11851,-108.26227,-185.42912,-262.61926
1.455,7.50617,-23.98671,-86.98772,-150.00926,-213.05122
1.465,7.57789,-14.14042,-57.58972,-101.05586,-144.53868
1.475,7.65771,-2.36401,-22.41748,-42.48434,-62.56444
1.485,7.7425,10.36319,15.59575,20.81698,26.02704
1.495,7.82994,22.945,53.16677,83.37724,113.57664
1.505,7.91697,34.26196,86.94218,139.60948,192.26392
1.515,8.00085,43.27151,113.80093,184.31461,254.81252
1.525,8.0788,49.10851,131.15388,213.18053,295.18845
1.535,8.14825,51.17441,137.21112,223.22743,309.22321
1.545,8.20678,49.20588,131.18837,213.15067,295.0925
1.555,8.25206,43.31549,113.42857,183.52321,253.59949
1.565,8.28237,33.99852,85.41973,136.82564,188.21657
1.575,8.29605,22.10032,49.70016,77.28816,104.86449
1.585,8.29221,8.74831,9.65358,10.54906,11.43528
1.595,8.27048,-4.74918,-30.79506,-56.85046,-82.91492
1.605,8.23085,-17.02905,-67.55692,-118.09602,-168.64603
1.615,8.17433,-26.81173,-96.79445,-166.79152,-236.80278
1.625,8.10232,-33.03908,-115.33514,-197.64897,-279.98044
1.635,8.01735,-34.99602,-121.03779,-207.09946,-293.18097
1.645,7.92232,-32.40228,-113.06638,-193.75082,-274.45523
1.655,7.82097,-25.46094,-92.03819,-158.63365,-225.24742
1.665,7.71741,-14.85707,-60.0171,-105.19246,-150.38269
1.675,7.6164,-1.70153,-20.34618,-39.00303,-57.67205
1.685,7.52295,12.57667,22.67593,32.76445,42.84202
1.695,7.44186,26.37874,64.24345,102.09634,139.93735
1.705,7.37768,38.11455,99.5771,161.0246,222.45695
1.715,7.33431,46.38808,124.48145,202.55594,280.61099
1.725,7.31436,50.16912,135.8622,221.53307,307.18137
1.735,7.3193,48.93195,132.1398,215.32442,298.48581
1.745,7.34927,42.73865,113.50122,184.24232,254.96182
1.755,7.40263,32.25589,81.94872,131.62361,181.28035
1.765,7.47661,18.69674,41.12633,63.54157,85.94225
1.775,7.56715,3.69224,-4.06678,-11.83808,-19.62187
1.785,7.66958,-10.89806,-48.04256,-85.19984,-122.36996
1.795,7.77873,-23.21338,-85.20869,-147.21918,-209.24496
1.805,7.88904,-31.63214,-110.68828,-189.76268,-268.85556
1.815,7.99526,-34.99237,-120.9827,-206.9937,-293.02542
1.825,8.09242,-32.76275,-114.48802,-196.23381,-278.00009
1.835,8.17572,-25.13878,-91.78128,-158.44144,-225.1196
1.845,8.2412,-13.0451,-55.62832,-98.22546,-140.83675
1.855,8.28548,1.96247,-10.69175,-23.35679,-36.03255
1.865,8.30611,17.88559,37.03701,56.17884,75.31117
1.875,8.30155,32.54372,81.01969,129.48442,177.93803
1.885,8.27145,43.87286,115.06454,186.24179,257.40457
1.895,8.21645,50.22136,134.21759,218.19586,302.15631
1.905,8.1388,50.60265,135.51572,220.40924,305.28326
1.915,8.04173,44.86189,118.48835,192.09639,265.68585
1.925,7.92988,33.72971,85.31754,136.89008,188.44696
1.935,7.80914,18.74725,40.61419,62.46883,84.31117
1.945,7.68638,2.06748,-9.17846,-20.4352,-31.70292
1.955,7.56896,-13.84668,-56.68725,-99.54002,-142.40521
1.965,7.46488,-26.58455,-94.69533,-162.82198,-230.96475
1.975,7.38123,-34.15926,-117.25532,-200.37141,-283.50754
1.985,7.32465,-35.33036,-120.65724,-206.00633,-291.37772
1.995,7.29969,-29.82455,-104.08936,-178.37526,-252.6826
2.005,7.3087,-18.41254,-69.86859,-121.34238,-172.83412
2.015,7.3512,-2.82292,-23.1821,-43.55527,-63.94278
2.025,7.42454,14.50395,28.65304,42.78994,56.91419
2.035,7.52342,30.7881,77.30724,123.8129,170.30447
2.045,7.64068,43.35599,114.77386,186.17476,257.55832
2.055,7.76835,50.08621,134.70682,219.3073,303.88721
2.065,7.89795,49.78414,133.54086,217.27666,300.9913
2.075,8.02106,42.41393,111.18594,179.93932,248.67368
2.085,8.12995,29.14328,71.15892,113.16003,155.14624
2.095,8.2179,12.18124,20.09932,28.0062,35.90147
2.105,8.27934,-5.57178,-33.28231,-61.00324,-88.73512
2.115,8.31034,-21.01152,-79.66482,-138.33104,-197.01031
2.125,8.30848,-31.37291,-110.74824,-190.1398,-269.54819
2.135,8.27323,-34.73817,-120.77532,-206.83121,-292.9061
2.145,8.20603,-30.4094,-107.65434,-184.9174,-262.19897
2.155,8.11045,-19.0761,-73.46103,-127.86102,-182.27638
2.165,7.99207,-2.73295,-24.192,-45.66279,-67.14542
2.175,7.85831,15.64961,31.22388,46.78775,62.34105
2.185,7.71864,32.65102,82.50612,132.34865,182.17863
2.195,7.58334,45.03366,119.92142,194.7926,269.64679
2.205,7.46332,50.36741,136.16042,221.93286,307.68463
2.215,7.36906,47.52313,127.81548,208.0867,288.3364
2.225,7.30947,36.93341,96.16731,155.38268,214.57932
2.235,7.29049,20.55767,47.08076,73.58916,100.08236
2.245,7.31453,1.54362,-10.0081,-21.5726,-33.15041
2.255,7.37986,-16.36272,-63.85909,-111.36965,-158.8949
2.265,7.48068,-29.5509,-103.62782,-177.72256,-251.83577
2.275,7.60802,-35.28212,-121.07829,-206.89525,-292.73346
2.285,7.75072,-32.27701,-112.34829,-192.44031,-272.55319
2.295,7.89697,-21.02495,-78.88182,-136.75606,-194.64767
2.305,8.03492,-3.73724,-27.29155,-50.85879,-74.43923
2.315,8.15389,16.06273,31.87204,47.67041,63.45765
2.325,8.24467,34.24438,86.23415,138.2113,190.17599
2.335,8.30047,46.93035,124.17796,201.40938,278.62451
2.345,8.3166,51.33754,137.36536,223.3743,309.3645
2.355,8.29158,46.41186,122.63879,198.84763,275.0383
2.365,8.22638,33.10883,82.86276,132.60205,182.32652
2.375,8.12531,14.24326,26.47078,38.68685,50.89136
2.385,7.9956,-6.08195,-34.24532,-62.4198,-90.60529
2.395,7.84724,-23.35584,-85.7726,-148.20355,-210.64885
2.405,7.69273,-33.66566,-116.39631,-199.14545,-281.91321
2.415,7.54596,-34.60343,-118.91765,-203.25244,-287.60788
2.425,7.42148,-25.86039,-92.43853,-159.03543,-225.6512
2.435,7.33245,-9.35772,-42.74941,-76.1561,-109.57773
2.445,7.28913,11.1408,18.83454,26.51568,34.18409
2.455,7.29687,30.86246,77.98262,125.08861,172.18044
2.465,7.35559,45.12985,120.66425,196.18045,271.67825
2.475,7.45912,50.48128,136.50958,222.5166,308.50208
2.485,7.59641,45.53886,121.40836,197.25742,273.08585
2.495,7.75323,31.39935,78.67925,125.94272,173.18961
2.505,7.91369,11.43303,18.4621,25.47855,32.48198
2.515,8.06253,-9.48604,-44.59244,-79.71103,-114.8423
2.525,8.18588,-26.15306,-94.84238,-163.54686,-232.26698
2.535,8.27255,-34.32988,-119.54874,-204.78595,-290.04178
2.545,8.31482,-31.84372,-112.17451,-192.52379,-272.89182
2.555,8.30841,-19.19746,-74.22091,-129.25941,-184.3131
2.565,8.25354,0.48471,-15.06149,-30.6189,-46.18776
2.575,8.15409,22.19546,50.27008,78.33398,106.38723
2.585,8.01862,40.29742,104.84461,169.37767,233.89687
2.595,7.85915,49.98712,134.22919,218.45299,302.65845
2.605,7.69138,48.58832,130.36739,212.12677,293.86642
2.615,7.53305,36.32346,93.89143,151.44217,208.97566
2.625,7.40229,16.33373,34.18621,52.02491,69.85013
2.635,7.31543,-6.0917,-32.91578,-59.75299,-86.60325
2.645,7.2839,-24.895,-89.26521,-153.65187,-218.05502
2.655,7.3126,-34.89096,-119.3138,-203.75719,-288.22122
2.665,7.39866,-33.22171,-114.47858,-195.75662,-277.056
2.675,7.53121,-20.2126,-75.71359,-131.23225,-186.76855
2.685,7.69412,0.63658,-13.4888,-27.62735,-41.77935
2.695,7.86813,23.55538,54.9202,86.27258,117.61266
2.705,8.03336,42.08534,110.17738,178.25403,246.31526
2.715,8.17198,50.90747,136.3643,221.80243,307.22177
2.725,8.26934,47.40277,125.65559,203.89017,282.10614
2.735,8.31523,32.47729,80.78995,129.08801,177.37132
2.745,8.30495,10.38279,14.52995,18.66584,22.79014
2.755,8.23879,-12.45197,-53.84246,-95.24482,-136.65923
2.765,8.12271,-29.27757,-104.08997,-178.9183,-253.76251
2.775,7.96838,-35.02913,-121.03857,-207.06702,-293.11459
2.785,7.79224,-27.89244,-99.27564,-170.67677,-242.09601
2.795,7.61469,-9.92903,-45.02737,-80.13982,-115.26642
2.805,7.4578,13.46187,25.46053,37.44717,49.42182
2.815,7.34298,35.12493,90.67738,146.21533,201.73865
2.825,7.28707,48.32577,130.38855,212.43184,294.45563
2.835,7.29895,48.86031,131.9671,215.05266,298.11685
2.845,7.3777,36.4355,94.53723,152.62062,210.68567
2.855,7.51252,14.856,29.53225,44.19437,58.84226
2.865,7.68437,-9.08871,-42.64493,-76.21464,-109.79797
2.875,7.86993,-27.72916,-98.9399,-170.16739,-241.41164
2.885,8.04524,-34.97195,-121.02083,-207.08936,-293.17746
2.895,8.18864,-28.31948,-101.34947,-174.39746,-247.46347
2.905,8.28312,-9.77746,-45.90912,-82.05432,-118.21294
2.915,8.31751,14.69603,27.44472,40.18238,52.90935
2.925,8.28744,37.06781,94.61868,152.15633,209.68108
2.935,8.1958,49.85892,133.17213,216.46799,299.74658
2.945,8.05256,48.66776,129.88434,211.08234,292.26163
2.955,7.87453,33.73036,85.43062,137.11546,188.78448
2.965,7.68396,9.95214,14.47935,18.99423,23.49654
2.975,7.50698,-14.65934,-59.00231,-103.35878,-147.72896
2.985,7.36966,-31.67456,-109.77667,-187.89708,-266.03589
2.995,7.29402,-35.1512,-120.0574,-204.98441,-289.93259
3.005,7.2931,-23.7624,-85.88721,-148.03047,-210.19229
3.015,7.36797,-1.36562,-18.84359,-36.3356,-53.84164
3.025,7.50706,24.24407,57.70786,91.15846,124.59564
3.035,7.68852,44.01892,116.66682,189.29787,261.91187
3.045,7.88478,50.86578,136.81281,222.7401,308.64758
3.055,8.06738,42.24151,110.57644,178.89371,247.19307
3.065,8.21113,21.16919,47.07538,72.96844,98.84801
3.075,8.29702,-4.74777,-30.84601,-56.956,-83.07792
3.085,8.31356,-26.02177,-94.70343,-163.40022,-232.11188
3.095,8.25847,-34.74892,-120.77731,-206.82416,-292.88925
3.105,8.13808,-27.58453,-99.04269,-170.51797,-242.01048
3.115,7.96746,-7.09272,-37.22306,-67.36651,-97.5229
3.125,7.76995,19.09511,41.73645,64.366,86.98417
3.135,7.5743,41.06878,108.04596,175.00757,241.95383
3.145,7.41154,50.37671,136.29201,222.18735,308.06281
3.155,7.30958,43.30303,115.27512,187.22786,259.16104
3.165,7.28749,22.40889,52.64036,82.85654,113.0573
3.175,7.35002,-4.32587,-27.68791,-51.06365,-74.45337
3.185,7.48683,-26.50211,-94.49279,-162.50037,-230.5251
3.195,7.67394,-35.33984,-121.38284,-207.44589,-293.52939
3.205,7.87985,-27.18672,-97.33398,-167.4995,-237.68335
3.215,8.07142,-5.08695,-31.41404,-57.75432,-84.10799
3.225,8.2193,22.28919,50.4198,78.53876,106.64599
3.235,8.3018,44.0108,115.41689,186.80804,258.18396
3.245,8.30692,51.25859,137.14783,223.01909,308.87186
3.255,8.23357,40.95884,106.39668,171.81834,237.22343
3.265,8.0915,17.15948,35.28584,53.40001,71.50147
3.275,7.90107,-10.48672,-47.27193,-84.06956,-120.87991
3.285,7.69151,-30.60452,-107.20944,-183.83147,-260.47058
3.295,7.49746,-34.79385,-119.39171,-204.00937,-288.64722
3.305,7.35385,-21.20979,-78.35012,-135.50764,-192.6824
3.315,7.28862,4.53497,-0.98251,-6.5133,-12.05735
3.325,7.31573,31.6048,80.17166,128.72403,177.26204
3.335,7.43076,48.46623,130.52264,212.56006,294.57819
3.345,7.61167,47.82392,128.2334,208.62299,288.99249
3.355,7.82444,29.85297,73.89828,117.92804,161.94182
3.365,8.03107,2.26557,-9.27502,-20.82811,-32.39393
3.375,8.19646,-22.91718,-85.15568,-147.40884,-209.677
3.385,8.29376,-34.56923,-120.30898,-206.06686,-291.84317
3.395,8.30752,-27.40467,-98.84206,-170.29631,-241.76765
3.405,8.23523,-4.44763,-29.82297,-55.21067,-80.61083
3.415,8.0876,24.15467,56.27979,88.39331,120.49524
3.425,7.88789,45.55703,120.8833,196.19348,271.48743
3.435,7.66959,49.97771,134.57916,219.16151,303.72446
3.445,7.47259,35.21246,90.67958,146.12997,201.56351
3.455,7.3358,7.80011,8.7186,9.6238,10.51536
3.465,7.2885,-19.80294,-73.99747,-128.20734,-182.43297
3.475,7.34211,-34.85976,-119.27838,-203.71684,-288.17557
3.485,7.48574,-30.26267,-105.77415,-181.30504,-256.8558
3.495,7.68965,-7.96618,-39.28886,-70.62589,-101.97766
3.505,7.91287,21.75319,49.42409,77.08259,104.72851
3.515,8.11283,44.98278,118.71031,192.42197,266.11752
3.525,8.25341,50.70298,135.58817,220.45497,305.30328
3.535,8.31004,36.08946,91.63665,147.16856,202.68494
3.545,8.273,8.01478,7.48971,6.95279,6.40393
3.555,8.14785,-20.08995,-76.57583,-133.07544,-189.58899
3.565,7.95573,-34.6284,-119.81052,-205.01079,-290.22949
3.575,7.73112,-28.46273,-100.8639,-173.28291,-245.71986
3.585,7.51705,-4.52376,-28.61582,-52.72129,-76.84042
3.595,7.35851,25.46075,61.65493,97.83592,134.00368
3.605,7.29151,46.63163,125.29798,203.9463,282.5762
3.615,7.33255,48.35656,130.38936,212.40195,294.39404
3.625,7.47304,29.6347,73.94563,118.24045,162.51872
3.635,7.68158,-0.2229,-16.04187,-31.87418,-47.72021
3.645,7.91266,-26.12572,-94.21484,-162.31995,-230.4416
3.655,8.11872,-34.79173,-120.62691,-206.48091,-292.35422
3.665,8.25936,-21.59211,-81.30735,-141.03824,-200.78523
3.675,8.30833,6.89424,4.05681,1.20806,-1.65233
3.685,8.25631,36.07251,91.69448,147.30348,202.89917
3.695,8.11237,50.76852,136.0674,221.34874,306.61215
3.705,7.90287,43.15279,113.63951,184.10902,254.5611
3.715,7.66891,16.99084,35.62448,54.24477,72.85143
3.725,7.46028,-14.12285,-57.29986,-100.49078,-143.69611
3.735,7.32509,-33.78377,-116.01563,-198.26649,-280.53687
3.745,7.29688,-31.46461,-109.00244,-186.56001,-264.1376
3.755,7.38381,-8.25598,-39.54728,-70.85334,-102.17442
3.765,7.56533,23.51836,55.41395,87.29623,119.1653
3.775,7.79808,46.7747,124.71459,202.63708,280.5423
3.785,8.02889,48.87293,130.54669,212.20174,293.83795
3.795,8.20822,28.59067,69.34456,110.08411,150.80904
3.805,8.29917,-3.02492,-25.68229,-48.35177,-71.03355
3.815,8.28359,-28.56116,-102.26257,-175.97966,-249.71271
3.825,8.16423,-33.8052,-117.75791,-201.72871,-285.7179
3.835,7.96426,-15.73028,-63.13037,-110.54502,-157.97437
3.845,7.72502,15.62505,31.41621,47.1953,62.96262
3.855,7.4998,42.60717,112.80962,182.99602,253.16649
3.865,7.34316,49.83637,134.80786,219.75945,304.69101
3.875,7.29619,33.01395,84.43667,135.84248,187.23126
3.885,7.37253,1.57544,-10.02905,-21.6472,-33.27961
3.895,7.55277,-26.49433,-94.60111,-162.72461,-230.86526
3.905,7.7909,-34.90747,-120.31912,-205.75026,-291.20117
3.915,8.02885,-18.56695,-71.77052,-124.98961,-178.2245
3.925,8.2117,13.25477,23.33164,33.39681,43.4504
3.935,8.2995,42.08893,109.65649,177.20941,244.74794
3.945,8.27339,50.97601,136.36757,221.74123,307.09705
3.955,8.13834,34.51394,87.25362,139.97813,192.68761
3.965,7.92296,2.2634,-9.06516,-20.40601,-31.7592
3.975,7.67533,-26.70461,-95.47678,-164.26495,-233.06921
3.985,7.45522,-35.0737,-120.14654,-205.23914,-290.35138
3.995,7.32035,-17.73453,-67.85684,-117.99559,-168.15044
4.005,7.3091,14.93846,30.18693,45.42216,60.64463
