Epsilon,N,Eta,k,Cf_val,combo,p_Cf_val,,Error
0,10,0,1,7.49838,0.0_10,7.0360136,,0.4623664
0,10,0.005,1,7.49832,0.0_10,6.9980783,,0.5002417
0,10,0.01,1,7.49836,0.0_10,6.959893,,0.538467
0,10,0.015,1,7.49863,0.0_10,6.9214296,,0.5772004
0,10,0.02,1,7.49842,0.0_10,6.882777,,0.615643
0,10,0.025,1,7.49877,0.0_10,6.8438406,,0.6549294
0,10,0.03,1,7.49875,0.0_10,6.804742,,0.694008
0,10,0.035,1,7.49864,0.0_10,6.765399,,0.733241
0,10,0.04,1,7.49859,0.0_10,6.7258883,,0.7727017
0,10,0.045,1,7.49856,0.0_10,6.686166,,0.812394
0,10,0.05,1,7.49853,0.0_10,6.646306,,0.852224
0,10,0.055,1,7.49851,0.0_10,6.606248,,0.892262
0,10,0.06,1,7.49879,0.0_10,6.56606,,0.93273
0,10,0.065,1,7.49874,0.0_10,6.5257196,,0.9730204
0,10,0.07,1,7.49886,0.0_10,6.4852934,,1.0135666
0,10,0.075,1,7.49904,0.0_10,6.4446993,,1.0543407
0,10,0.08,1,7.4988,0.0_10,6.404065,,1.094735
0,10,0.085,1,7.49871,0.0_10,6.3633127,,1.1353973
0,10,0.09,1,7.4988,0.0_10,6.3225107,,1.1762893
0,10,0.095,1,7.49882,0.0_10,6.2816896,,1.2171304
0,10,0.1,1,7.49897,0.0_10,6.240819,,1.258151
0,10,0.105,1,7.49902,0.0_10,6.19995,,1.29907
0,10,0.11,1,7.49925,0.0_10,6.159045,,1.340205
0,10,0.115,1,7.49934,0.0_10,6.1182165,,1.3811235
0,10,0.12,1,7.4995,0.0_10,6.0774183,,1.4220817
0,10,0.125,1,7.49969,0.0_10,6.0367193,,1.4629707
0,10,0.13,1,7.49976,0.0_10,5.9960814,,1.5036786
0,10,0.135,1,7.50012,0.0_10,5.9555197,,1.5446003
0,10,0.14,1,7.50029,0.0_10,5.9151487,,1.5851413
0,10,0.145,1,7.50083,0.0_10,5.87498,,1.62585
0,10,0.15,1,7.50113,0.0_10,5.8349524,,1.6661776
0,10,0.155,1,7.5018,0.0_10,5.7951174,,1.7066826
0,10,0.16,1,7.50209,0.0_10,5.7555666,,1.7465234
0,10,0.165,1,7.50262,0.0_10,5.7163115,,1.7863085
0,10,0.17,1,7.50298,0.0_10,5.6773443,,1.8256357
0,10,0.175,1,7.50369,0.0_10,5.638673,,1.865017
0,10,0.18,1,7.50427,0.0_10,5.600419,,1.903851
0,10,0.185,1,7.50476,0.0_10,5.5625963,,1.9421637
0,10,0.19,1,7.50555,0.0_10,5.525161,,1.980389
0,10,0.195,1,7.50622,0.0_10,5.4882383,,2.0179817
0,10,0.2,1,7.5071,0.0_10,5.4518156,,2.0552844
0,10,0.205,1,7.50828,0.0_10,5.4159937,,2.0922863
0,10,0.21,1,7.50944,0.0_10,5.3807497,,2.1286903
0,10,0.215,1,7.51041,0.0_10,5.346158,,2.164252
0,10,0.22,1,7.51147,0.0_10,5.3122454,,2.1992246
0,10,0.225,1,7.51286,0.0_10,5.2791204,,2.2337396
0,10,0.23,1,7.51398,0.0_10,5.2467585,,2.2672215
0,10,0.235,1,7.51559,0.0_10,5.2152605,,2.3003295
0,10,0.24,1,7.51715,0.0_10,5.184638,,2.332512
0,10,0.245,1,7.5186,0.0_10,5.154958,,2.363642
0,10,0.25,1,7.52029,0.0_10,5.126292,,2.393998
0,10,0.255,1,7.52215,0.0_10,5.0987463,,2.4234037
0,10,0.26,1,7.52399,0.0_10,5.072253,,2.451737
0,10,0.265,1,7.52601,0.0_10,5.046975,,2.479035
0,10,0.27,1,7.52841,0.0_10,5.0229406,,2.5054694
0,10,0.275,1,7.53082,0.0_10,5.0002604,,2.5305596
0,10,0.28,1,7.53316,0.0_10,4.978962,,2.554198
0,10,0.285,1,7.53583,0.0_10,4.9591093,,2.5767207
0,10,0.29,1,7.5386,0.0_10,4.940813,,2.597787
0,10,0.295,1,7.54147,0.0_10,4.9241104,,2.6173596
0,10,0.3,1,7.54445,0.0_10,4.909137,,2.635313
0,10,0.305,1,7.54756,0.0_10,4.89587,,2.65169
0,10,0.31,1,7.55106,0.0_10,4.8844833,,2.6665767
0,10,0.315,1,7.55469,0.0_10,4.875022,,2.679668
0,10,0.32,1,7.55843,0.0_10,4.8675976,,2.6908324
0,10,0.325,1,7.56224,0.0_10,4.8622627,,2.6999773
0,10,0.33,1,7.56635,0.0_10,4.859153,,2.707197
0,10,0.335,1,7.57078,0.0_10,4.858326,,2.712454
0,10,0.34,1,7.57521,0.0_10,4.859885,,2.715325
0,10,0.345,1,7.57999,0.0_10,4.8639317,,2.7160583
0,10,0.35,1,7.58492,0.0_10,4.87053,,2.71439
0,10,0.355,1,7.59003,0.0_10,4.8798246,,2.7102054
0,10,0.36,1,7.59546,0.0_10,4.891904,,2.703556
0,10,0.365,1,7.6011,0.0_10,4.906868,,2.694232
0,10,0.37,1,7.60696,0.0_10,4.9247646,,2.6821954
0,10,0.375,1,7.61296,0.0_10,4.9457636,,2.6671964
0,10,0.38,1,7.61927,0.0_10,4.9699078,,2.6493622
0,10,0.385,1,7.62589,0.0_10,4.9972515,,2.6286385
0,10,0.39,1,7.63278,0.0_10,5.02802,,2.60476
0,10,0.395,1,7.63989,0.0_10,5.0622168,,2.5776732
0,10,0.4,1,7.64721,0.0_10,5.0998526,,2.5473574
0,10,0.405,1,7.65495,0.0_10,5.141139,,2.513811
0,10,0.41,1,7.66287,0.0_10,5.186055,,2.476815
0,10,0.415,1,7.67099,0.0_10,5.2346487,,2.4363413
0,10,0.42,1,7.67939,0.0_10,5.2869654,,2.3924246
0,10,0.425,1,7.68816,0.0_10,5.3430853,,2.3450747
0,10,0.43,1,7.69735,0.0_10,5.4029436,,2.2944064
0,10,0.435,1,7.70654,0.0_10,5.4665766,,2.2399634
0,10,0.44,1,7.71599,0.0_10,5.5339174,,2.1820726
0,10,0.445,1,7.72581,0.0_10,5.6049795,,2.1208305
0,10,0.45,1,7.73596,0.0_10,5.679639,,2.056321
0,10,0.455,1,7.74636,0.0_10,5.7577524,,1.9886076
0,10,0.46,1,7.75702,0.0_10,5.8392687,,1.9177513
0,10,0.465,1,7.76795,0.0_10,5.9239855,,1.8439645
0,10,0.47,1,7.77912,0.0_10,6.0116777,,1.7674423
0,10,0.475,1,7.79049,0.0_10,6.1021852,,1.6883048
0,10,0.48,1,7.80221,0.0_10,6.195216,,1.606994
0,10,0.485,1,7.81404,0.0_10,6.290452,,1.523588
0,10,0.49,1,7.82618,0.0_10,6.38754,,1.43864
0,10,0.495,1,7.83841,0.0_10,6.486182,,1.352228
0,10,0.5,1,7.85091,0.0_10,6.586026,,1.264884
0,10,0.505,1,7.86134,0.0_10,6.6866407,,1.1746993
0,10,0.515,1,7.88765,0.0_10,6.88865,,0.999
0,10,0.525,1,7.91465,0.0_10,7.0893354,,0.8253146
0,10,0.535,1,7.94188,0.0_10,7.2861757,,0.6557043
0,10,0.545,1,7.96937,0.0_10,7.477748,,0.491622
0,10,0.555,1,7.99692,0.0_10,7.6640005,,0.3329195
0,10,0.565,1,8.02425,0.0_10,7.8459578,,0.1782922
0,10,0.575,1,8.05128,0.0_10,8.023826,,0.027454
0,10,0.585,1,8.07779,0.0_10,8.190028,,-0.112238
0,10,0.595,1,8.10355,0.0_10,8.306645,,-0.203095
0,10,0.605,1,8.12845,0.0_10,8.267106,,-0.138656
0,10,0.615,1,8.1519,0.0_10,7.920541,,0.231359
0,10,0.625,1,8.17393,0.0_10,6.935151,,1.238779
0,10,0.635,1,8.19434,0.0_10,4.5463667,,3.6479733
0,10,0.645,1,8.21266,0.0_10,0.63825035,,7.57440965
0,10,0.655,1,8.22891,0.0_10,-1.6963406,,9.9252506
0,10,0.665,1,8.24253,0.0_10,-1.2032518,,9.4457818
0,10,0.675,1,8.25346,0.0_10,0.32367802,,7.92978198
0,10,0.685,1,8.26134,0.0_10,2.0584497,,6.2028903
0,10,0.695,1,8.26633,0.0_10,3.7946072,,4.4717228
0,10,0.705,1,8.26768,0.0_10,5.4680033,,2.7996767
0,10,0.715,1,8.26549,0.0_10,7.036109,,1.229381
0,10,0.725,1,8.25977,0.0_10,8.45456,,-0.19479
0,10,0.735,1,8.25005,0.0_10,9.667399,,-1.417349
0,10,0.745,1,8.23641,0.0_10,10.604672,,-2.368262
0,10,0.755,1,8.21889,0.0_10,11.185929,,-2.967039
0,10,0.765,1,8.19712,0.0_10,11.327149,,-3.130029
0,10,0.775,1,8.17149,0.0_10,10.949616,,-2.778126
0,10,0.785,1,8.14201,0.0_10,9.992188,,-1.850178
0,10,0.795,1,8.10868,0.0_10,8.42706,,-0.31838
0,10,0.805,1,8.07191,0.0_10,6.2818556,,1.7900544
0,10,0.815,1,8.03165,0.0_10,3.6668024,,4.3648476
0,10,0.825,1,7.98851,0.0_10,0.8016758,,7.1868342
0,10,0.835,1,7.94268,0.0_10,-1.9720402,,9.9147202
0,10,0.845,1,7.89465,0.0_10,-4.214744,,12.109394
0,10,0.855,1,7.84503,0.0_10,-5.4612265,,13.3062565
0,10,0.865,1,7.79443,0.0_10,-5.333142,,13.127572
0,10,0.875,1,7.74342,0.0_10,-3.661271,,11.404691
0,10,0.885,1,7.69268,0.0_10,-0.607934,,8.300614
0,10,0.895,1,7.64304,0.0_10,3.2263842,,4.4166558
0,10,0.905,1,7.59525,0.0_10,6.942254,,0.652996
0,10,0.915,1,7.55019,0.0_10,9.876716,,-2.326526
0,10,0.925,1,7.50858,0.0_10,11.761289,,-4.252709
0,10,0.935,1,7.47128,0.0_10,12.653794,,-5.182514
0,10,0.945,1,7.43893,0.0_10,12.878978,,-5.440048
0,10,0.955,1,7.41225,0.0_10,12.727866,,-5.315616
0,10,0.965,1,7.39196,0.0_10,12.402091,,-5.010131
0,10,0.975,1,7.37844,0.0_10,12.037845,,-4.659405
0,10,0.985,1,7.37208,0.0_10,11.712621,,-4.340541
0,10,0.995,1,7.37293,0.0_10,11.448821,,-4.075891
0,10,1.005,1,7.38119,0.0_10,11.240506,,-3.859316
0,10,1.015,1,7.39666,0.0_10,11.075734,,-3.679074
0,10,1.025,1,7.41923,0.0_10,10.9447775,,-3.5255475
0,10,1.035,1,7.4483,0.0_10,10.841048,,-3.392748
0,10,1.045,1,7.48395,0.0_10,10.759532,,-3.275582
0,10,1.055,1,7.52507,0.0_10,10.696292,,-3.171222
0,10,1.065,1,7.57122,0.0_10,10.64767,,-3.07645
0,10,1.075,1,7.6218,0.0_10,10.610597,,-2.988797
0,10,1.085,1,7.67606,0.0_10,10.582318,,-2.906258
0,10,1.095,1,7.73325,0.0_10,10.560712,,-2.827462
0,10,1.105,1,7.79231,0.0_10,10.544126,,-2.751816
0,10,1.115,1,7.85262,0.0_10,10.531375,,-2.678755
0,10,1.125,1,7.91314,0.0_10,10.521497,,-2.608357
0,10,1.135,1,7.97263,0.0_10,10.513858,,-2.541228
0,10,1.145,1,8.03014,0.0_10,10.507913,,-2.477773
0,10,1.155,1,8.08438,0.0_10,10.503289,,-2.418909
0,10,1.165,1,8.1343,0.0_10,10.49964,,-2.36534
0,10,1.175,1,8.17863,0.0_10,10.496873,,-2.318243
0,10,1.185,1,8.21646,0.0_10,10.494678,,-2.278218
0,10,1.195,1,8.24643,0.0_10,10.493062,,-2.246632
0,10,1.205,1,8.26769,0.0_10,10.491876,,-2.224186
0,10,1.215,1,8.27944,0.0_10,10.491004,,-2.211564
0,10,1.225,1,8.28106,0.0_10,10.490394,,-2.209334
0,10,1.235,1,8.27204,0.0_10,10.490041,,-2.218001
0,10,1.245,1,8.25224,0.0_10,10.489932,,-2.237692
0,10,1.255,1,8.22152,0.0_10,10.489867,,-2.268347
0,10,1.265,1,8.18048,0.0_10,10.490052,,-2.309572
0,10,1.275,1,8.12959,0.0_10,10.490323,,-2.360733
0,10,1.285,1,8.06968,0.0_10,10.490678,,-2.420998
0,10,1.295,1,8.00208,0.0_10,10.49113,,-2.48905
0,10,1.305,1,7.92847,0.0_10,10.4916525,,-2.5631825
0,10,1.315,1,7.85041,0.0_10,10.492242,,-2.641832
0,10,1.325,1,7.77015,0.0_10,10.492856,,-2.722706
0,10,1.335,1,7.69003,0.0_10,10.49351,,-2.80348
0,10,1.345,1,7.61248,0.0_10,10.494229,,-2.881749
0,10,1.355,1,7.54011,0.0_10,10.494954,,-2.954844
0,10,1.365,1,7.47554,0.0_10,10.495677,,-3.020137
0,10,1.375,1,7.42106,0.0_10,10.496434,,-3.075374
0,10,1.385,1,7.37888,0.0_10,10.497193,,-3.118313
0,10,1.395,1,7.35094,0.0_10,10.497956,,-3.147016
0,10,1.405,1,7.33812,0.0_10,10.498746,,-3.160626
0,10,1.415,1,7.34149,0.0_10,10.499486,,-3.157996
0,10,1.425,1,7.36079,0.0_10,10.500236,,-3.139446
0,10,1.435,1,7.39575,0.0_10,10.500979,,-3.105229
0,10,1.445,1,7.44476,0.0_10,10.501773,,-3.057013
0,10,1.455,1,7.50617,0.0_10,10.502513,,-2.996343
0,10,1.465,1,7.57789,0.0_10,10.503266,,-2.925376
0,10,1.475,1,7.65771,0.0_10,10.504012,,-2.846302
0,10,1.485,1,7.7425,0.0_10,10.504743,,-2.762243
0,10,1.495,1,7.82994,0.0_10,10.50549,,-2.67555
0,10,1.505,1,7.91697,0.0_10,10.506192,,-2.589222
0,10,1.515,1,8.00085,0.0_10,10.5069,,-2.50605
0,10,1.525,1,8.0788,0.0_10,10.507594,,-2.428794
0,10,1.535,1,8.14825,0.0_10,10.508313,,-2.360063
0,10,1.545,1,8.20678,0.0_10,10.508969,,-2.302189
0,10,1.555,1,8.25206,0.0_10,10.509677,,-2.257617
0,10,1.565,1,8.28237,0.0_10,10.510341,,-2.227971
0,10,1.575,1,8.29605,0.0_10,10.510985,,-2.214935
0,10,1.585,1,8.29221,0.0_10,10.511613,,-2.219403
0,10,1.595,1,8.27048,0.0_10,10.512258,,-2.241778
0,10,1.605,1,8.23085,0.0_10,10.512881,,-2.282031
0,10,1.615,1,8.17433,0.0_10,10.513518,,-2.339188
0,10,1.625,1,8.10232,0.0_10,10.514113,,-2.411793
0,10,1.635,1,8.01735,0.0_10,10.51472,,-2.49737
0,10,1.645,1,7.92232,0.0_10,10.515286,,-2.592966
0,10,1.655,1,7.82097,0.0_10,10.515882,,-2.694912
0,10,1.665,1,7.71741,0.0_10,10.516446,,-2.799036
0,10,1.675,1,7.6164,0.0_10,10.516995,,-2.900595
0,10,1.685,1,7.52295,0.0_10,10.517562,,-2.994612
0,10,1.695,1,7.44186,0.0_10,10.518102,,-3.076242
0,10,1.705,1,7.37768,0.0_10,10.518659,,-3.140979
0,10,1.715,1,7.33431,0.0_10,10.519137,,-3.184827
0,10,1.725,1,7.31436,0.0_10,10.519692,,-3.205332
0,10,1.735,1,7.3193,0.0_10,10.520183,,-3.200883
0,10,1.745,1,7.34927,0.0_10,10.520682,,-3.171412
0,10,1.755,1,7.40263,0.0_10,10.521197,,-3.118567
0,10,1.765,1,7.47661,0.0_10,10.521691,,-3.045081
0,10,1.775,1,7.56715,0.0_10,10.522145,,-2.954995
0,10,1.785,1,7.66958,0.0_10,10.522599,,-2.853019
0,10,1.795,1,7.77873,0.0_10,10.523074,,-2.744344
0,10,1.805,1,7.88904,0.0_10,10.523515,,-2.634475
0,10,1.815,1,7.99526,0.0_10,10.523974,,-2.528714
0,10,1.825,1,8.09242,0.0_10,10.524402,,-2.431982
0,10,1.835,1,8.17572,0.0_10,10.524821,,-2.349101
0,10,1.845,1,8.2412,0.0_10,10.52525,,-2.28405
0,10,1.855,1,8.28548,0.0_10,10.525647,,-2.240167
0,10,1.865,1,8.30611,0.0_10,10.526057,,-2.219947
0,10,1.875,1,8.30155,0.0_10,10.526443,,-2.224893
0,10,1.885,1,8.27145,0.0_10,10.526841,,-2.255391
0,10,1.895,1,8.21645,0.0_10,10.527228,,-2.310778
0,10,1.905,1,8.1388,0.0_10,10.52756,,-2.38876
0,10,1.915,1,8.04173,0.0_10,10.527951,,-2.486221
0,10,1.925,1,7.92988,0.0_10,10.528306,,-2.598426
0,10,1.935,1,7.80914,0.0_10,10.528623,,-2.719483
0,10,1.945,1,7.68638,0.0_10,10.528995,,-2.842615
0,10,1.955,1,7.56896,0.0_10,10.529309,,-2.960349
0,10,1.965,1,7.46488,0.0_10,10.529639,,-3.064759
0,10,1.975,1,7.38123,0.0_10,10.529933,,-3.148703
0,10,1.985,1,7.32465,0.0_10,10.530261,,-3.205611
0,10,1.995,1,7.29969,0.0_10,10.530543,,-3.230853
0,10,2.005,1,7.3087,0.0_10,10.53082,,-3.22212
0.1,10,0,2,7.49838,0.1_10,5.8332033,,1.6651767
0.1,10,0.005,2,7.48754,0.1_10,5.703681,,1.783859
0.1,10,0.01,2,7.45535,0.1_10,5.568244,,1.887106
0.1,10,0.015,2,7.4016,0.1_10,5.426442,,1.975158
0.1,10,0.02,2,7.32622,0.1_10,5.277766,,2.048454
0.1,10,0.025,2,7.22987,0.1_10,5.1217318,,2.1081382
0.1,10,0.03,2,7.11154,0.1_10,4.9578257,,2.1537143
0.1,10,0.035,2,6.97164,0.1_10,4.785428,,2.186212
0.1,10,0.04,2,6.81029,0.1_10,4.60404,,2.20625
0.1,10,0.045,2,6.62737,0.1_10,4.412942,,2.214428
0.1,10,0.05,2,6.42322,0.1_10,4.211564,,2.211656
0.1,10,0.055,2,6.19735,0.1_10,3.999339,,2.198011
0.1,10,0.06,2,5.95017,0.1_10,3.7755814,,2.1745886
0.1,10,0.065,2,5.68124,0.1_10,3.5397053,,2.1415347
0.1,10,0.07,2,5.39116,0.1_10,3.2912369,,2.0999231
0.1,10,0.075,2,5.07977,0.1_10,3.0296545,,2.0501155
0.1,10,0.08,2,4.74668,0.1_10,2.7545023,,1.9921777
0.1,10,0.085,2,4.39257,0.1_10,2.465413,,1.927157
0.1,10,0.09,2,4.01707,0.1_10,2.1620502,,1.8550198
0.1,10,0.095,2,3.62065,0.1_10,1.8441887,,1.7764613
0.1,10,0.1,2,3.20318,0.1_10,1.5115671,,1.6916129
0.1,10,0.105,2,2.76464,0.1_10,1.1640234,,1.6006166
0.1,10,0.11,2,2.30543,0.1_10,0.8014612,,1.5039688
0.1,10,0.115,2,1.8254,0.1_10,0.42365742,,1.40174258
0.1,10,0.12,2,1.32471,0.1_10,0.030586243,,1.294123757
0.1,10,0.125,2,0.80361,0.1_10,-0.37789345,,1.18150345
0.1,10,0.13,2,0.2625,0.1_10,-0.80188274,,1.06438274
0.1,10,0.135,2,-0.29876,0.1_10,-1.2414417,,0.9426817
0.1,10,0.14,2,-0.87959,0.1_10,-1.6967487,,0.8171587
0.1,10,0.145,2,-1.47979,0.1_10,-2.1679802,,0.6881902
0.1,10,0.15,2,-2.09906,0.1_10,-2.655223,,0.556163
0.1,10,0.155,2,-2.73711,0.1_10,-3.1586933,,0.4215833
0.1,10,0.16,2,-3.39355,0.1_10,-3.678481,,0.284931
0.1,10,0.165,2,-4.06814,0.1_10,-4.2148314,,0.1466914
0.1,10,0.17,2,-4.76024,0.1_10,-4.767816,,0.007576
0.1,10,0.175,2,-5.46918,0.1_10,-5.337693,,-0.131487
0.1,10,0.18,2,-6.19476,0.1_10,-5.9244404,,-0.2703196
0.1,10,0.185,2,-6.93625,0.1_10,-6.5282273,,-0.4080227
0.1,10,0.19,2,-7.69307,0.1_10,-7.1490145,,-0.5440555
0.1,10,0.195,2,-8.4644,0.1_10,-7.7868543,,-0.6775457
0.1,10,0.2,2,-9.24961,0.1_10,-8.441709,,-0.807901
0.1,10,0.205,2,-10.04778,0.1_10,-9.113463,,-0.934317
0.1,10,0.21,2,-10.85807,0.1_10,-9.801924,,-1.056146
0.1,10,0.215,2,-11.67974,0.1_10,-10.506941,,-1.172799
0.1,10,0.22,2,-12.5118,0.1_10,-11.228242,,-1.283558
0.1,10,0.225,2,-13.35299,0.1_10,-11.965442,,-1.387548
0.1,10,0.23,2,-14.20234,0.1_10,-12.71832,,-1.48402
0.1,10,0.235,2,-15.05871,0.1_10,-13.486332,,-1.572378
0.1,10,0.24,2,-15.92104,0.1_10,-14.269178,,-1.651862
0.1,10,0.245,2,-16.78763,0.1_10,-15.066271,,-1.721359
0.1,10,0.25,2,-17.6572,0.1_10,-15.877094,,-1.780106
0.1,10,0.255,2,-18.52845,0.1_10,-16.701033,,-1.827417
0.1,10,0.26,2,-19.39967,0.1_10,-17.53739,,-1.86228
0.1,10,0.265,2,-20.26954,0.1_10,-18.385384,,-1.884156
0.1,10,0.27,2,-21.13611,0.1_10,-19.244173,,-1.891937
0.1,10,0.275,2,-21.99775,0.1_10,-20.112722,,-1.885028
0.1,10,0.28,2,-22.85245,0.1_10,-20.989792,,-1.862658
0.1,10,0.285,2,-23.69855,0.1_10,-21.874123,,-1.824427
0.1,10,0.29,2,-24.53392,0.1_10,-22.764019,,-1.769901
0.1,10,0.295,2,-25.35643,0.1_10,-23.657722,,-1.698708
0.1,10,0.3,2,-26.16397,0.1_10,-24.55323,,-1.61074
0.1,10,0.305,2,-26.95435,0.1_10,-25.447899,,-1.506451
0.1,10,0.31,2,-27.72538,0.1_10,-26.339287,,-1.386093
0.1,10,0.315,2,-28.47477,0.1_10,-27.224411,,-1.250359
0.1,10,0.32,2,-29.19978,0.1_10,-28.099834,,-1.099946
0.1,10,0.325,2,-29.89837,0.1_10,-28.962067,,-0.936303
0.1,10,0.33,2,-30.56769,0.1_10,-29.807056,,-0.760634
0.1,10,0.335,2,-31.20527,0.1_10,-30.63071,,-0.57456
0.1,10,0.34,2,-31.80848,0.1_10,-31.428543,,-0.379937
0.1,10,0.345,2,-32.37454,0.1_10,-32.19572,,-0.17882
0.1,10,0.35,2,-32.90084,0.1_10,-32.92754,,0.0267
0.1,10,0.355,2,-33.38458,0.1_10,-33.618843,,0.234263
0.1,10,0.36,2,-33.82318,0.1_10,-34.264477,,0.441297
0.1,10,0.365,2,-34.21365,0.1_10,-34.859173,,0.645523
0.1,10,0.37,2,-34.55319,0.1_10,-35.397747,,0.844557
0.1,10,0.375,2,-34.83915,0.1_10,-35.8748,,1.03565
0.1,10,0.38,2,-35.06858,0.1_10,-36.28521,,1.21663
0.1,10,0.385,2,-35.23893,0.1_10,-36.623653,,1.384723
0.1,10,0.39,2,-35.34731,0.1_10,-36.88504,,1.53773
0.1,10,0.395,2,-35.39122,0.1_10,-37.064194,,1.672974
0.1,10,0.4,2,-35.36802,0.1_10,-37.156155,,1.788135
0.1,10,0.405,2,-35.27501,0.1_10,-37.155865,,1.880855
0.1,10,0.41,2,-35.10971,0.1_10,-37.05846,,1.94875
0.1,10,0.415,2,-34.86996,0.1_10,-36.859165,,1.989205
0.1,10,0.42,2,-34.55346,0.1_10,-36.55314,,1.99968
0.1,10,0.425,2,-34.15806,0.1_10,-36.135746,,1.977686
0.1,10,0.43,2,-33.68177,0.1_10,-35.60279,,1.92102
0.1,10,0.435,2,-33.12291,0.1_10,-34.950058,,1.827148
0.1,10,0.44,2,-32.47957,0.1_10,-34.17396,,1.69439
0.1,10,0.445,2,-31.75053,0.1_10,-33.27153,,1.521
0.1,10,0.45,2,-30.93451,0.1_10,-32.240456,,1.305946
0.1,10,0.455,2,-30.03054,0.1_10,-31.079594,,1.049054
0.1,10,0.46,2,-29.03773,0.1_10,-29.788876,,0.751146
0.1,10,0.465,2,-27.9557,0.1_10,-28.369633,,0.413933
0.1,10,0.47,2,-26.78419,0.1_10,-26.824675,,0.040485
0.1,10,0.475,2,-25.52332,0.1_10,-25.158401,,-0.364919
0.1,10,0.48,2,-24.17344,0.1_10,-23.37661,,-0.79683
0.1,10,0.485,2,-22.73534,0.1_10,-21.48661,,-1.24873
0.1,10,0.49,2,-21.2099,0.1_10,-19.497208,,-1.712692
0.1,10,0.495,2,-19.59877,0.1_10,-17.418764,,-2.180006
0.1,10,0.5,2,-17.90375,0.1_10,-15.264063,,-2.639687
0.1,10,0.505,2,-16.12884,0.1_10,-13.049283,,-3.079557
0.1,10,0.515,2,-12.34046,0.1_10,-8.529696,,-3.810764
0.1,10,0.525,2,-8.26108,0.1_10,-4.0991597,,-4.1619203
0.1,10,0.535,2,-3.92409,0.1_10,-0.076087,,-3.848003
0.1,10,0.545,2,0.63113,0.1_10,3.1872606,,-2.5561306
0.1,10,0.555,2,5.35758,0.1_10,5.4814043,,-0.1238243
0.1,10,0.565,2,10.20171,0.1_10,6.496606,,3.705104
0.1,10,0.575,2,15.1031,0.1_10,-0.2153244,,15.3184244
0.1,10,0.585,2,19.995,0.1_10,5.496768,,14.498232
0.1,10,0.595,2,24.8053,0.1_10,10.434125,,14.371175
0.1,10,0.605,2,29.45699,0.1_10,15.807107,,13.649883
0.1,10,0.615,2,33.86967,0.1_10,21.601692,,12.267978
0.1,10,0.625,2,37.96084,0.1_10,27.733894,,10.226946
0.1,10,0.635,2,41.64689,0.1_10,33.93486,,7.71203
0.1,10,0.645,2,44.84566,0.1_10,39.67583,,5.16983
0.1,10,0.655,2,47.47829,0.1_10,44.284138,,3.194152
0.1,10,0.665,2,49.47061,0.1_10,47.213223,,2.257387
0.1,10,0.675,2,50.75657,0.1_10,48.388756,,2.367814
0.1,10,0.685,2,51.27924,0.1_10,48.31962,,2.95962
0.1,10,0.695,2,50.99435,0.1_10,47.68432,,3.31003
0.1,10,0.705,2,49.87167,0.1_10,46.829372,,3.042298
0.1,10,0.715,2,47.89829,0.1_10,45.72967,,2.16862
0.1,10,0.725,2,45.07865,0.1_10,44.212276,,0.866374
0.1,10,0.735,2,41.43841,0.1_10,42.11549,,-0.67708
0.1,10,0.745,2,37.0242,0.1_10,39.333725,,-2.309525
0.1,10,0.755,2,31.90468,0.1_10,35.811234,,-3.906554
0.1,10,0.765,2,26.17094,0.1_10,31.527225,,-5.356285
0.1,10,0.775,2,19.9362,0.1_10,26.486584,,-6.550384
0.1,10,0.785,2,13.33339,0.1_10,20.720604,,-7.387214
0.1,10,0.795,2,6.51471,0.1_10,14.295186,,-7.780476
0.1,10,0.805,2,-0.35238,0.1_10,7.3272676,,-7.6796476
0.1,10,0.815,2,-7.08837,0.1_10,0.008468628,,-7.096838628
0.1,10,0.825,2,-13.50614,0.1_10,-7.370859,,-6.135281
0.1,10,0.835,2,-19.41629,0.1_10,-14.406278,,-5.010012
0.1,10,0.845,2,-24.63295,0.1_10,-20.595932,,-4.037018
0.1,10,0.855,2,-28.97999,0.1_10,-25.410786,,-3.569204
0.1,10,0.865,2,-32.29788,0.1_10,-28.42492,,-3.87296
0.1,10,0.875,2,-34.44994,0.1_10,-29.456253,,-4.993687
0.1,10,0.885,2,-35.32954,0.1_10,-28.649296,,-6.680244
0.1,10,0.895,2,-34.86551,0.1_10,-26.481216,,-8.384294
0.1,10,0.905,2,-33.02797,0.1_10,-23.67434,,-9.35363
0.1,10,0.915,2,-29.83258,0.1_10,-20.632317,,-9.200263
0.1,10,0.925,2,-25.34335,0.1_10,-16.356365,,-8.986985
0.1,10,0.935,2,-19.67403,0.1_10,-9.345119,,-10.328911
0.1,10,0.945,2,-12.98769,0.1_10,0.053229332,,-13.04091933
0.1,10,0.955,2,-5.49373,0.1_10,8.87308,,-14.36681
0.1,10,0.965,2,2.55632,0.1_10,13.476214,,-10.919894
0.1,10,0.975,2,10.87638,0.1_10,14.427604,,-3.551224
0.1,10,0.985,2,19.15511,0.1_10,14.091413,,5.063697
0.1,10,0.995,2,27.06614,0.1_10,13.476829,,13.589311
0.1,10,1.005,2,34.28224,0.1_10,12.854163,,21.428077
0.1,10,1.015,2,40.48788,0.1_10,12.306773,,28.181107
0.1,10,1.025,2,45.39538,0.1_10,11.873626,,33.521754
0.1,10,1.035,2,48.75872,0.1_10,11.550199,,37.208521
0.1,10,1.045,2,50.38793,0.1_10,11.310864,,39.077066
0.1,10,1.055,2,50.16184,0.1_10,11.13206,,39.02978
0.1,10,1.065,2,48.03843,0.1_10,10.997039,,37.041391
0.1,10,1.075,2,44.06187,0.1_10,10.894717,,33.167153
0.1,10,1.085,2,38.36611,0.1_10,10.817136,,27.548974
0.1,10,1.095,2,31.17479,0.1_10,10.758397,,20.416393
0.1,10,1.105,2,22.79526,0.1_10,10.713721,,12.081539
0.1,10,1.115,2,13.60804,0.1_10,10.679736,,2.928304
0.1,10,1.125,2,4.05263,0.1_10,10.65364,,-6.60101
0.1,10,1.135,2,-5.39277,0.1_10,10.633342,,-16.026112
0.1,10,1.145,2,-14.23449,0.1_10,10.617492,,-24.851982
0.1,10,1.155,2,-21.98869,0.1_10,10.604943,,-32.593633
0.1,10,1.165,2,-28.20983,0.1_10,10.594886,,-38.804716
0.1,10,1.175,2,-32.51714,0.1_10,10.586764,,-43.103904
0.1,10,1.185,2,-34.62125,0.1_10,10.580115,,-45.201365
0.1,10,1.195,2,-34.34611,0.1_10,10.574615,,-44.920725
0.1,10,1.205,2,-31.64634,0.1_10,10.570033,,-42.216373
0.1,10,1.215,2,-26.61766,0.1_10,10.566199,,-37.183859
0.1,10,1.225,2,-19.49998,0.1_10,10.562985,,-30.062965
0.1,10,1.235,2,-10.66994,0.1_10,10.5603075,,-21.2302475
0.1,10,1.245,2,-0.6261,0.1_10,10.557979,,-11.184079
0.1,10,1.255,2,10.03584,0.1_10,10.555995,,-0.520155
0.1,10,1.265,2,20.65677,0.1_10,10.554353,,10.102417
0.1,10,1.275,2,30.55297,0.1_10,10.552945,,20.000025
0.1,10,1.285,2,39.06084,0.1_10,10.551795,,28.509045
0.1,10,1.295,2,45.5829,0.1_10,10.550799,,35.032101
0.1,10,1.305,2,49.6323,0.1_10,10.549928,,39.082372
0.1,10,1.315,2,50.87292,0.1_10,10.549256,,40.323664
0.1,10,1.325,2,49.15165,0.1_10,10.548667,,38.602983
0.1,10,1.335,2,44.51865,0.1_10,10.548171,,33.970479
0.1,10,1.345,2,37.23552,0.1_10,10.547845,,26.687675
0.1,10,1.355,2,27.76643,0.1_10,10.547498,,17.218932
0.1,10,1.365,2,16.75554,0.1_10,10.547288,,6.208252
0.1,10,1.375,2,4.98621,0.1_10,10.547086,,-5.560876
0.1,10,1.385,2,-6.67071,0.1_10,10.546954,,-17.217664
0.1,10,1.395,2,-17.32108,0.1_10,10.546842,,-27.867922
0.1,10,1.405,2,-26.11605,0.1_10,10.546748,,-36.662798
0.1,10,1.415,2,-32.32293,0.1_10,10.546708,,-42.869638
0.1,10,1.425,2,-35.39034,0.1_10,10.546683,,-45.937023
0.1,10,1.435,2,-35.00272,0.1_10,10.546674,,-45.549394
0.1,10,1.445,2,-31.11851,0.1_10,10.546683,,-41.665193
0.1,10,1.455,2,-23.98671,0.1_10,10.546697,,-34.533407
0.1,10,1.465,2,-14.14042,0.1_10,10.546735,,-24.687155
0.1,10,1.475,2,-2.36401,0.1_10,10.54676,,-12.91077
0.1,10,1.485,2,10.36319,0.1_10,10.546824,,-0.183634
0.1,10,1.495,2,22.945,0.1_10,10.546874,,12.398126
0.1,10,1.505,2,34.26196,0.1_10,10.5468855,,23.7150745
0.1,10,1.515,2,43.27151,0.1_10,10.546964,,32.724546
0.1,10,1.525,2,49.10851,0.1_10,10.547021,,38.561489
0.1,10,1.535,2,51.17441,0.1_10,10.547118,,40.627292
0.1,10,1.545,2,49.20588,0.1_10,10.547164,,38.658716
0.1,10,1.555,2,43.31549,0.1_10,10.547244,,32.768246
0.1,10,1.565,2,33.99852,0.1_10,10.547353,,23.451167
0.1,10,1.575,2,22.10032,0.1_10,10.547442,,11.552878
0.1,10,1.585,2,8.74831,0.1_10,10.547547,,-1.799237
0.1,10,1.595,2,-4.74918,0.1_10,10.547643,,-15.296823
0.1,10,1.605,2,-17.02905,0.1_10,10.547732,,-27.576782
0.1,10,1.615,2,-26.81173,0.1_10,10.547828,,-37.359558
0.1,10,1.625,2,-33.03908,0.1_10,10.547942,,-43.587022
0.1,10,1.635,2,-34.99602,0.1_10,10.548032,,-45.544052
0.1,10,1.645,2,-32.40228,0.1_10,10.548158,,-42.950438
0.1,10,1.655,2,-25.46094,0.1_10,10.548238,,-36.009178
0.1,10,1.665,2,-14.85707,0.1_10,10.548366,,-25.405436
0.1,10,1.675,2,-1.70153,0.1_10,10.54848,,-12.25001
0.1,10,1.685,2,12.57667,0.1_10,10.548587,,2.028083
0.1,10,1.695,2,26.37874,0.1_10,10.548732,,15.830008
0.1,10,1.705,2,38.11455,0.1_10,10.548818,,27.565732
0.1,10,1.715,2,46.38808,0.1_10,10.548951,,35.839129
0.1,10,1.725,2,50.16912,0.1_10,10.549052,,39.620068
0.1,10,1.735,2,48.93195,0.1_10,10.549207,,38.382743
0.1,10,1.745,2,42.73865,0.1_10,10.549287,,32.189363
0.1,10,1.755,2,32.25589,0.1_10,10.549367,,21.706523
0.1,10,1.765,2,18.69674,0.1_10,10.549516,,8.147224
0.1,10,1.775,2,3.69224,0.1_10,10.549626,,-6.857386
0.1,10,1.785,2,-10.89806,0.1_10,10.549756,,-21.447816
0.1,10,1.795,2,-23.21338,0.1_10,10.549842,,-33.763222
0.1,10,1.805,2,-31.63214,0.1_10,10.5499735,,-42.1821135
0.1,10,1.815,2,-34.99237,0.1_10,10.550048,,-45.542418
0.1,10,1.825,2,-32.76275,0.1_10,10.550176,,-43.312926
0.1,10,1.835,2,-25.13878,0.1_10,10.550315,,-35.689095
0.1,10,1.845,2,-13.0451,0.1_10,10.550391,,-23.595491
0.1,10,1.855,2,1.96247,0.1_10,10.5505,,-8.58803
0.1,10,1.865,2,17.88559,0.1_10,10.550612,,7.334978
0.1,10,1.875,2,32.54372,0.1_10,10.550731,,21.992989
0.1,10,1.885,2,43.87286,0.1_10,10.550845,,33.322015
0.1,10,1.895,2,50.22136,0.1_10,10.550935,,39.670425
0.1,10,1.905,2,50.60265,0.1_10,10.551013,,40.051637
0.1,10,1.915,2,44.86189,0.1_10,10.551105,,34.310785
0.1,10,1.925,2,33.72971,0.1_10,10.551177,,23.178533
0.1,10,1.935,2,18.74725,0.1_10,10.551335,,8.195915
0.1,10,1.945,2,2.06748,0.1_10,10.551393,,-8.483913
0.1,10,1.955,2,-13.84668,0.1_10,10.551484,,-24.398164
0.1,10,1.965,2,-26.58455,0.1_10,10.551579,,-37.136129
0.1,10,1.975,2,-34.15926,0.1_10,10.551625,,-44.710885
0.1,10,1.985,2,-35.33036,0.1_10,10.551755,,-45.882115
0.1,10,1.995,2,-29.82455,0.1_10,10.551829,,-40.376379
0.1,10,2.005,2,-18.41254,0.1_10,10.551934,,-28.964474
0.3,10,0,3,7.49838,0.3_10,6.8007116,,0.6976684
0.3,10,0.005,3,7.46604,0.3_10,6.6586924,,0.8073476
0.3,10,0.01,3,7.36934,0.3_10,6.5061865,,0.8631535
0.3,10,0.015,3,7.20787,0.3_10,6.3420343,,0.8658357
0.3,10,0.02,3,6.98204,0.3_10,6.1647234,,0.8173166
0.3,10,0.025,3,6.69197,0.3_10,5.9726686,,0.7193014
0.3,10,0.03,3,6.33681,0.3_10,5.7638063,,0.5730037
0.3,10,0.035,3,5.91728,0.3_10,5.5357885,,0.3814915
0.3,10,0.04,3,5.4333,0.3_10,5.2858515,,0.1474485
0.3,10,0.045,3,4.88488,0.3_10,5.0105543,,-0.1256743
0.3,10,0.05,3,4.27189,0.3_10,4.705988,,-0.434098
0.3,10,0.055,3,3.59454,0.3_10,4.367612,,-0.773072
0.3,10,0.06,3,2.85262,0.3_10,3.9901752,,-1.1375552
0.3,10,0.065,3,2.04629,0.3_10,3.5680952,,-1.5218052
0.3,10,0.07,3,1.17582,0.3_10,3.0954466,,-1.9196266
0.3,10,0.075,3,0.24138,0.3_10,2.565957,,-2.324577
0.3,10,0.08,3,-0.75747,0.3_10,1.9734049,,-2.7308749
0.3,10,0.085,3,-1.8199,0.3_10,1.3115635,,-3.1314635
0.3,10,0.09,3,-2.94614,0.3_10,0.57427406,,-3.52041406
0.3,10,0.095,3,-4.13586,0.3_10,-0.24478817,,-3.89107183
0.3,10,0.1,3,-5.38871,0.3_10,-1.1519718,,-4.2367382
0.3,10,0.105,3,-6.70447,0.3_10,-2.1535902,,-4.5508798
0.3,10,0.11,3,-8.08285,0.3_10,-3.2563224,,-4.8265276
0.3,10,0.115,3,-9.52343,0.3_10,-4.4666977,,-5.0567323
0.3,10,0.12,3,-11.02548,0.3_10,-5.7913604,,-5.2341196
0.3,10,0.125,3,-12.58894,0.3_10,-7.2364326,,-5.3525074
0.3,10,0.13,3,-14.21307,0.3_10,-8.807158,,-5.405912
0.3,10,0.135,3,-15.89702,0.3_10,-10.507436,,-5.389584
0.3,10,0.14,3,-17.64023,0.3_10,-12.339214,,-5.301016
0.3,10,0.145,3,-19.44164,0.3_10,-14.30215,,-5.13949
0.3,10,0.15,3,-21.30077,0.3_10,-16.3941,,-4.90667
0.3,10,0.155,3,-23.21611,0.3_10,-18.611145,,-4.604965
0.3,10,0.16,3,-25.18685,0.3_10,-20.948364,,-4.238486
0.3,10,0.165,3,-27.21142,0.3_10,-23.400354,,-3.811066
0.3,10,0.17,3,-29.28877,0.3_10,-25.960686,,-3.328084
0.3,10,0.175,3,-31.41759,0.3_10,-28.622322,,-2.795268
0.3,10,0.18,3,-33.59566,0.3_10,-31.376484,,-2.219176
0.3,10,0.185,3,-35.82169,0.3_10,-34.2127,,-1.60899
0.3,10,0.19,3,-38.09355,0.3_10,-37.118492,,-0.975058
0.3,10,0.195,3,-40.40927,0.3_10,-40.07993,,-0.32934
0.3,10,0.2,3,-42.76677,0.3_10,-43.081947,,0.315177
0.3,10,0.205,3,-45.16346,0.3_10,-46.109135,,0.945675
0.3,10,0.21,3,-47.59696,0.3_10,-49.146072,,1.549112
0.3,10,0.215,3,-50.06435,0.3_10,-52.178333,,2.113983
0.3,10,0.22,3,-52.56305,0.3_10,-55.192387,,2.629337
0.3,10,0.225,3,-55.08961,0.3_10,-58.176563,,3.086953
0.3,10,0.23,3,-57.64091,0.3_10,-61.120964,,3.480054
0.3,10,0.235,3,-60.21329,0.3_10,-64.01761,,3.80432
0.3,10,0.24,3,-62.80326,0.3_10,-66.86009,,4.05683
0.3,10,0.245,3,-65.40665,0.3_10,-69.64384,,4.23719
0.3,10,0.25,3,-68.01948,0.3_10,-72.365616,,4.346136
0.3,10,0.255,3,-70.6374,0.3_10,-75.02329,,4.38589
0.3,10,0.26,3,-73.25584,0.3_10,-77.615364,,4.359524
0.3,10,0.265,3,-75.86977,0.3_10,-80.14115,,4.27138
0.3,10,0.27,3,-78.47446,0.3_10,-82.6,,4.12554
0.3,10,0.275,3,-81.0643,0.3_10,-84.991165,,3.926865
0.3,10,0.28,3,-83.63389,0.3_10,-87.314064,,3.680174
0.3,10,0.285,3,-86.17775,0.3_10,-89.56743,,3.38968
0.3,10,0.29,3,-88.68977,0.3_10,-91.74971,,3.05994
0.3,10,0.295,3,-91.16372,0.3_10,-93.858795,,2.695075
0.3,10,0.3,3,-93.59329,0.3_10,-95.89235,,2.29906
0.3,10,0.305,3,-95.97165,0.3_10,-97.84741,,1.87576
0.3,10,0.31,3,-98.29229,0.3_10,-99.72099,,1.4287
0.3,10,0.315,3,-100.54798,0.3_10,-101.51007,,0.96209
0.3,10,0.32,3,-102.7314,0.3_10,-103.21148,,0.48008
0.3,10,0.325,3,-104.83532,0.3_10,-104.82261,,-0.01271
0.3,10,0.33,3,-106.85217,0.3_10,-106.34076,,-0.51141
0.3,10,0.335,3,-108.77395,0.3_10,-107.764,,-1.00995
0.3,10,0.34,3,-110.5932,0.3_10,-109.090546,,-1.502654
0.3,10,0.345,3,-112.30141,0.3_10,-110.31875,,-1.98266
0.3,10,0.35,3,-113.89082,0.3_10,-111.44751,,-2.44331
0.3,10,0.355,3,-115.35301,0.3_10,-112.475365,,-2.877645
0.3,10,0.36,3,-116.67995,0.3_10,-113.40089,,-3.27906
0.3,10,0.365,3,-117.8629,0.3_10,-114.222374,,-3.640526
0.3,10,0.37,3,-118.89384,0.3_10,-114.937546,,-3.956294
0.3,10,0.375,3,-119.76403,0.3_10,-115.5437,,-4.22033
0.3,10,0.38,3,-120.46565,0.3_10,-116.037415,,-4.428235
0.3,10,0.385,3,-120.99006,0.3_10,-116.41434,,-4.57572
0.3,10,0.39,3,-121.32943,0.3_10,-116.669945,,-4.659485
0.3,10,0.395,3,-121.47545,0.3_10,-116.7985,,-4.67695
0.3,10,0.4,3,-121.4205,0.3_10,-116.79372,,-4.62678
0.3,10,0.405,3,-121.15681,0.3_10,-116.64852,,-4.50829
0.3,10,0.41,3,-120.67722,0.3_10,-116.35568,,-4.32154
0.3,10,0.415,3,-119.97443,0.3_10,-115.90692,,-4.06751
0.3,10,0.42,3,-119.04177,0.3_10,-115.294,,-3.74777
0.3,10,0.425,3,-117.87285,0.3_10,-114.50814,,-3.36471
0.3,10,0.43,3,-116.46175,0.3_10,-113.540405,,-2.921345
0.3,10,0.435,3,-114.80331,0.3_10,-112.38177,,-2.42154
0.3,10,0.44,3,-112.8922,0.3_10,-111.02353,,-1.86867
0.3,10,0.445,3,-110.72434,0.3_10,-109.45661,,-1.26773
0.3,10,0.45,3,-108.29601,0.3_10,-107.67214,,-0.62387
0.3,10,0.455,3,-105.60413,0.3_10,-105.66099,,0.05686
0.3,10,0.46,3,-102.64653,0.3_10,-103.41338,,0.76685
0.3,10,0.465,3,-99.42168,0.3_10,-100.918175,,1.496495
0.3,10,0.47,3,-95.92879,0.3_10,-98.16208,,2.23329
0.3,10,0.475,3,-92.16824,0.3_10,-95.12834,,2.9601
0.3,10,0.48,3,-88.14104,0.3_10,-91.79501,,3.65397
0.3,10,0.485,3,-83.84949,0.3_10,-88.13191,,4.28242
0.3,10,0.49,3,-79.2967,0.3_10,-84.09771,,4.80101
0.3,10,0.495,3,-74.48715,0.3_10,-79.63631,,5.14916
0.3,10,0.5,3,-69.42602,0.3_10,-74.67768,,5.25166
0.3,10,0.505,3,-64.12101,0.3_10,-69.15052,,5.02951
0.3,10,0.515,3,-52.80653,0.3_10,-56.293667,,3.487137
0.3,10,0.525,3,-40.62132,0.3_10,-41.455162,,0.833842
0.3,10,0.535,3,-27.66332,0.3_10,-25.284744,,-2.378576
0.3,10,0.545,3,-14.05174,0.3_10,-11.654112,,-2.397628
0.3,10,0.555,3,0.07372,0.3_10,6.9492254,,-6.8755054
0.3,10,0.565,3,14.5521,0.3_10,17.975353,,-3.423253
0.3,10,0.575,3,29.2025,0.3_10,30.53421,,-1.33171
0.3,10,0.585,3,43.82512,0.3_10,45.93394,,-2.10882
0.3,10,0.595,3,58.20375,0.3_10,63.051975,,-4.848225
0.3,10,0.605,3,72.10861,0.3_10,77.99843,,-5.88982
0.3,10,0.615,3,85.29852,0.3_10,89.87279,,-4.57427
0.3,10,0.625,3,97.5261,0.3_10,101.01336,,-3.48726
0.3,10,0.635,3,108.54202,0.3_10,111.432915,,-2.890895
0.3,10,0.645,3,118.10026,0.3_10,120.41281,,-2.31255
0.3,10,0.655,3,125.96417,0.3_10,127.582245,,-1.618075
0.3,10,0.665,3,131.91267,0.3_10,132.81903,,-0.90636
0.3,10,0.675,3,135.74719,0.3_10,136.08078,,-0.33359
0.3,10,0.685,3,137.29843,0.3_10,137.33868,,-0.04025
0.3,10,0.695,3,136.43375,0.3_10,136.55795,,-0.1242
0.3,10,0.705,3,133.06323,0.3_10,133.69499,,-0.63176
0.3,10,0.715,3,127.14728,0.3_10,128.69734,,-1.55006
0.3,10,0.725,3,118.7014,0.3_10,121.50432,,-2.80292
0.3,10,0.735,3,107.80145,0.3_10,112.04869,,-4.24724
0.3,10,0.745,3,94.58753,0.3_10,100.26279,,-5.67526
0.3,10,0.755,3,79.26608,0.3_10,86.090126,,-6.824046
0.3,10,0.765,3,62.11033,0.3_10,69.50754,,-7.39721
0.3,10,0.775,3,43.45832,0.3_10,50.560383,,-7.102063
0.3,10,0.785,3,23.71029,0.3_10,29.416996,,-5.706706
0.3,10,0.795,3,3.32152,0.3_10,6.4448385,,-3.1233185
0.3,10,0.805,3,-17.2058,0.3_10,-17.690302,,0.484502
0.3,10,0.815,3,-37.33371,0.3_10,-41.942425,,4.608715
0.3,10,0.825,3,-56.50171,0.3_10,-64.872055,,8.370345
0.3,10,0.835,3,-74.1421,0.3_10,-84.80599,,10.66389
0.3,10,0.845,3,-89.69798,0.3_10,-100.199036,,10.501056
0.3,10,0.855,3,-102.64218,0.3_10,-110.079956,,7.437776
0.3,10,0.865,3,-112.49637,0.3_10,-114.41062,,1.91425
0.3,10,0.875,3,-118.8525,0.3_10,-114.258835,,-4.593665
0.3,10,0.885,3,-121.39112,0.3_10,-111.63552,,-9.7556
0.3,10,0.895,3,-119.90028,0.3_10,-108.51344,,-11.38684
0.3,10,0.905,3,-114.29205,0.3_10,-105.13377,,-9.15828
0.3,10,0.915,3,-104.61499,0.3_10,-99.33305,,-5.28194
0.3,10,0.925,3,-91.06272,0.3_10,-88.70788,,-2.35484
0.3,10,0.935,3,-73.97827,0.3_10,-73.30466,,-0.67361
0.3,10,0.945,3,-53.85256,0.3_10,-55.110195,,1.257635
0.3,10,0.955,3,-31.31581,0.3_10,-35.697823,,4.382013
0.3,10,0.965,3,-7.12347,0.3_10,-15.82283,,8.69936
0.3,10,0.975,3,17.86473,0.3_10,2.3542986,,15.5104314
0.3,10,0.985,3,42.71364,0.3_10,12.914905,,29.798735
0.3,10,0.995,3,66.44413,0.3_10,14.964898,,51.479232
0.3,10,1.005,3,88.07418,0.3_10,14.476266,,73.597914
0.3,10,1.015,3,106.65807,0.3_10,13.753345,,92.904725
0.3,10,1.025,3,121.33318,0.3_10,13.091369,,108.241811
0.3,10,1.035,3,131.36269,0.3_10,12.525357,,118.837333
0.3,10,1.045,3,136.17812,0.3_10,12.0692,,124.10892
0.3,10,1.055,3,135.41718,0.3_10,11.7208395,,123.6963405
0.3,10,1.065,3,128.95471,0.3_10,11.461127,,117.493583
0.3,10,1.075,3,116.92483,0.3_10,11.267856,,105.656974
0.3,10,1.085,3,99.73125,0.3_10,11.12316,,88.60809
0.3,10,1.095,3,78.04556,0.3_10,11.0144205,,67.0311395
0.3,10,1.105,3,52.79078,0.3_10,10.932519,,41.858261
0.3,10,1.115,3,25.11064,0.3_10,10.870784,,14.239856
0.3,10,1.125,3,-3.6752,0.3_10,10.824111,,-14.499311
0.3,10,1.135,3,-32.13054,0.3_10,10.788585,,-42.919125
0.3,10,1.145,3,-58.77146,0.3_10,10.761264,,-69.532724
0.3,10,1.155,3,-82.14445,0.3_10,10.739985,,-92.884435
0.3,10,1.165,3,-100.90961,0.3_10,10.723187,,-111.632797
0.3,10,1.175,3,-113.92239,0.3_10,10.70971,,-124.6321
0.3,10,1.185,3,-120.31161,0.3_10,10.6988,,-131.01041
0.3,10,1.195,3,-119.54677,0.3_10,10.689698,,-130.236468
0.3,10,1.205,3,-111.48949,0.3_10,10.682084,,-122.171574
0.3,10,1.215,3,-96.42592,0.3_10,10.675601,,-107.101521
0.3,10,1.225,3,-75.07365,0.3_10,10.669961,,-85.743611
0.3,10,1.235,3,-48.56319,0.3_10,10.664987,,-59.228177
0.3,10,1.245,3,-18.39025,0.3_10,10.660579,,-29.050829
0.3,10,1.255,3,13.65829,0.3_10,10.656644,,3.001646
0.3,10,1.265,3,45.6032,0.3_10,10.6530695,,34.9501305
0.3,10,1.275,3,75.39246,0.3_10,10.649802,,64.742658
0.3,10,1.285,3,101.03378,0.3_10,10.646861,,90.386919
0.3,10,1.295,3,120.73254,0.3_10,10.644134,,110.088406
0.3,10,1.305,3,133.02588,0.3_10,10.641576,,122.384304
0.3,10,1.315,3,136.90237,0.3_10,10.639253,,126.263117
0.3,10,1.325,3,131.89847,0.3_10,10.637069,,121.261401
0.3,10,1.335,3,118.16068,0.3_10,10.635016,,107.525664
0.3,10,1.345,3,96.46778,0.3_10,10.633084,,85.834696
0.3,10,1.355,3,68.20777,0.3_10,10.631309,,57.576461
0.3,10,1.365,3,35.30621,0.3_10,10.629645,,24.676565
0.3,10,1.375,3,0.1083,0.3_10,10.62807,,-10.51977
0.3,10,1.385,3,-34.77847,0.3_10,10.626554,,-45.405024
0.3,10,1.395,3,-66.67477,0.3_10,10.625165,,-77.299935
0.3,10,1.405,3,-93.03668,0.3_10,10.623851,,-103.660531
0.3,10,1.415,3,-111.66672,0.3_10,10.622579,,-122.289299
0.3,10,1.425,3,-120.90987,0.3_10,10.621388,,-131.531258
0.3,10,1.435,3,-119.81766,0.3_10,10.620238,,-130.437898
0.3,10,1.445,3,-108.26227,0.3_10,10.61917,,-118.88144
0.3,10,1.455,3,-86.98772,0.3_10,10.618106,,-97.605826
0.3,10,1.465,3,-57.58972,0.3_10,10.617114,,-68.206834
0.3,10,1.475,3,-22.41748,0.3_10,10.616136,,-33.033616
0.3,10,1.485,3,15.59575,0.3_10,10.615191,,4.980559
0.3,10,1.495,3,53.16677,0.3_10,10.614284,,42.552486
0.3,10,1.505,3,86.94218,0.3_10,10.613387,,76.328793
0.3,10,1.515,3,113.80093,0.3_10,10.612571,,103.188359
0.3,10,1.525,3,131.15388,0.3_10,10.611716,,120.542164
0.3,10,1.535,3,137.21112,0.3_10,10.610887,,126.600233
0.3,10,1.545,3,131.18837,0.3_10,10.610078,,120.578292
0.3,10,1.555,3,113.42857,0.3_10,10.609303,,102.819267
0.3,10,1.565,3,85.41973,0.3_10,10.608514,,74.811216
0.3,10,1.575,3,49.70016,0.3_10,10.607785,,39.092375
0.3,10,1.585,3,9.65358,0.3_10,10.607081,,-0.953501
0.3,10,1.595,3,-30.79506,0.3_10,10.606357,,-41.401417
0.3,10,1.605,3,-67.55692,0.3_10,10.60567,,-78.16259
0.3,10,1.615,3,-96.79445,0.3_10,10.604997,,-107.399447
0.3,10,1.625,3,-115.33514,0.3_10,10.604363,,-125.939503
0.3,10,1.635,3,-121.03779,0.3_10,10.603736,,-131.641526
0.3,10,1.645,3,-113.06638,0.3_10,10.60312,,-123.6695
0.3,10,1.655,3,-92.03819,0.3_10,10.602534,,-102.640724
0.3,10,1.665,3,-60.0171,0.3_10,10.60196,,-70.61906
0.3,10,1.675,3,-20.34618,0.3_10,10.601354,,-30.947534
0.3,10,1.685,3,22.67593,0.3_10,10.6008005,,12.0751295
0.3,10,1.695,3,64.24345,0.3_10,10.60028,,53.64317
0.3,10,1.705,3,99.5771,0.3_10,10.599782,,88.977318
0.3,10,1.715,3,124.48145,0.3_10,10.599238,,113.882212
0.3,10,1.725,3,135.8622,0.3_10,10.598725,,125.263475
0.3,10,1.735,3,132.1398,0.3_10,10.5982065,,121.5415935
0.3,10,1.745,3,113.50122,0.3_10,10.597791,,102.903429
0.3,10,1.755,3,81.94872,0.3_10,10.597363,,71.351357
0.3,10,1.765,3,41.12633,0.3_10,10.596879,,30.529451
0.3,10,1.775,3,-4.06678,0.3_10,10.596431,,-14.663211
0.3,10,1.785,3,-48.04256,0.3_10,10.596,,-58.63856
0.3,10,1.795,3,-85.20869,0.3_10,10.595595,,-95.804285
0.3,10,1.805,3,-110.68828,0.3_10,10.595181,,-121.283461
0.3,10,1.815,3,-120.9827,0.3_10,10.594804,,-131.577504
0.3,10,1.825,3,-114.48802,0.3_10,10.594386,,-125.082406
0.3,10,1.835,3,-91.78128,0.3_10,10.594052,,-102.375332
0.3,10,1.845,3,-55.62832,0.3_10,10.593663,,-66.221983
0.3,10,1.855,3,-10.69175,0.3_10,10.593324,,-21.285074
0.3,10,1.865,3,37.03701,0.3_10,10.592946,,26.444064
0.3,10,1.875,3,81.01969,0.3_10,10.592616,,70.427074
0.3,10,1.885,3,115.06454,0.3_10,10.5922785,,104.4722615
0.3,10,1.895,3,134.21759,0.3_10,10.5919485,,123.6256415
0.3,10,1.905,3,135.51572,0.3_10,10.591662,,124.924058
0.3,10,1.915,3,118.48835,0.3_10,10.591332,,107.897018
0.3,10,1.925,3,85.31754,0.3_10,10.5910425,,74.7264975
0.3,10,1.935,3,40.61419,0.3_10,10.590735,,30.023455
0.3,10,1.945,3,-9.17846,0.3_10,10.590476,,-19.768936
0.3,10,1.955,3,-56.68725,0.3_10,10.590196,,-67.277446
0.3,10,1.965,3,-94.69533,0.3_10,10.589925,,-105.285255
0.3,10,1.975,3,-117.25532,0.3_10,10.5896635,,-127.8449835
0.3,10,1.985,3,-120.65724,0.3_10,10.589416,,-131.246656
0.3,10,1.995,3,-104.08936,0.3_10,10.589137,,-114.678497
0.3,10,2.005,3,-69.86859,0.3_10,10.588887,,-80.457477
0.5,10,0,4,7.49838,0.5_10,7.122775,,0.375605
0.5,10,0.005,4,7.44453,0.5_10,6.968602,,0.475928
0.5,10,0.01,4,7.28329,0.5_10,6.7990694,,0.4842206
0.5,10,0.015,4,7.01437,0.5_10,6.6117163,,0.4026537
0.5,10,0.02,4,6.63789,0.5_10,6.4033823,,0.2345077
0.5,10,0.025,4,6.15416,0.5_10,6.170306,,-0.016146
0.5,10,0.03,4,5.56222,0.5_10,5.907542,,-0.345322
0.5,10,0.035,4,4.86306,0.5_10,5.608979,,-0.745919
0.5,10,0.04,4,4.05624,0.5_10,5.2672033,,-1.2109633
0.5,10,0.045,4,3.14199,0.5_10,4.8733425,,-1.7313525
0.5,10,0.05,4,2.12027,0.5_10,4.4169836,,-2.2967136
0.5,10,0.055,4,0.99122,0.5_10,3.8865213,,-2.8953013
0.5,10,0.06,4,-0.24501,0.5_10,3.268362,,-3.513372
0.5,10,0.065,4,-1.58873,0.5_10,2.5468206,,-4.1355506
0.5,10,0.07,4,-3.03959,0.5_10,1.7034779,,-4.7430679
0.5,10,0.075,4,-4.59711,0.5_10,0.71675587,,-5.31386587
0.5,10,0.08,4,-6.26178,0.5_10,-0.43870926,,-5.82307074
0.5,10,0.085,4,-8.03251,0.5_10,-1.7912788,,-6.2412312
0.5,10,0.09,4,-9.90964,0.5_10,-3.3712707,,-6.5383693
0.5,10,0.095,4,-11.89261,0.5_10,-5.206856,,-6.685754
0.5,10,0.1,4,-13.98079,0.5_10,-7.316284,,-6.664506
0.5,10,0.105,4,-16.17395,0.5_10,-9.699242,,-6.474708
0.5,10,0.11,4,-18.47139,0.5_10,-12.332977,,-6.138413
0.5,10,0.115,4,-20.87239,0.5_10,-15.182023,,-5.690367
0.5,10,0.12,4,-23.37644,0.5_10,-18.21401,,-5.16243
0.5,10,0.125,4,-25.9825,0.5_10,-21.408943,,-4.573557
0.5,10,0.13,4,-28.68953,0.5_10,-24.753912,,-3.935618
0.5,10,0.135,4,-31.49634,0.5_10,-28.232117,,-3.264223
0.5,10,0.14,4,-34.40204,0.5_10,-31.817257,,-2.584783
0.5,10,0.145,4,-37.40496,0.5_10,-35.47621,,-1.92875
0.5,10,0.15,4,-40.50354,0.5_10,-39.174507,,-1.329033
0.5,10,0.155,4,-43.69613,0.5_10,-42.883976,,-0.812154
0.5,10,0.16,4,-46.98137,0.5_10,-46.587646,,-0.393724
0.5,10,0.165,4,-50.35656,0.5_10,-50.282055,,-0.074505
0.5,10,0.17,4,-53.81945,0.5_10,-53.97571,,0.15626
0.5,10,0.175,4,-57.36784,0.5_10,-57.686237,,0.318397
0.5,10,0.18,4,-60.99892,0.5_10,-61.435623,,0.436703
0.5,10,0.185,4,-64.70972,0.5_10,-65.24606,,0.53634
0.5,10,0.19,4,-68.49721,0.5_10,-69.13545,,0.63824
0.5,10,0.195,4,-72.35773,0.5_10,-73.1146,,0.75687
0.5,10,0.2,4,-76.28783,0.5_10,-77.18556,,0.89773
0.5,10,0.205,4,-80.28352,0.5_10,-81.34229,,1.05877
0.5,10,0.21,4,-84.34065,0.5_10,-85.5726,,1.23195
0.5,10,0.215,4,-88.45441,0.5_10,-89.86138,,1.40697
0.5,10,0.22,4,-92.62006,0.5_10,-94.193275,,1.573215
0.5,10,0.225,4,-96.83257,0.5_10,-98.55552,,1.72295
0.5,10,0.23,4,-101.08634,0.5_10,-102.93785,,1.85151
0.5,10,0.235,4,-105.37534,0.5_10,-107.33329,,1.95795
0.5,10,0.24,4,-109.69363,0.5_10,-111.73649,,2.04286
0.5,10,0.245,4,-114.03437,0.5_10,-116.14341,,2.10904
0.5,10,0.25,4,-118.39106,0.5_10,-120.55033,,2.15927
0.5,10,0.255,4,-122.75636,0.5_10,-124.953255,,2.196895
0.5,10,0.26,4,-127.12244,0.5_10,-129.34784,,2.2254
0.5,10,0.265,4,-131.48141,0.5_10,-133.7285,,2.24709
0.5,10,0.27,4,-135.82475,0.5_10,-138.08868,,2.26393
0.5,10,0.275,4,-140.14388,0.5_10,-142.42033,,2.27645
0.5,10,0.28,4,-144.42947,0.5_10,-146.7143,,2.28483
0.5,10,0.285,4,-148.67184,0.5_10,-150.95926,,2.28742
0.5,10,0.29,4,-152.86127,0.5_10,-155.14255,,2.28128
0.5,10,0.295,4,-156.98756,0.5_10,-159.24937,,2.26181
0.5,10,0.3,4,-161.03978,0.5_10,-163.26361,,2.22383
0.5,10,0.305,4,-165.00706,0.5_10,-167.1671,,2.16004
0.5,10,0.31,4,-168.8781,0.5_10,-170.94072,,2.06262
0.5,10,0.315,4,-172.64098,0.5_10,-174.56453,,1.92355
0.5,10,0.32,4,-176.28375,0.5_10,-178.01857,,1.73482
0.5,10,0.325,4,-179.79393,0.5_10,-181.28372,,1.48979
0.5,10,0.33,4,-183.159,0.5_10,-184.3425,,1.1835
0.5,10,0.335,4,-186.36617,0.5_10,-187.17934,,0.81317
0.5,10,0.34,4,-189.40199,0.5_10,-189.78232,,0.38033
0.5,10,0.345,4,-192.25325,0.5_10,-192.14246,,-0.11079
0.5,10,0.35,4,-194.90645,0.5_10,-194.2543,,-0.65215
0.5,10,0.355,4,-197.34787,0.5_10,-196.11537,,-1.2325
0.5,10,0.36,4,-199.56352,0.5_10,-197.726,,-1.83752
0.5,10,0.365,4,-201.5397,0.5_10,-199.08792,,-2.45178
0.5,10,0.37,4,-203.26231,0.5_10,-200.20366,,-3.05865
0.5,10,0.375,4,-204.71759,0.5_10,-201.076,,-3.64159
0.5,10,0.38,4,-205.89174,0.5_10,-201.70667,,-4.18507
0.5,10,0.385,4,-206.77058,0.5_10,-202.09607,,-4.67451
0.5,10,0.39,4,-207.34114,0.5_10,-202.24254,,-5.0986
0.5,10,0.395,4,-207.58977,0.5_10,-202.14255,,-5.44722
0.5,10,0.4,4,-207.50331,0.5_10,-201.79034,,-5.71297
0.5,10,0.405,4,-207.06917,0.5_10,-201.17787,,-5.8913
0.5,10,0.41,4,-206.27489,0.5_10,-200.2948,,-5.98009
0.5,10,0.415,4,-205.10899,0.5_10,-199.12933,,-5.97966
0.5,10,0.42,4,-203.56017,0.5_10,-197.66713,,-5.89304
0.5,10,0.425,4,-201.61749,0.5_10,-195.89302,,-5.72447
0.5,10,0.43,4,-199.27145,0.5_10,-193.79004,,-5.48141
0.5,10,0.435,4,-196.51289,0.5_10,-191.3408,,-5.17209
0.5,10,0.44,4,-193.33362,0.5_10,-188.52774,,-4.80588
0.5,10,0.445,4,-189.72655,0.5_10,-185.33359,,-4.39296
0.5,10,0.45,4,-185.68526,0.5_10,-181.74205,,-3.94321
0.5,10,0.455,4,-181.20488,0.5_10,-177.73868,,-3.4662
0.5,10,0.46,4,-176.28157,0.5_10,-173.31133,,-2.97024
0.5,10,0.465,4,-170.91284,0.5_10,-168.45049,,-2.46235
0.5,10,0.47,4,-165.09763,0.5_10,-163.14966,,-1.94797
0.5,10,0.475,4,-158.83643,0.5_10,-157.40514,,-1.43129
0.5,10,0.48,4,-152.13092,0.5_10,-151.21628,,-0.91464
0.5,10,0.485,4,-144.98503,0.5_10,-144.58508,,-0.39995
0.5,10,0.49,4,-137.40379,0.5_10,-137.51523,,0.11144
0.5,10,0.495,4,-129.39458,0.5_10,-130.01152,,0.61694
0.5,10,0.5,4,-120.96608,0.5_10,-122.07917,,1.11309
0.5,10,0.505,4,-112.12939,0.5_10,-113.72343,,1.59404
0.5,10,0.515,4,-93.287,0.5_10,-95.64367,,2.35667
0.5,10,0.525,4,-72.99327,0.5_10,-75.060585,,2.067315
0.5,10,0.535,4,-51.41257,0.5_10,-55.240505,,3.827935
0.5,10,0.545,4,-28.74275,0.5_10,-39.79121,,11.04846
0.5,10,0.555,4,-5.2171,0.5_10,-16.522776,,11.305676
0.5,10,0.565,4,18.89634,0.5_10,17.662773,,1.233567
0.5,10,0.575,4,43.29586,0.5_10,42.331944,,0.963916
0.5,10,0.585,4,67.64916,0.5_10,73.584145,,-5.934985
0.5,10,0.595,4,91.59602,0.5_10,97.29436,,-5.69834
0.5,10,0.605,4,114.75266,0.5_10,117.49237,,-2.73971
0.5,10,0.615,4,136.71823,0.5_10,136.52083,,0.1974
0.5,10,0.625,4,157.08049,0.5_10,154.24332,,2.83717
0.5,10,0.635,4,175.42406,0.5_10,170.57945,,4.84461
0.5,10,0.645,4,191.33939,0.5_10,185.39406,,5.94533
0.5,10,0.655,4,204.43243,0.5_10,198.32658,,6.10585
0.5,10,0.665,4,214.33511,0.5_10,208.84996,,5.48515
0.5,10,0.675,4,220.71681,0.5_10,216.36026,,4.35655
0.5,10,0.685,4,223.29556,0.5_10,220.25858,,3.03698
0.5,10,0.695,4,221.85031,0.5_10,220.02411,,1.8262
0.5,10,0.705,4,216.2323,0.5_10,215.2731,,0.9592
0.5,10,0.715,4,206.37465,0.5_10,205.80037,,0.57428
0.5,10,0.725,4,192.30367,0.5_10,191.60439,,0.69928
0.5,10,0.735,4,174.14589,0.5_10,172.90051,,1.24538
0.5,10,0.745,4,152.13457,0.5_10,150.10869,,2.02588
0.5,10,0.755,4,126.61351,0.5_10,123.814835,,2.798675
0.5,10,0.765,4,98.03769,0.5_10,94.70975,,3.32794
0.5,10,0.775,4,66.97104,0.5_10,63.516743,,3.454297
0.5,10,0.785,4,34.07942,0.5_10,30.935822,,3.143598
0.5,10,0.795,4,0.12145,0.5_10,-2.388236,,2.509686
0.5,10,0.805,4,-34.06597,0.5_10,-35.84698,,1.78101
0.5,10,0.815,4,-67.58646,0.5_10,-68.79965,,1.21319
0.5,10,0.825,4,-99.50597,0.5_10,-100.440834,,0.934864
0.5,10,0.835,4,-128.87862,0.5_10,-129.65215,,0.77353
0.5,10,0.845,4,-154.77638,0.5_10,-154.96039,,0.18401
0.5,10,0.855,4,-176.3205,0.5_10,-174.84668,,-1.47382
0.5,10,0.865,4,-192.714,0.5_10,-188.44475,,-4.26925
0.5,10,0.875,4,-203.27643,0.5_10,-196.09776,,-7.17867
0.5,10,0.885,4,-207.47572,0.5_10,-199.03642,,-8.4393
0.5,10,0.895,4,-204.95934,0.5_10,-198.3389,,-6.62044
0.5,10,0.905,4,-195.58046,0.5_10,-193.83736,,-1.7431
0.5,10,0.915,4,-179.42055,0.5_10,-183.50517,,4.08462
0.5,10,0.925,4,-156.8033,0.5_10,-164.36282,,7.55952
0.5,10,0.935,4,-128.30128,0.5_10,-135.00623,,6.70495
0.5,10,0.945,4,-94.73339,0.5_10,-97.381996,,2.648606
0.5,10,0.955,4,-57.15122,0.5_10,-55.849934,,-1.301286
0.5,10,0.965,4,-16.81481,0.5_10,-20.520393,,3.705583
0.5,10,0.975,4,24.84268,0.5_10,2.2578459,,22.5848341
0.5,10,0.985,4,66.26157,0.5_10,13.194957,,53.066613
0.5,10,0.995,4,105.81059,0.5_10,14.986148,,90.824442
0.5,10,1.005,4,141.85248,0.5_10,14.448724,,127.403756
0.5,10,1.015,4,172.81184,0.5_10,13.750085,,159.061755
0.5,10,1.025,4,197.25146,0.5_10,13.124442,,184.127018
0.5,10,1.035,4,213.9442,0.5_10,12.589374,,201.354826
0.5,10,1.045,4,221.94377,0.5_10,12.153203,,209.790567
0.5,10,1.055,4,220.64702,0.5_10,11.814311,,208.832709
0.5,10,1.065,4,209.84633,0.5_10,11.557494,,198.288836
0.5,10,1.075,4,189.76492,0.5_10,11.363927,,178.400993
0.5,10,1.085,4,161.07622,0.5_10,11.217603,,149.858617
0.5,10,1.095,4,124.89926,0.5_10,11.106456,,113.792804
0.5,10,1.105,4,82.77272,0.5_10,11.0218,,71.75092
0.5,10,1.115,4,36.6022,0.5_10,10.957168,,25.645032
0.5,10,1.125,4,-11.41269,0.5_10,10.907741,,-22.320431
0.5,10,1.135,4,-58.87778,0.5_10,10.869695,,-69.747475
0.5,10,1.145,4,-103.31889,0.5_10,10.840199,,-114.159089
0.5,10,1.155,4,-142.31294,0.5_10,10.816955,,-153.129895
0.5,10,1.165,4,-173.62485,0.5_10,10.798375,,-184.423225
0.5,10,1.175,4,-195.34573,0.5_10,10.783385,,-206.129115
0.5,10,1.185,4,-206.022,0.5_10,10.771115,,-216.793115
0.5,10,1.195,4,-204.7682,0.5_10,10.7608595,,-215.5290595
0.5,10,1.205,4,-191.35284,0.5_10,10.7522135,,-202.1050535
0.5,10,1.215,4,-166.25237,0.5_10,10.744828,,-176.997198
0.5,10,1.225,4,-130.66289,0.5_10,10.7383795,,-141.4012695
0.5,10,1.235,4,-86.46891,0.5_10,10.732667,,-97.201577
0.5,10,1.245,4,-36.16427,0.5_10,10.727553,,-46.891823
0.5,10,1.255,4,17.27221,0.5_10,10.722989,,6.549221
0.5,10,1.265,4,70.54117,0.5_10,10.718717,,59.822453
0.5,10,1.275,4,120.22203,0.5_10,10.714801,,109.507229
0.5,10,1.285,4,162.99396,0.5_10,10.711213,,152.282747
0.5,10,1.295,4,195.86621,0.5_10,10.707816,,185.158394
0.5,10,1.305,4,216.40036,0.5_10,10.70465,,205.69571
0.5,10,1.315,4,222.91077,0.5_10,10.701707,,212.209063
0.5,10,1.325,4,214.62354,0.5_10,10.698855,,203.924685
0.5,10,1.335,4,191.78175,0.5_10,10.696168,,181.085582
0.5,10,1.345,4,155.68176,0.5_10,10.69366,,144.9881
0.5,10,1.355,4,108.63367,0.5_10,10.691215,,97.942455
0.5,10,1.365,4,53.8442,0.5_10,10.688909,,43.155291
0.5,10,1.375,4,-4.78081,0.5_10,10.686666,,-15.467476
0.5,10,1.385,4,-62.89778,0.5_10,10.68455,,-73.58233
0.5,10,1.395,4,-116.04214,0.5_10,10.682517,,-126.724657
0.5,10,1.405,4,-159.97412,0.5_10,10.6805315,,-170.6546515
0.5,10,1.415,4,-191.03087,0.5_10,10.678628,,-201.709498
0.5,10,1.425,4,-206.45255,0.5_10,10.676816,,-217.129366
0.5,10,1.435,4,-204.65674,0.5_10,10.67505,,-215.33179
0.5,10,1.445,4,-185.42912,0.5_10,10.673369,,-196.102489
0.5,10,1.455,4,-150.00926,0.5_10,10.671716,,-160.680976
0.5,10,1.465,4,-101.05586,0.5_10,10.670184,,-111.726044
0.5,10,1.475,4,-42.48434,0.5_10,10.668672,,-53.153012
0.5,10,1.485,4,20.81698,0.5_10,10.667188,,10.149792
0.5,10,1.495,4,83.37724,0.5_10,10.665774,,72.711466
0.5,10,1.505,4,139.60948,0.5_10,10.66443,,128.94505
0.5,10,1.515,4,184.31461,0.5_10,10.663091,,173.651519
0.5,10,1.525,4,213.18053,0.5_10,10.661784,,202.518746
0.5,10,1.535,4,223.22743,0.5_10,10.66055,,212.56688
0.5,10,1.545,4,213.15067,0.5_10,10.659339,,202.491331
0.5,10,1.555,4,183.52321,0.5_10,10.658111,,172.865099
0.5,10,1.565,4,136.82564,0.5_10,10.656962,,126.168678
0.5,10,1.575,4,77.28816,0.5_10,10.655808,,66.632352
0.5,10,1.585,4,10.54906,0.5_10,10.654729,,-0.105669
0.5,10,1.595,4,-56.85046,0.5_10,10.65364,,-67.5041
0.5,10,1.605,4,-118.09602,0.5_10,10.65252,,-128.74854
0.5,10,1.615,4,-166.79152,0.5_10,10.651486,,-177.443006
0.5,10,1.625,4,-197.64897,0.5_10,10.650468,,-208.299438
0.5,10,1.635,4,-207.09946,0.5_10,10.649398,,-217.748858
0.5,10,1.645,4,-193.75082,0.5_10,10.648395,,-204.399215
0.5,10,1.655,4,-158.63365,0.5_10,10.64741,,-169.28106
0.5,10,1.665,4,-105.19246,0.5_10,10.646449,,-115.838909
0.5,10,1.675,4,-39.00303,0.5_10,10.645513,,-49.648543
0.5,10,1.685,4,32.76445,0.5_10,10.644561,,22.119889
0.5,10,1.695,4,102.09634,0.5_10,10.643643,,91.452697
0.5,10,1.705,4,161.0246,0.5_10,10.642739,,150.381861
0.5,10,1.715,4,202.55594,0.5_10,10.6418295,,191.9141105
0.5,10,1.725,4,221.53307,0.5_10,10.640979,,210.892091
0.5,10,1.735,4,215.32442,0.5_10,10.640117,,204.684303
0.5,10,1.745,4,184.24232,0.5_10,10.63927,,173.60305
0.5,10,1.755,4,131.62361,0.5_10,10.638463,,120.985147
0.5,10,1.765,4,63.54157,0.5_10,10.637618,,52.903952
0.5,10,1.775,4,-11.83808,0.5_10,10.636842,,-22.474922
0.5,10,1.785,4,-85.19984,0.5_10,10.636012,,-95.835852
0.5,10,1.795,4,-147.21918,0.5_10,10.63527,,-157.85445
0.5,10,1.805,4,-189.76268,0.5_10,10.634532,,-200.397212
0.5,10,1.815,4,-206.9937,0.5_10,10.63375,,-217.62745
0.5,10,1.825,4,-196.23381,0.5_10,10.633058,,-206.866868
0.5,10,1.835,4,-158.44144,0.5_10,10.632308,,-169.073748
0.5,10,1.845,4,-98.22546,0.5_10,10.631629,,-108.857089
0.5,10,1.855,4,-23.35679,0.5_10,10.630925,,-33.987715
0.5,10,1.865,4,56.17884,0.5_10,10.630242,,45.548598
0.5,10,1.875,4,129.48442,0.5_10,10.629561,,118.854859
0.5,10,1.885,4,186.24179,0.5_10,10.628911,,175.612879
0.5,10,1.895,4,218.19586,0.5_10,10.628257,,207.567603
0.5,10,1.905,4,220.40924,0.5_10,10.627603,,209.781637
0.5,10,1.915,4,192.09639,0.5_10,10.627,,181.46939
0.5,10,1.925,4,136.89008,0.5_10,10.62637,,126.26371
0.5,10,1.935,4,62.46883,0.5_10,10.625749,,51.843081
0.5,10,1.945,4,-20.4352,0.5_10,10.625152,,-31.060352
0.5,10,1.955,4,-99.54002,0.5_10,10.624566,,-110.164586
0.5,10,1.965,4,-162.82198,0.5_10,10.62399,,-173.44597
0.5,10,1.975,4,-200.37141,0.5_10,10.623401,,-210.994811
0.5,10,1.985,4,-206.00633,0.5_10,10.622851,,-216.629181
0.5,10,1.995,4,-178.37526,0.5_10,10.622308,,-188.997568
0.5,10,2.005,4,-121.34238,0.5_10,10.621728,,-131.964108
